dispatch_id,module_name,vmfb_path,mlir_path,mean_time,mean_unit,mean_time_ns,returncode,log_path,source,op,shape,cycles,implementation,cell_class,exclusion_reason
0,moonshine$dispatch_0_conv2d_s8,,,1000000000,us,1000000000000,0,,excluded_unmeasured,conv2d_s8,N=1;IC=1;IH=1;IW=64000;OC=288;OH=1;OW=999;KH=1;KW=127;SH=1;SW=64;PH=0;PW=0,,,excluded_unmeasured,"the roccmoon kernel #includes a hart-0-executable fallback body, so this cell is physically possible -- but no board run in this tree has measured it, and inventing a number here would be fiction"
1,moonshine$dispatch_1_tanh_s8,,,1000000000,us,1000000000000,0,,excluded_unmeasured,tanh_s8,n=287712,,,excluded_unmeasured,"the roccmoon kernel #includes a hart-0-executable fallback body, so this cell is physically possible -- but no board run in this tree has measured it, and inventing a number here would be fiction"
2,moonshine$dispatch_2_groupnorm_s8,,,101.172144190,ms,101172144.190,0,,board_measured_b1_scaled_by_measured_region_factor_0.9932,groupnorm_s8,N=1;C=288;H=1;W=999,4046886,pext_int_rsqrt[curated[pext_nl]],measured,
3,moonshine$dispatch_3_conv2d_s8,,,1000000000,us,1000000000000,0,,excluded_unmeasured,conv2d_s8,N=1;IC=288;IH=1;IW=999;OC=576;OH=1;OW=331;KH=1;KW=7;SH=1;SW=3;PH=0;PW=0,,,excluded_unmeasured,"the roccmoon kernel #includes a hart-0-executable fallback body, so this cell is physically possible -- but no board run in this tree has measured it, and inventing a number here would be fiction"
4,moonshine$dispatch_4_gelu_s8,,,1000000000,us,1000000000000,0,,excluded_unmeasured,gelu_s8,n=190656,,,excluded_unmeasured,"the roccmoon kernel #includes a hart-0-executable fallback body, so this cell is physically possible -- but no board run in this tree has measured it, and inventing a number here would be fiction"
5,moonshine$dispatch_5_conv2d_s8,,,1000000000,us,1000000000000,0,,excluded_unmeasured,conv2d_s8,N=1;IC=576;IH=1;IW=331;OC=288;OH=1;OW=165;KH=1;KW=3;SH=1;SW=2;PH=0;PW=0,,,excluded_unmeasured,"the roccmoon kernel #includes a hart-0-executable fallback body, so this cell is physically possible -- but no board run in this tree has measured it, and inventing a number here would be fiction"
6,moonshine$dispatch_6_gelu_s8,,,1000000000,us,1000000000000,0,,excluded_unmeasured,gelu_s8,n=47520,,,excluded_unmeasured,"the roccmoon kernel #includes a hart-0-executable fallback body, so this cell is physically possible -- but no board run in this tree has measured it, and inventing a number here would be fiction"
7,moonshine$dispatch_7_permute4_s8,,,10.192441870,ms,10192441.870,0,,board_measured_b1_scaled_by_measured_region_factor_0.9932,permute4_s8,d0=1;d1=288;d2=1;d3=165;p0=0;p1=2;p2=3;p3=1,407698,pext_block[curated[pext_nl]],measured,
8,moonshine$dispatch_8_layernorm_pc_s8,,,1000000000,us,1000000000000,0,,excluded_unmeasured,layernorm_pc_s8,M=165;K=288,,,excluded_unmeasured,"the roccmoon kernel #includes a hart-0-executable fallback body, so this cell is physically possible -- but no board run in this tree has measured it, and inventing a number here would be fiction"
9,moonshine$dispatch_9_linear_s8,,,1000000000,us,1000000000000,0,,excluded_unmeasured,linear_s8,M=165;K=288;N=288,,,excluded_unmeasured,"the roccmoon kernel #includes a hart-0-executable fallback body, so this cell is physically possible -- but no board run in this tree has measured it, and inventing a number here would be fiction"
10,moonshine$dispatch_10_linear_s8,,,1000000000,us,1000000000000,0,,excluded_unmeasured,linear_s8,M=165;K=288;N=288,,,excluded_unmeasured,"the roccmoon kernel #includes a hart-0-executable fallback body, so this cell is physically possible -- but no board run in this tree has measured it, and inventing a number here would be fiction"
11,moonshine$dispatch_11_linear_s8,,,1000000000,us,1000000000000,0,,excluded_unmeasured,linear_s8,M=165;K=288;N=288,,,excluded_unmeasured,"the roccmoon kernel #includes a hart-0-executable fallback body, so this cell is physically possible -- but no board run in this tree has measured it, and inventing a number here would be fiction"
12,moonshine$dispatch_12_rope_s8,,,27.714799060,ms,27714799.060,0,,board_measured_b1_scaled_by_measured_region_factor_0.9932,rope_s8,T=165;H=8;D=36;R=32,1108592,pext_int_rot[curated[pext_nl]],measured,
13,moonshine$dispatch_13_rope_s8,,,27.930373120,ms,27930373.120,0,,board_measured_b1_scaled_by_measured_region_factor_0.9932,rope_s8,T=165;H=8;D=36;R=32,1117215,pext_int_rot[curated[pext_nl]],measured,
14,moonshine$dispatch_14_permute4_s8,,,4.406331800,ms,4406331.800,0,,board_measured_b1_scaled_by_measured_region_factor_0.9932,permute4_s8,d0=1;d1=165;d2=8;d3=36;p0=0;p1=2;p2=1;p3=3,176253,pext_block[curated[pext_nl]],measured,
15,moonshine$dispatch_15_permute4_s8,,,4.386145010,ms,4386145.010,0,,board_measured_b1_scaled_by_measured_region_factor_0.9932,permute4_s8,d0=1;d1=165;d2=8;d3=36;p0=0;p1=2;p2=1;p3=3,175446,pext_block[curated[pext_nl]],measured,
16,moonshine$dispatch_16_permute4_s8,,,4.389795020,ms,4389795.020,0,,board_measured_b1_scaled_by_measured_region_factor_0.9932,permute4_s8,d0=1;d1=165;d2=8;d3=36;p0=0;p1=2;p2=1;p3=3,175592,pext_block[curated[pext_nl]],measured,
17,moonshine$dispatch_17_attention_s8,,,1000000000,us,1000000000000,0,,excluded_unmeasured,attention_s8,B=8;M=165;Dk=36;S=165;Dv=36,,,excluded_unmeasured,"the roccmoon kernel #includes a hart-0-executable fallback body, so this cell is physically possible -- but no board run in this tree has measured it, and inventing a number here would be fiction"
18,moonshine$dispatch_18_permute4_s8,,,3.746722850,ms,3746722.850,0,,board_measured_b1_scaled_by_measured_region_factor_0.9932,permute4_s8,d0=1;d1=8;d2=165;d3=36;p0=0;p1=2;p2=1;p3=3,149869,pext_block[curated[pext_nl]],measured,
19,moonshine$dispatch_19_linear_s8,,,1000000000,us,1000000000000,0,,excluded_unmeasured,linear_s8,M=165;K=288;N=288,,,excluded_unmeasured,"the roccmoon kernel #includes a hart-0-executable fallback body, so this cell is physically possible -- but no board run in this tree has measured it, and inventing a number here would be fiction"
20,moonshine$dispatch_20_add_s8,,,17.219853300,ms,17219853.300,0,,board_measured_b1_scaled_by_measured_region_factor_0.9932,add_s8,n=47520,688794,pext_int_add[curated[pext_nl]],measured,
21,moonshine$dispatch_21_layernorm_pc_s8,,,1000000000,us,1000000000000,0,,excluded_unmeasured,layernorm_pc_s8,M=165;K=288,,,excluded_unmeasured,"the roccmoon kernel #includes a hart-0-executable fallback body, so this cell is physically possible -- but no board run in this tree has measured it, and inventing a number here would be fiction"
22,moonshine$dispatch_22_linear_s8,,,1000000000,us,1000000000000,0,,excluded_unmeasured,linear_s8,M=165;K=288;N=1152,,,excluded_unmeasured,"the roccmoon kernel #includes a hart-0-executable fallback body, so this cell is physically possible -- but no board run in this tree has measured it, and inventing a number here would be fiction"
23,moonshine$dispatch_23_gelu_s8,,,1000000000,us,1000000000000,0,,excluded_unmeasured,gelu_s8,n=190080,,,excluded_unmeasured,"the roccmoon kernel #includes a hart-0-executable fallback body, so this cell is physically possible -- but no board run in this tree has measured it, and inventing a number here would be fiction"
24,moonshine$dispatch_24_linear_s8,,,1000000000,us,1000000000000,0,,excluded_unmeasured,linear_s8,M=165;K=1152;N=288,,,excluded_unmeasured,"the roccmoon kernel #includes a hart-0-executable fallback body, so this cell is physically possible -- but no board run in this tree has measured it, and inventing a number here would be fiction"
25,moonshine$dispatch_25_add_s8,,,17.291885130,ms,17291885.130,0,,board_measured_b1_scaled_by_measured_region_factor_0.9932,add_s8,n=47520,691675,pext_int_add[curated[pext_nl]],measured,
26,moonshine$dispatch_26_layernorm_pc_s8,,,1000000000,us,1000000000000,0,,excluded_unmeasured,layernorm_pc_s8,M=165;K=288,,,excluded_unmeasured,"the roccmoon kernel #includes a hart-0-executable fallback body, so this cell is physically possible -- but no board run in this tree has measured it, and inventing a number here would be fiction"
27,moonshine$dispatch_27_linear_s8,,,1000000000,us,1000000000000,0,,excluded_unmeasured,linear_s8,M=165;K=288;N=288,,,excluded_unmeasured,"the roccmoon kernel #includes a hart-0-executable fallback body, so this cell is physically possible -- but no board run in this tree has measured it, and inventing a number here would be fiction"
28,moonshine$dispatch_28_linear_s8,,,1000000000,us,1000000000000,0,,excluded_unmeasured,linear_s8,M=165;K=288;N=288,,,excluded_unmeasured,"the roccmoon kernel #includes a hart-0-executable fallback body, so this cell is physically possible -- but no board run in this tree has measured it, and inventing a number here would be fiction"
29,moonshine$dispatch_29_linear_s8,,,1000000000,us,1000000000000,0,,excluded_unmeasured,linear_s8,M=165;K=288;N=288,,,excluded_unmeasured,"the roccmoon kernel #includes a hart-0-executable fallback body, so this cell is physically possible -- but no board run in this tree has measured it, and inventing a number here would be fiction"
30,moonshine$dispatch_30_rope_s8,,,27.883618230,ms,27883618.230,0,,board_measured_b1_scaled_by_measured_region_factor_0.9932,rope_s8,T=165;H=8;D=36;R=32,1115345,pext_int_rot[curated[pext_nl]],measured,
31,moonshine$dispatch_31_rope_s8,,,27.905468630,ms,27905468.630,0,,board_measured_b1_scaled_by_measured_region_factor_0.9932,rope_s8,T=165;H=8;D=36;R=32,1116219,pext_int_rot[curated[pext_nl]],measured,
32,moonshine$dispatch_32_permute4_s8,,,4.387709300,ms,4387709.300,0,,board_measured_b1_scaled_by_measured_region_factor_0.9932,permute4_s8,d0=1;d1=165;d2=8;d3=36;p0=0;p1=2;p2=1;p3=3,175508,pext_block[curated[pext_nl]],measured,
33,moonshine$dispatch_33_permute4_s8,,,4.375915050,ms,4375915.050,0,,board_measured_b1_scaled_by_measured_region_factor_0.9932,permute4_s8,d0=1;d1=165;d2=8;d3=36;p0=0;p1=2;p2=1;p3=3,175037,pext_block[curated[pext_nl]],measured,
34,moonshine$dispatch_34_permute4_s8,,,4.377479340,ms,4377479.340,0,,board_measured_b1_scaled_by_measured_region_factor_0.9932,permute4_s8,d0=1;d1=165;d2=8;d3=36;p0=0;p1=2;p2=1;p3=3,175099,pext_block[curated[pext_nl]],measured,
35,moonshine$dispatch_35_attention_s8,,,1000000000,us,1000000000000,0,,excluded_unmeasured,attention_s8,B=8;M=165;Dk=36;S=165;Dv=36,,,excluded_unmeasured,"the roccmoon kernel #includes a hart-0-executable fallback body, so this cell is physically possible -- but no board run in this tree has measured it, and inventing a number here would be fiction"
36,moonshine$dispatch_36_permute4_s8,,,3.746002780,ms,3746002.780,0,,board_measured_b1_scaled_by_measured_region_factor_0.9932,permute4_s8,d0=1;d1=8;d2=165;d3=36;p0=0;p1=2;p2=1;p3=3,149840,pext_block[curated[pext_nl]],measured,
37,moonshine$dispatch_37_linear_s8,,,1000000000,us,1000000000000,0,,excluded_unmeasured,linear_s8,M=165;K=288;N=288,,,excluded_unmeasured,"the roccmoon kernel #includes a hart-0-executable fallback body, so this cell is physically possible -- but no board run in this tree has measured it, and inventing a number here would be fiction"
38,moonshine$dispatch_38_add_s8,,,17.225415220,ms,17225415.220,0,,board_measured_b1_scaled_by_measured_region_factor_0.9932,add_s8,n=47520,689017,pext_int_add[curated[pext_nl]],measured,
39,moonshine$dispatch_39_layernorm_pc_s8,,,1000000000,us,1000000000000,0,,excluded_unmeasured,layernorm_pc_s8,M=165;K=288,,,excluded_unmeasured,"the roccmoon kernel #includes a hart-0-executable fallback body, so this cell is physically possible -- but no board run in this tree has measured it, and inventing a number here would be fiction"
40,moonshine$dispatch_40_linear_s8,,,1000000000,us,1000000000000,0,,excluded_unmeasured,linear_s8,M=165;K=288;N=1152,,,excluded_unmeasured,"the roccmoon kernel #includes a hart-0-executable fallback body, so this cell is physically possible -- but no board run in this tree has measured it, and inventing a number here would be fiction"
41,moonshine$dispatch_41_gelu_s8,,,1000000000,us,1000000000000,0,,excluded_unmeasured,gelu_s8,n=190080,,,excluded_unmeasured,"the roccmoon kernel #includes a hart-0-executable fallback body, so this cell is physically possible -- but no board run in this tree has measured it, and inventing a number here would be fiction"
42,moonshine$dispatch_42_linear_s8,,,1000000000,us,1000000000000,0,,excluded_unmeasured,linear_s8,M=165;K=1152;N=288,,,excluded_unmeasured,"the roccmoon kernel #includes a hart-0-executable fallback body, so this cell is physically possible -- but no board run in this tree has measured it, and inventing a number here would be fiction"
43,moonshine$dispatch_43_add_s8,,,17.204731830,ms,17204731.830,0,,board_measured_b1_scaled_by_measured_region_factor_0.9932,add_s8,n=47520,688189,pext_int_add[curated[pext_nl]],measured,
44,moonshine$dispatch_44_layernorm_pc_s8,,,1000000000,us,1000000000000,0,,excluded_unmeasured,layernorm_pc_s8,M=165;K=288,,,excluded_unmeasured,"the roccmoon kernel #includes a hart-0-executable fallback body, so this cell is physically possible -- but no board run in this tree has measured it, and inventing a number here would be fiction"
45,moonshine$dispatch_45_linear_s8,,,1000000000,us,1000000000000,0,,excluded_unmeasured,linear_s8,M=165;K=288;N=288,,,excluded_unmeasured,"the roccmoon kernel #includes a hart-0-executable fallback body, so this cell is physically possible -- but no board run in this tree has measured it, and inventing a number here would be fiction"
46,moonshine$dispatch_46_linear_s8,,,1000000000,us,1000000000000,0,,excluded_unmeasured,linear_s8,M=165;K=288;N=288,,,excluded_unmeasured,"the roccmoon kernel #includes a hart-0-executable fallback body, so this cell is physically possible -- but no board run in this tree has measured it, and inventing a number here would be fiction"
47,moonshine$dispatch_47_linear_s8,,,1000000000,us,1000000000000,0,,excluded_unmeasured,linear_s8,M=165;K=288;N=288,,,excluded_unmeasured,"the roccmoon kernel #includes a hart-0-executable fallback body, so this cell is physically possible -- but no board run in this tree has measured it, and inventing a number here would be fiction"
48,moonshine$dispatch_48_rope_s8,,,27.934221770,ms,27934221.770,0,,board_measured_b1_scaled_by_measured_region_factor_0.9932,rope_s8,T=165;H=8;D=36;R=32,1117369,pext_int_rot[curated[pext_nl]],measured,
49,moonshine$dispatch_49_rope_s8,,,27.827204470,ms,27827204.470,0,,board_measured_b1_scaled_by_measured_region_factor_0.9932,rope_s8,T=165;H=8;D=36;R=32,1113088,pext_int_rot[curated[pext_nl]],measured,
50,moonshine$dispatch_50_permute4_s8,,,4.427164170,ms,4427164.170,0,,board_measured_b1_scaled_by_measured_region_factor_0.9932,permute4_s8,d0=1;d1=165;d2=8;d3=36;p0=0;p1=2;p2=1;p3=3,177087,pext_block[curated[pext_nl]],measured,
51,moonshine$dispatch_51_permute4_s8,,,4.380881050,ms,4380881.050,0,,board_measured_b1_scaled_by_measured_region_factor_0.9932,permute4_s8,d0=1;d1=165;d2=8;d3=36;p0=0;p1=2;p2=1;p3=3,175235,pext_block[curated[pext_nl]],measured,
52,moonshine$dispatch_52_permute4_s8,,,4.391930400,ms,4391930.400,0,,board_measured_b1_scaled_by_measured_region_factor_0.9932,permute4_s8,d0=1;d1=165;d2=8;d3=36;p0=0;p1=2;p2=1;p3=3,175677,pext_block[curated[pext_nl]],measured,
53,moonshine$dispatch_53_attention_s8,,,1000000000,us,1000000000000,0,,excluded_unmeasured,attention_s8,B=8;M=165;Dk=36;S=165;Dv=36,,,excluded_unmeasured,"the roccmoon kernel #includes a hart-0-executable fallback body, so this cell is physically possible -- but no board run in this tree has measured it, and inventing a number here would be fiction"
54,moonshine$dispatch_54_permute4_s8,,,3.736592210,ms,3736592.210,0,,board_measured_b1_scaled_by_measured_region_factor_0.9932,permute4_s8,d0=1;d1=8;d2=165;d3=36;p0=0;p1=2;p2=1;p3=3,149464,pext_block[curated[pext_nl]],measured,
55,moonshine$dispatch_55_linear_s8,,,1000000000,us,1000000000000,0,,excluded_unmeasured,linear_s8,M=165;K=288;N=288,,,excluded_unmeasured,"the roccmoon kernel #includes a hart-0-executable fallback body, so this cell is physically possible -- but no board run in this tree has measured it, and inventing a number here would be fiction"
56,moonshine$dispatch_56_add_s8,,,17.421472900,ms,17421472.900,0,,board_measured_b1_scaled_by_measured_region_factor_0.9932,add_s8,n=47520,696859,pext_int_add[curated[pext_nl]],measured,
57,moonshine$dispatch_57_layernorm_pc_s8,,,1000000000,us,1000000000000,0,,excluded_unmeasured,layernorm_pc_s8,M=165;K=288,,,excluded_unmeasured,"the roccmoon kernel #includes a hart-0-executable fallback body, so this cell is physically possible -- but no board run in this tree has measured it, and inventing a number here would be fiction"
58,moonshine$dispatch_58_linear_s8,,,1000000000,us,1000000000000,0,,excluded_unmeasured,linear_s8,M=165;K=288;N=1152,,,excluded_unmeasured,"the roccmoon kernel #includes a hart-0-executable fallback body, so this cell is physically possible -- but no board run in this tree has measured it, and inventing a number here would be fiction"
59,moonshine$dispatch_59_gelu_s8,,,1000000000,us,1000000000000,0,,excluded_unmeasured,gelu_s8,n=190080,,,excluded_unmeasured,"the roccmoon kernel #includes a hart-0-executable fallback body, so this cell is physically possible -- but no board run in this tree has measured it, and inventing a number here would be fiction"
60,moonshine$dispatch_60_linear_s8,,,1000000000,us,1000000000000,0,,excluded_unmeasured,linear_s8,M=165;K=1152;N=288,,,excluded_unmeasured,"the roccmoon kernel #includes a hart-0-executable fallback body, so this cell is physically possible -- but no board run in this tree has measured it, and inventing a number here would be fiction"
61,moonshine$dispatch_61_add_s8,,,18.747742520,ms,18747742.520,0,,board_measured_b1_scaled_by_measured_region_factor_0.9932,add_s8,n=47520,749910,pext_int_add[curated[pext_nl]],measured,
62,moonshine$dispatch_62_layernorm_pc_s8,,,1000000000,us,1000000000000,0,,excluded_unmeasured,layernorm_pc_s8,M=165;K=288,,,excluded_unmeasured,"the roccmoon kernel #includes a hart-0-executable fallback body, so this cell is physically possible -- but no board run in this tree has measured it, and inventing a number here would be fiction"
63,moonshine$dispatch_63_linear_s8,,,1000000000,us,1000000000000,0,,excluded_unmeasured,linear_s8,M=165;K=288;N=288,,,excluded_unmeasured,"the roccmoon kernel #includes a hart-0-executable fallback body, so this cell is physically possible -- but no board run in this tree has measured it, and inventing a number here would be fiction"
64,moonshine$dispatch_64_linear_s8,,,1000000000,us,1000000000000,0,,excluded_unmeasured,linear_s8,M=165;K=288;N=288,,,excluded_unmeasured,"the roccmoon kernel #includes a hart-0-executable fallback body, so this cell is physically possible -- but no board run in this tree has measured it, and inventing a number here would be fiction"
65,moonshine$dispatch_65_linear_s8,,,1000000000,us,1000000000000,0,,excluded_unmeasured,linear_s8,M=165;K=288;N=288,,,excluded_unmeasured,"the roccmoon kernel #includes a hart-0-executable fallback body, so this cell is physically possible -- but no board run in this tree has measured it, and inventing a number here would be fiction"
66,moonshine$dispatch_66_rope_s8,,,27.815931650,ms,27815931.650,0,,board_measured_b1_scaled_by_measured_region_factor_0.9932,rope_s8,T=165;H=8;D=36;R=32,1112637,pext_int_rot[curated[pext_nl]],measured,
67,moonshine$dispatch_67_rope_s8,,,27.832691900,ms,27832691.900,0,,board_measured_b1_scaled_by_measured_region_factor_0.9932,rope_s8,T=165;H=8;D=36;R=32,1113308,pext_int_rot[curated[pext_nl]],measured,
68,moonshine$dispatch_68_permute4_s8,,,4.388379710,ms,4388379.710,0,,board_measured_b1_scaled_by_measured_region_factor_0.9932,permute4_s8,d0=1;d1=165;d2=8;d3=36;p0=0;p1=2;p2=1;p3=3,175535,pext_block[curated[pext_nl]],measured,
69,moonshine$dispatch_69_permute4_s8,,,4.337974810,ms,4337974.810,0,,board_measured_b1_scaled_by_measured_region_factor_0.9932,permute4_s8,d0=1;d1=165;d2=8;d3=36;p0=0;p1=2;p2=1;p3=3,173519,pext_block[curated[pext_nl]],measured,
70,moonshine$dispatch_70_permute4_s8,,,4.376883420,ms,4376883.420,0,,board_measured_b1_scaled_by_measured_region_factor_0.9932,permute4_s8,d0=1;d1=165;d2=8;d3=36;p0=0;p1=2;p2=1;p3=3,175075,pext_block[curated[pext_nl]],measured,
71,moonshine$dispatch_71_attention_s8,,,1000000000,us,1000000000000,0,,excluded_unmeasured,attention_s8,B=8;M=165;Dk=36;S=165;Dv=36,,,excluded_unmeasured,"the roccmoon kernel #includes a hart-0-executable fallback body, so this cell is physically possible -- but no board run in this tree has measured it, and inventing a number here would be fiction"
72,moonshine$dispatch_72_permute4_s8,,,3.715139090,ms,3715139.090,0,,board_measured_b1_scaled_by_measured_region_factor_0.9932,permute4_s8,d0=1;d1=8;d2=165;d3=36;p0=0;p1=2;p2=1;p3=3,148606,pext_block[curated[pext_nl]],measured,
73,moonshine$dispatch_73_linear_s8,,,1000000000,us,1000000000000,0,,excluded_unmeasured,linear_s8,M=165;K=288;N=288,,,excluded_unmeasured,"the roccmoon kernel #includes a hart-0-executable fallback body, so this cell is physically possible -- but no board run in this tree has measured it, and inventing a number here would be fiction"
74,moonshine$dispatch_74_add_s8,,,17.216004650,ms,17216004.650,0,,board_measured_b1_scaled_by_measured_region_factor_0.9932,add_s8,n=47520,688640,pext_int_add[curated[pext_nl]],measured,
75,moonshine$dispatch_75_layernorm_pc_s8,,,1000000000,us,1000000000000,0,,excluded_unmeasured,layernorm_pc_s8,M=165;K=288,,,excluded_unmeasured,"the roccmoon kernel #includes a hart-0-executable fallback body, so this cell is physically possible -- but no board run in this tree has measured it, and inventing a number here would be fiction"
76,moonshine$dispatch_76_linear_s8,,,1000000000,us,1000000000000,0,,excluded_unmeasured,linear_s8,M=165;K=288;N=1152,,,excluded_unmeasured,"the roccmoon kernel #includes a hart-0-executable fallback body, so this cell is physically possible -- but no board run in this tree has measured it, and inventing a number here would be fiction"
77,moonshine$dispatch_77_gelu_s8,,,1000000000,us,1000000000000,0,,excluded_unmeasured,gelu_s8,n=190080,,,excluded_unmeasured,"the roccmoon kernel #includes a hart-0-executable fallback body, so this cell is physically possible -- but no board run in this tree has measured it, and inventing a number here would be fiction"
78,moonshine$dispatch_78_linear_s8,,,1000000000,us,1000000000000,0,,excluded_unmeasured,linear_s8,M=165;K=1152;N=288,,,excluded_unmeasured,"the roccmoon kernel #includes a hart-0-executable fallback body, so this cell is physically possible -- but no board run in this tree has measured it, and inventing a number here would be fiction"
79,moonshine$dispatch_79_add_s8,,,17.220796840,ms,17220796.840,0,,board_measured_b1_scaled_by_measured_region_factor_0.9932,add_s8,n=47520,688832,pext_int_add[curated[pext_nl]],measured,
80,moonshine$dispatch_80_layernorm_pc_s8,,,1000000000,us,1000000000000,0,,excluded_unmeasured,layernorm_pc_s8,M=165;K=288,,,excluded_unmeasured,"the roccmoon kernel #includes a hart-0-executable fallback body, so this cell is physically possible -- but no board run in this tree has measured it, and inventing a number here would be fiction"
81,moonshine$dispatch_81_linear_s8,,,1000000000,us,1000000000000,0,,excluded_unmeasured,linear_s8,M=165;K=288;N=288,,,excluded_unmeasured,"the roccmoon kernel #includes a hart-0-executable fallback body, so this cell is physically possible -- but no board run in this tree has measured it, and inventing a number here would be fiction"
82,moonshine$dispatch_82_linear_s8,,,1000000000,us,1000000000000,0,,excluded_unmeasured,linear_s8,M=165;K=288;N=288,,,excluded_unmeasured,"the roccmoon kernel #includes a hart-0-executable fallback body, so this cell is physically possible -- but no board run in this tree has measured it, and inventing a number here would be fiction"
83,moonshine$dispatch_83_linear_s8,,,1000000000,us,1000000000000,0,,excluded_unmeasured,linear_s8,M=165;K=288;N=288,,,excluded_unmeasured,"the roccmoon kernel #includes a hart-0-executable fallback body, so this cell is physically possible -- but no board run in this tree has measured it, and inventing a number here would be fiction"
84,moonshine$dispatch_84_rope_s8,,,27.890595460,ms,27890595.460,0,,board_measured_b1_scaled_by_measured_region_factor_0.9932,rope_s8,T=165;H=8;D=36;R=32,1115624,pext_int_rot[curated[pext_nl]],measured,
85,moonshine$dispatch_85_rope_s8,,,27.870532820,ms,27870532.820,0,,board_measured_b1_scaled_by_measured_region_factor_0.9932,rope_s8,T=165;H=8;D=36;R=32,1114821,pext_int_rot[curated[pext_nl]],measured,
86,moonshine$dispatch_86_permute4_s8,,,4.382370850,ms,4382370.850,0,,board_measured_b1_scaled_by_measured_region_factor_0.9932,permute4_s8,d0=1;d1=165;d2=8;d3=36;p0=0;p1=2;p2=1;p3=3,175295,pext_block[curated[pext_nl]],measured,
87,moonshine$dispatch_87_permute4_s8,,,4.382470170,ms,4382470.170,0,,board_measured_b1_scaled_by_measured_region_factor_0.9932,permute4_s8,d0=1;d1=165;d2=8;d3=36;p0=0;p1=2;p2=1;p3=3,175299,pext_block[curated[pext_nl]],measured,
88,moonshine$dispatch_88_permute4_s8,,,4.379043630,ms,4379043.630,0,,board_measured_b1_scaled_by_measured_region_factor_0.9932,permute4_s8,d0=1;d1=165;d2=8;d3=36;p0=0;p1=2;p2=1;p3=3,175162,pext_block[curated[pext_nl]],measured,
89,moonshine$dispatch_89_attention_s8,,,1000000000,us,1000000000000,0,,excluded_unmeasured,attention_s8,B=8;M=165;Dk=36;S=165;Dv=36,,,excluded_unmeasured,"the roccmoon kernel #includes a hart-0-executable fallback body, so this cell is physically possible -- but no board run in this tree has measured it, and inventing a number here would be fiction"
90,moonshine$dispatch_90_permute4_s8,,,3.719782300,ms,3719782.300,0,,board_measured_b1_scaled_by_measured_region_factor_0.9932,permute4_s8,d0=1;d1=8;d2=165;d3=36;p0=0;p1=2;p2=1;p3=3,148791,pext_block[curated[pext_nl]],measured,
91,moonshine$dispatch_91_linear_s8,,,1000000000,us,1000000000000,0,,excluded_unmeasured,linear_s8,M=165;K=288;N=288,,,excluded_unmeasured,"the roccmoon kernel #includes a hart-0-executable fallback body, so this cell is physically possible -- but no board run in this tree has measured it, and inventing a number here would be fiction"
92,moonshine$dispatch_92_add_s8,,,17.214539680,ms,17214539.680,0,,board_measured_b1_scaled_by_measured_region_factor_0.9932,add_s8,n=47520,688582,pext_int_add[curated[pext_nl]],measured,
93,moonshine$dispatch_93_layernorm_pc_s8,,,1000000000,us,1000000000000,0,,excluded_unmeasured,layernorm_pc_s8,M=165;K=288,,,excluded_unmeasured,"the roccmoon kernel #includes a hart-0-executable fallback body, so this cell is physically possible -- but no board run in this tree has measured it, and inventing a number here would be fiction"
94,moonshine$dispatch_94_linear_s8,,,1000000000,us,1000000000000,0,,excluded_unmeasured,linear_s8,M=165;K=288;N=1152,,,excluded_unmeasured,"the roccmoon kernel #includes a hart-0-executable fallback body, so this cell is physically possible -- but no board run in this tree has measured it, and inventing a number here would be fiction"
95,moonshine$dispatch_95_gelu_s8,,,1000000000,us,1000000000000,0,,excluded_unmeasured,gelu_s8,n=190080,,,excluded_unmeasured,"the roccmoon kernel #includes a hart-0-executable fallback body, so this cell is physically possible -- but no board run in this tree has measured it, and inventing a number here would be fiction"
96,moonshine$dispatch_96_linear_s8,,,1000000000,us,1000000000000,0,,excluded_unmeasured,linear_s8,M=165;K=1152;N=288,,,excluded_unmeasured,"the roccmoon kernel #includes a hart-0-executable fallback body, so this cell is physically possible -- but no board run in this tree has measured it, and inventing a number here would be fiction"
97,moonshine$dispatch_97_add_s8,,,17.275571820,ms,17275571.820,0,,board_measured_b1_scaled_by_measured_region_factor_0.9932,add_s8,n=47520,691023,pext_int_add[curated[pext_nl]],measured,
98,moonshine$dispatch_98_layernorm_pc_s8,,,1000000000,us,1000000000000,0,,excluded_unmeasured,layernorm_pc_s8,M=165;K=288,,,excluded_unmeasured,"the roccmoon kernel #includes a hart-0-executable fallback body, so this cell is physically possible -- but no board run in this tree has measured it, and inventing a number here would be fiction"
99,moonshine$dispatch_99_linear_s8,,,1000000000,us,1000000000000,0,,excluded_unmeasured,linear_s8,M=165;K=288;N=288,,,excluded_unmeasured,"the roccmoon kernel #includes a hart-0-executable fallback body, so this cell is physically possible -- but no board run in this tree has measured it, and inventing a number here would be fiction"
100,moonshine$dispatch_100_linear_s8,,,1000000000,us,1000000000000,0,,excluded_unmeasured,linear_s8,M=165;K=288;N=288,,,excluded_unmeasured,"the roccmoon kernel #includes a hart-0-executable fallback body, so this cell is physically possible -- but no board run in this tree has measured it, and inventing a number here would be fiction"
101,moonshine$dispatch_101_linear_s8,,,1000000000,us,1000000000000,0,,excluded_unmeasured,linear_s8,M=165;K=288;N=288,,,excluded_unmeasured,"the roccmoon kernel #includes a hart-0-executable fallback body, so this cell is physically possible -- but no board run in this tree has measured it, and inventing a number here would be fiction"
102,moonshine$dispatch_102_rope_s8,,,27.844635130,ms,27844635.130,0,,board_measured_b1_scaled_by_measured_region_factor_0.9932,rope_s8,T=165;H=8;D=36;R=32,1113785,pext_int_rot[curated[pext_nl]],measured,
103,moonshine$dispatch_103_rope_s8,,,27.772777110,ms,27772777.110,0,,board_measured_b1_scaled_by_measured_region_factor_0.9932,rope_s8,T=165;H=8;D=36;R=32,1110911,pext_int_rot[curated[pext_nl]],measured,
104,moonshine$dispatch_104_permute4_s8,,,4.404196420,ms,4404196.420,0,,board_measured_b1_scaled_by_measured_region_factor_0.9932,permute4_s8,d0=1;d1=165;d2=8;d3=36;p0=0;p1=2;p2=1;p3=3,176168,pext_block[curated[pext_nl]],measured,
105,moonshine$dispatch_105_permute4_s8,,,4.399528380,ms,4399528.380,0,,board_measured_b1_scaled_by_measured_region_factor_0.9932,permute4_s8,d0=1;d1=165;d2=8;d3=36;p0=0;p1=2;p2=1;p3=3,175981,pext_block[curated[pext_nl]],measured,
106,moonshine$dispatch_106_permute4_s8,,,4.381427310,ms,4381427.310,0,,board_measured_b1_scaled_by_measured_region_factor_0.9932,permute4_s8,d0=1;d1=165;d2=8;d3=36;p0=0;p1=2;p2=1;p3=3,175257,pext_block[curated[pext_nl]],measured,
107,moonshine$dispatch_107_attention_s8,,,1000000000,us,1000000000000,0,,excluded_unmeasured,attention_s8,B=8;M=165;Dk=36;S=165;Dv=36,,,excluded_unmeasured,"the roccmoon kernel #includes a hart-0-executable fallback body, so this cell is physically possible -- but no board run in this tree has measured it, and inventing a number here would be fiction"
108,moonshine$dispatch_108_permute4_s8,,,3.750546670,ms,3750546.670,0,,board_measured_b1_scaled_by_measured_region_factor_0.9932,permute4_s8,d0=1;d1=8;d2=165;d3=36;p0=0;p1=2;p2=1;p3=3,150022,pext_block[curated[pext_nl]],measured,
109,moonshine$dispatch_109_linear_s8,,,1000000000,us,1000000000000,0,,excluded_unmeasured,linear_s8,M=165;K=288;N=288,,,excluded_unmeasured,"the roccmoon kernel #includes a hart-0-executable fallback body, so this cell is physically possible -- but no board run in this tree has measured it, and inventing a number here would be fiction"
110,moonshine$dispatch_110_add_s8,,,17.285354840,ms,17285354.840,0,,board_measured_b1_scaled_by_measured_region_factor_0.9932,add_s8,n=47520,691414,pext_int_add[curated[pext_nl]],measured,
111,moonshine$dispatch_111_layernorm_pc_s8,,,1000000000,us,1000000000000,0,,excluded_unmeasured,layernorm_pc_s8,M=165;K=288,,,excluded_unmeasured,"the roccmoon kernel #includes a hart-0-executable fallback body, so this cell is physically possible -- but no board run in this tree has measured it, and inventing a number here would be fiction"
112,moonshine$dispatch_112_linear_s8,,,1000000000,us,1000000000000,0,,excluded_unmeasured,linear_s8,M=165;K=288;N=1152,,,excluded_unmeasured,"the roccmoon kernel #includes a hart-0-executable fallback body, so this cell is physically possible -- but no board run in this tree has measured it, and inventing a number here would be fiction"
113,moonshine$dispatch_113_gelu_s8,,,1000000000,us,1000000000000,0,,excluded_unmeasured,gelu_s8,n=190080,,,excluded_unmeasured,"the roccmoon kernel #includes a hart-0-executable fallback body, so this cell is physically possible -- but no board run in this tree has measured it, and inventing a number here would be fiction"
114,moonshine$dispatch_114_linear_s8,,,1000000000,us,1000000000000,0,,excluded_unmeasured,linear_s8,M=165;K=1152;N=288,,,excluded_unmeasured,"the roccmoon kernel #includes a hart-0-executable fallback body, so this cell is physically possible -- but no board run in this tree has measured it, and inventing a number here would be fiction"
115,moonshine$dispatch_115_add_s8,,,17.225464880,ms,17225464.880,0,,board_measured_b1_scaled_by_measured_region_factor_0.9932,add_s8,n=47520,689019,pext_int_add[curated[pext_nl]],measured,
116,moonshine$dispatch_116_layernorm_pc_s8,,,1000000000,us,1000000000000,0,,excluded_unmeasured,layernorm_pc_s8,M=165;K=288,,,excluded_unmeasured,"the roccmoon kernel #includes a hart-0-executable fallback body, so this cell is physically possible -- but no board run in this tree has measured it, and inventing a number here would be fiction"
117,moonshine$dispatch_117_linear_s8,,,1000000000,us,1000000000000,0,,excluded_unmeasured,linear_s8,M=165;K=288;N=288,,,excluded_unmeasured,"the roccmoon kernel #includes a hart-0-executable fallback body, so this cell is physically possible -- but no board run in this tree has measured it, and inventing a number here would be fiction"
118,moonshine$dispatch_118_linear_s8,,,1000000000,us,1000000000000,0,,excluded_unmeasured,linear_s8,M=165;K=288;N=288,,,excluded_unmeasured,"the roccmoon kernel #includes a hart-0-executable fallback body, so this cell is physically possible -- but no board run in this tree has measured it, and inventing a number here would be fiction"
119,moonshine$dispatch_119_linear_s8,,,1000000000,us,1000000000000,0,,excluded_unmeasured,linear_s8,M=165;K=288;N=288,,,excluded_unmeasured,"the roccmoon kernel #includes a hart-0-executable fallback body, so this cell is physically possible -- but no board run in this tree has measured it, and inventing a number here would be fiction"
120,moonshine$dispatch_120_linear_s8,,,1000000000,us,1000000000000,0,,excluded_unmeasured,linear_s8,M=165;K=288;N=288,,,excluded_unmeasured,"the roccmoon kernel #includes a hart-0-executable fallback body, so this cell is physically possible -- but no board run in this tree has measured it, and inventing a number here would be fiction"
121,moonshine$dispatch_121_linear_s8,,,1000000000,us,1000000000000,0,,excluded_unmeasured,linear_s8,M=165;K=288;N=288,,,excluded_unmeasured,"the roccmoon kernel #includes a hart-0-executable fallback body, so this cell is physically possible -- but no board run in this tree has measured it, and inventing a number here would be fiction"
122,moonshine$dispatch_122_linear_s8,,,1000000000,us,1000000000000,0,,excluded_unmeasured,linear_s8,M=165;K=288;N=288,,,excluded_unmeasured,"the roccmoon kernel #includes a hart-0-executable fallback body, so this cell is physically possible -- but no board run in this tree has measured it, and inventing a number here would be fiction"
123,moonshine$dispatch_123_linear_s8,,,1000000000,us,1000000000000,0,,excluded_unmeasured,linear_s8,M=165;K=288;N=288,,,excluded_unmeasured,"the roccmoon kernel #includes a hart-0-executable fallback body, so this cell is physically possible -- but no board run in this tree has measured it, and inventing a number here would be fiction"
124,moonshine$dispatch_124_linear_s8,,,1000000000,us,1000000000000,0,,excluded_unmeasured,linear_s8,M=165;K=288;N=288,,,excluded_unmeasured,"the roccmoon kernel #includes a hart-0-executable fallback body, so this cell is physically possible -- but no board run in this tree has measured it, and inventing a number here would be fiction"
125,moonshine$dispatch_125_linear_s8,,,1000000000,us,1000000000000,0,,excluded_unmeasured,linear_s8,M=165;K=288;N=288,,,excluded_unmeasured,"the roccmoon kernel #includes a hart-0-executable fallback body, so this cell is physically possible -- but no board run in this tree has measured it, and inventing a number here would be fiction"
126,moonshine$dispatch_126_linear_s8,,,1000000000,us,1000000000000,0,,excluded_unmeasured,linear_s8,M=165;K=288;N=288,,,excluded_unmeasured,"the roccmoon kernel #includes a hart-0-executable fallback body, so this cell is physically possible -- but no board run in this tree has measured it, and inventing a number here would be fiction"
127,moonshine$dispatch_127_linear_s8,,,1000000000,us,1000000000000,0,,excluded_unmeasured,linear_s8,M=165;K=288;N=288,,,excluded_unmeasured,"the roccmoon kernel #includes a hart-0-executable fallback body, so this cell is physically possible -- but no board run in this tree has measured it, and inventing a number here would be fiction"
128,moonshine$dispatch_128_linear_s8,,,1000000000,us,1000000000000,0,,excluded_unmeasured,linear_s8,M=165;K=288;N=288,,,excluded_unmeasured,"the roccmoon kernel #includes a hart-0-executable fallback body, so this cell is physically possible -- but no board run in this tree has measured it, and inventing a number here would be fiction"
129,moonshine$dispatch_129_layernorm_s8,,,0.482567783,ms,482567.783,0,,board_measured_b1_scaled_by_measured_region_factor_0.5883,layernorm_s8,M=1;K=288,19303,pext_int_rsqrt[curated[pext_nl]],measured,
130,moonshine$dispatch_130_linear_s8,,,1000000000,us,1000000000000,0,,excluded_unmeasured,linear_s8,M=1;K=288;N=288,,,excluded_unmeasured,"the roccmoon kernel #includes a hart-0-executable fallback body, so this cell is physically possible -- but no board run in this tree has measured it, and inventing a number here would be fiction"
131,moonshine$dispatch_131_rope_s8,,,0.134720700,ms,134720.700,0,,board_measured_b1_scaled_by_measured_region_factor_0.5883,rope_s8,T=1;H=8;D=36;R=32,5389,pext_int_rot[curated[pext_nl]],measured,
132,moonshine$dispatch_132_linear_s8,,,1000000000,us,1000000000000,0,,excluded_unmeasured,linear_s8,M=1;K=288;N=288,,,excluded_unmeasured,"the roccmoon kernel #includes a hart-0-executable fallback body, so this cell is physically possible -- but no board run in this tree has measured it, and inventing a number here would be fiction"
133,moonshine$dispatch_133_rope_s8,,,0.117189360,ms,117189.360,0,,board_measured_b1_scaled_by_measured_region_factor_0.5883,rope_s8,T=1;H=8;D=36;R=32,4688,pext_int_rot[curated[pext_nl]],measured,
134,moonshine$dispatch_134_linear_s8,,,1000000000,us,1000000000000,0,,excluded_unmeasured,linear_s8,M=1;K=288;N=288,,,excluded_unmeasured,"the roccmoon kernel #includes a hart-0-executable fallback body, so this cell is physically possible -- but no board run in this tree has measured it, and inventing a number here would be fiction"
135,moonshine$dispatch_135_matmul_b_s8,,,0.126955140,ms,126955.140,0,,board_measured_b1_scaled_by_measured_region_factor_0.5883,matmul_b_s8,B=8;M=1;K=36;N=1;transpose_b=1,5078,pext_dot8_exact[curated[pext_nl]],measured,
136,moonshine$dispatch_136_softmax_s8,,,0.138985875,ms,138985.875,0,,board_measured_b1_scaled_by_measured_region_factor_0.5883,softmax_s8,M=8;K=1,5559,pext_int_memo2[curated[pext_nl]],measured,
137,moonshine$dispatch_137_matmul_b_s8,,,0.272221118,ms,272221.118,0,,board_measured_b1_scaled_by_measured_region_factor_0.5883,matmul_b_s8,B=8;M=1;K=1;N=36;transpose_b=0,10889,pext_dot8_exact[curated[pext_nl]],measured,
138,moonshine$dispatch_138_linear_s8,,,1000000000,us,1000000000000,0,,excluded_unmeasured,linear_s8,M=1;K=288;N=288,,,excluded_unmeasured,"the roccmoon kernel #includes a hart-0-executable fallback body, so this cell is physically possible -- but no board run in this tree has measured it, and inventing a number here would be fiction"
139,moonshine$dispatch_139_add_s8,,,0.086715420,ms,86715.420,0,,board_measured_b1_scaled_by_measured_region_factor_0.5883,add_s8,n=288,3469,pext_int_add[curated[pext_nl]],measured,
140,moonshine$dispatch_140_layernorm_s8,,,0.469301618,ms,469301.618,0,,board_measured_b1_scaled_by_measured_region_factor_0.5883,layernorm_s8,M=1;K=288,18772,pext_int_rsqrt[curated[pext_nl]],measured,
141,moonshine$dispatch_141_linear_s8,,,1000000000,us,1000000000000,0,,excluded_unmeasured,linear_s8,M=1;K=288;N=288,,,excluded_unmeasured,"the roccmoon kernel #includes a hart-0-executable fallback body, so this cell is physically possible -- but no board run in this tree has measured it, and inventing a number here would be fiction"
142,moonshine$dispatch_142_permute4_s8,,,2.559325613,ms,2559325.613,0,,board_measured_b1_scaled_by_measured_region_factor_0.5883,permute4_s8,d0=1;d1=165;d2=8;d3=36;p0=0;p1=2;p2=1;p3=3,102373,pext_block[curated[pext_nl]],measured,
143,moonshine$dispatch_143_permute4_s8,,,6.172017083,ms,6172017.083,0,,board_measured_b1_scaled_by_measured_region_factor_0.5883,permute4_s8,d0=1;d1=165;d2=8;d3=36;p0=0;p1=2;p2=3;p3=1,246881,pext_block[curated[pext_nl]],measured,
144,moonshine$dispatch_144_matmul_b_s8,,,1.738588283,ms,1738588.282,0,,board_measured_b1_scaled_by_measured_region_factor_0.5883,matmul_b_s8,B=8;M=1;K=36;N=165;transpose_b=1,69544,pext_dot8_exact[curated[pext_nl]],measured,
145,moonshine$dispatch_145_softmax_s8,,,1.208294663,ms,1208294.663,0,,board_measured_b1_scaled_by_measured_region_factor_0.5883,softmax_s8,M=8;K=165,48332,pext_int_memo2[curated[pext_nl]],measured,
146,moonshine$dispatch_146_matmul_b_s8,,,1.496649908,ms,1496649.908,0,,board_measured_b1_scaled_by_measured_region_factor_0.5883,matmul_b_s8,B=8;M=1;K=165;N=36;transpose_b=1,59866,pext_dot8_exact[curated[pext_nl]],measured,
147,moonshine$dispatch_147_linear_s8,,,1000000000,us,1000000000000,0,,excluded_unmeasured,linear_s8,M=1;K=288;N=288,,,excluded_unmeasured,"the roccmoon kernel #includes a hart-0-executable fallback body, so this cell is physically possible -- but no board run in this tree has measured it, and inventing a number here would be fiction"
148,moonshine$dispatch_148_add_s8,,,0.085935923,ms,85935.923,0,,board_measured_b1_scaled_by_measured_region_factor_0.5883,add_s8,n=288,3437,pext_int_add[curated[pext_nl]],measured,
149,moonshine$dispatch_149_layernorm_s8,,,0.465301177,ms,465301.177,0,,board_measured_b1_scaled_by_measured_region_factor_0.5883,layernorm_s8,M=1;K=288,18612,pext_int_rsqrt[curated[pext_nl]],measured,
150,moonshine$dispatch_150_linear_s8,,,1000000000,us,1000000000000,0,,excluded_unmeasured,linear_s8,M=1;K=288;N=1152,,,excluded_unmeasured,"the roccmoon kernel #includes a hart-0-executable fallback body, so this cell is physically possible -- but no board run in this tree has measured it, and inventing a number here would be fiction"
151,moonshine$dispatch_151_silu_s8,,,0.773540963,ms,773540.963,0,,board_measured_b1_scaled_by_measured_region_factor_0.5883,silu_s8,n=1152,30942,pext_int_lut[curated[pext_nl]],measured,
152,moonshine$dispatch_152_linear_s8,,,1000000000,us,1000000000000,0,,excluded_unmeasured,linear_s8,M=1;K=288;N=1152,,,excluded_unmeasured,"the roccmoon kernel #includes a hart-0-executable fallback body, so this cell is physically possible -- but no board run in this tree has measured it, and inventing a number here would be fiction"
153,moonshine$dispatch_153_mul_s8,,,0.725932785,ms,725932.785,0,,board_measured_b1_scaled_by_measured_region_factor_0.5883,mul_s8,n=1152,29037,pext_int_mul[curated[pext_nl]],measured,
154,moonshine$dispatch_154_linear_s8,,,1000000000,us,1000000000000,0,,excluded_unmeasured,linear_s8,M=1;K=1152;N=288,,,excluded_unmeasured,"the roccmoon kernel #includes a hart-0-executable fallback body, so this cell is physically possible -- but no board run in this tree has measured it, and inventing a number here would be fiction"
155,moonshine$dispatch_155_add_s8,,,0.080052923,ms,80052.923,0,,board_measured_b1_scaled_by_measured_region_factor_0.5883,add_s8,n=288,3202,pext_int_add[curated[pext_nl]],measured,
156,moonshine$dispatch_156_layernorm_s8,,,0.471963675,ms,471963.675,0,,board_measured_b1_scaled_by_measured_region_factor_0.5883,layernorm_s8,M=1;K=288,18879,pext_int_rsqrt[curated[pext_nl]],measured,
157,moonshine$dispatch_157_linear_s8,,,1000000000,us,1000000000000,0,,excluded_unmeasured,linear_s8,M=1;K=288;N=288,,,excluded_unmeasured,"the roccmoon kernel #includes a hart-0-executable fallback body, so this cell is physically possible -- but no board run in this tree has measured it, and inventing a number here would be fiction"
158,moonshine$dispatch_158_rope_s8,,,0.135456075,ms,135456.075,0,,board_measured_b1_scaled_by_measured_region_factor_0.5883,rope_s8,T=1;H=8;D=36;R=32,5418,pext_int_rot[curated[pext_nl]],measured,
159,moonshine$dispatch_159_linear_s8,,,1000000000,us,1000000000000,0,,excluded_unmeasured,linear_s8,M=1;K=288;N=288,,,excluded_unmeasured,"the roccmoon kernel #includes a hart-0-executable fallback body, so this cell is physically possible -- but no board run in this tree has measured it, and inventing a number here would be fiction"
160,moonshine$dispatch_160_rope_s8,,,0.119366070,ms,119366.070,0,,board_measured_b1_scaled_by_measured_region_factor_0.5883,rope_s8,T=1;H=8;D=36;R=32,4775,pext_int_rot[curated[pext_nl]],measured,
161,moonshine$dispatch_161_linear_s8,,,1000000000,us,1000000000000,0,,excluded_unmeasured,linear_s8,M=1;K=288;N=288,,,excluded_unmeasured,"the roccmoon kernel #includes a hart-0-executable fallback body, so this cell is physically possible -- but no board run in this tree has measured it, and inventing a number here would be fiction"
162,moonshine$dispatch_162_matmul_b_s8,,,0.120689745,ms,120689.745,0,,board_measured_b1_scaled_by_measured_region_factor_0.5883,matmul_b_s8,B=8;M=1;K=36;N=1;transpose_b=1,4828,pext_dot8_exact[curated[pext_nl]],measured,
163,moonshine$dispatch_163_softmax_s8,,,0.138927045,ms,138927.045,0,,board_measured_b1_scaled_by_measured_region_factor_0.5883,softmax_s8,M=8;K=1,5557,pext_int_memo2[curated[pext_nl]],measured,
164,moonshine$dispatch_164_matmul_b_s8,,,0.270412095,ms,270412.095,0,,board_measured_b1_scaled_by_measured_region_factor_0.5883,matmul_b_s8,B=8;M=1;K=1;N=36;transpose_b=0,10816,pext_dot8_exact[curated[pext_nl]],measured,
165,moonshine$dispatch_165_linear_s8,,,1000000000,us,1000000000000,0,,excluded_unmeasured,linear_s8,M=1;K=288;N=288,,,excluded_unmeasured,"the roccmoon kernel #includes a hart-0-executable fallback body, so this cell is physically possible -- but no board run in this tree has measured it, and inventing a number here would be fiction"
166,moonshine$dispatch_166_add_s8,,,0.082464953,ms,82464.953,0,,board_measured_b1_scaled_by_measured_region_factor_0.5883,add_s8,n=288,3299,pext_int_add[curated[pext_nl]],measured,
167,moonshine$dispatch_167_layernorm_s8,,,0.469242788,ms,469242.788,0,,board_measured_b1_scaled_by_measured_region_factor_0.5883,layernorm_s8,M=1;K=288,18770,pext_int_rsqrt[curated[pext_nl]],measured,
168,moonshine$dispatch_168_linear_s8,,,1000000000,us,1000000000000,0,,excluded_unmeasured,linear_s8,M=1;K=288;N=288,,,excluded_unmeasured,"the roccmoon kernel #includes a hart-0-executable fallback body, so this cell is physically possible -- but no board run in this tree has measured it, and inventing a number here would be fiction"
169,moonshine$dispatch_169_permute4_s8,,,2.560546335,ms,2560546.335,0,,board_measured_b1_scaled_by_measured_region_factor_0.5883,permute4_s8,d0=1;d1=165;d2=8;d3=36;p0=0;p1=2;p2=1;p3=3,102422,pext_block[curated[pext_nl]],measured,
170,moonshine$dispatch_170_permute4_s8,,,6.165163388,ms,6165163.388,0,,board_measured_b1_scaled_by_measured_region_factor_0.5883,permute4_s8,d0=1;d1=165;d2=8;d3=36;p0=0;p1=2;p2=3;p3=1,246607,pext_block[curated[pext_nl]],measured,
171,moonshine$dispatch_171_matmul_b_s8,,,1.732131690,ms,1732131.690,0,,board_measured_b1_scaled_by_measured_region_factor_0.5883,matmul_b_s8,B=8;M=1;K=36;N=165;transpose_b=1,69285,pext_dot8_exact[curated[pext_nl]],measured,
172,moonshine$dispatch_172_softmax_s8,,,1.212177443,ms,1212177.443,0,,board_measured_b1_scaled_by_measured_region_factor_0.5883,softmax_s8,M=8;K=165,48487,pext_int_memo2[curated[pext_nl]],measured,
173,moonshine$dispatch_173_matmul_b_s8,,,1.509518970,ms,1509518.970,0,,board_measured_b1_scaled_by_measured_region_factor_0.5883,matmul_b_s8,B=8;M=1;K=165;N=36;transpose_b=1,60381,pext_dot8_exact[curated[pext_nl]],measured,
174,moonshine$dispatch_174_linear_s8,,,1000000000,us,1000000000000,0,,excluded_unmeasured,linear_s8,M=1;K=288;N=288,,,excluded_unmeasured,"the roccmoon kernel #includes a hart-0-executable fallback body, so this cell is physically possible -- but no board run in this tree has measured it, and inventing a number here would be fiction"
175,moonshine$dispatch_175_add_s8,,,0.086494808,ms,86494.808,0,,board_measured_b1_scaled_by_measured_region_factor_0.5883,add_s8,n=288,3460,pext_int_add[curated[pext_nl]],measured,
176,moonshine$dispatch_176_layernorm_s8,,,0.469110420,ms,469110.420,0,,board_measured_b1_scaled_by_measured_region_factor_0.5883,layernorm_s8,M=1;K=288,18764,pext_int_rsqrt[curated[pext_nl]],measured,
177,moonshine$dispatch_177_linear_s8,,,1000000000,us,1000000000000,0,,excluded_unmeasured,linear_s8,M=1;K=288;N=1152,,,excluded_unmeasured,"the roccmoon kernel #includes a hart-0-executable fallback body, so this cell is physically possible -- but no board run in this tree has measured it, and inventing a number here would be fiction"
178,moonshine$dispatch_178_silu_s8,,,0.750111915,ms,750111.915,0,,board_measured_b1_scaled_by_measured_region_factor_0.5883,silu_s8,n=1152,30004,pext_int_lut[curated[pext_nl]],measured,
179,moonshine$dispatch_179_linear_s8,,,1000000000,us,1000000000000,0,,excluded_unmeasured,linear_s8,M=1;K=288;N=1152,,,excluded_unmeasured,"the roccmoon kernel #includes a hart-0-executable fallback body, so this cell is physically possible -- but no board run in this tree has measured it, and inventing a number here would be fiction"
180,moonshine$dispatch_180_mul_s8,,,0.723153068,ms,723153.068,0,,board_measured_b1_scaled_by_measured_region_factor_0.5883,mul_s8,n=1152,28926,pext_int_mul[curated[pext_nl]],measured,
181,moonshine$dispatch_181_linear_s8,,,1000000000,us,1000000000000,0,,excluded_unmeasured,linear_s8,M=1;K=1152;N=288,,,excluded_unmeasured,"the roccmoon kernel #includes a hart-0-executable fallback body, so this cell is physically possible -- but no board run in this tree has measured it, and inventing a number here would be fiction"
182,moonshine$dispatch_182_add_s8,,,0.080655930,ms,80655.930,0,,board_measured_b1_scaled_by_measured_region_factor_0.5883,add_s8,n=288,3226,pext_int_add[curated[pext_nl]],measured,
183,moonshine$dispatch_183_layernorm_s8,,,0.463992210,ms,463992.210,0,,board_measured_b1_scaled_by_measured_region_factor_0.5883,layernorm_s8,M=1;K=288,18560,pext_int_rsqrt[curated[pext_nl]],measured,
184,moonshine$dispatch_184_linear_s8,,,1000000000,us,1000000000000,0,,excluded_unmeasured,linear_s8,M=1;K=288;N=288,,,excluded_unmeasured,"the roccmoon kernel #includes a hart-0-executable fallback body, so this cell is physically possible -- but no board run in this tree has measured it, and inventing a number here would be fiction"
185,moonshine$dispatch_185_rope_s8,,,0.136103205,ms,136103.205,0,,board_measured_b1_scaled_by_measured_region_factor_0.5883,rope_s8,T=1;H=8;D=36;R=32,5444,pext_int_rot[curated[pext_nl]],measured,
186,moonshine$dispatch_186_linear_s8,,,1000000000,us,1000000000000,0,,excluded_unmeasured,linear_s8,M=1;K=288;N=288,,,excluded_unmeasured,"the roccmoon kernel #includes a hart-0-executable fallback body, so this cell is physically possible -- but no board run in this tree has measured it, and inventing a number here would be fiction"
187,moonshine$dispatch_187_rope_s8,,,0.119424900,ms,119424.900,0,,board_measured_b1_scaled_by_measured_region_factor_0.5883,rope_s8,T=1;H=8;D=36;R=32,4777,pext_int_rot[curated[pext_nl]],measured,
188,moonshine$dispatch_188_linear_s8,,,1000000000,us,1000000000000,0,,excluded_unmeasured,linear_s8,M=1;K=288;N=288,,,excluded_unmeasured,"the roccmoon kernel #includes a hart-0-executable fallback body, so this cell is physically possible -- but no board run in this tree has measured it, and inventing a number here would be fiction"
189,moonshine$dispatch_189_matmul_b_s8,,,0.119895540,ms,119895.540,0,,board_measured_b1_scaled_by_measured_region_factor_0.5883,matmul_b_s8,B=8;M=1;K=36;N=1;transpose_b=1,4796,pext_dot8_exact[curated[pext_nl]],measured,
190,moonshine$dispatch_190_softmax_s8,,,0.136162035,ms,136162.035,0,,board_measured_b1_scaled_by_measured_region_factor_0.5883,softmax_s8,M=8;K=1,5446,pext_int_memo2[curated[pext_nl]],measured,
191,moonshine$dispatch_191_matmul_b_s8,,,0.270441510,ms,270441.510,0,,board_measured_b1_scaled_by_measured_region_factor_0.5883,matmul_b_s8,B=8;M=1;K=1;N=36;transpose_b=0,10818,pext_dot8_exact[curated[pext_nl]],measured,
192,moonshine$dispatch_192_linear_s8,,,1000000000,us,1000000000000,0,,excluded_unmeasured,linear_s8,M=1;K=288;N=288,,,excluded_unmeasured,"the roccmoon kernel #includes a hart-0-executable fallback body, so this cell is physically possible -- but no board run in this tree has measured it, and inventing a number here would be fiction"
193,moonshine$dispatch_193_add_s8,,,0.189550260,ms,189550.260,0,,board_measured_b1_scaled_by_measured_region_factor_0.5883,add_s8,n=288,7582,pext_int_add[curated[pext_nl]],measured,
194,moonshine$dispatch_194_layernorm_s8,,,0.472390192,ms,472390.192,0,,board_measured_b1_scaled_by_measured_region_factor_0.5883,layernorm_s8,M=1;K=288,18896,pext_int_rsqrt[curated[pext_nl]],measured,
195,moonshine$dispatch_195_linear_s8,,,1000000000,us,1000000000000,0,,excluded_unmeasured,linear_s8,M=1;K=288;N=288,,,excluded_unmeasured,"the roccmoon kernel #includes a hart-0-executable fallback body, so this cell is physically possible -- but no board run in this tree has measured it, and inventing a number here would be fiction"
196,moonshine$dispatch_196_permute4_s8,,,2.550868800,ms,2550868.800,0,,board_measured_b1_scaled_by_measured_region_factor_0.5883,permute4_s8,d0=1;d1=165;d2=8;d3=36;p0=0;p1=2;p2=1;p3=3,102035,pext_block[curated[pext_nl]],measured,
197,moonshine$dispatch_197_permute4_s8,,,6.156912480,ms,6156912.480,0,,board_measured_b1_scaled_by_measured_region_factor_0.5883,permute4_s8,d0=1;d1=165;d2=8;d3=36;p0=0;p1=2;p2=3;p3=1,246276,pext_block[curated[pext_nl]],measured,
198,moonshine$dispatch_198_matmul_b_s8,,,1.711791218,ms,1711791.218,0,,board_measured_b1_scaled_by_measured_region_factor_0.5883,matmul_b_s8,B=8;M=1;K=36;N=165;transpose_b=1,68472,pext_dot8_exact[curated[pext_nl]],measured,
199,moonshine$dispatch_199_softmax_s8,,,1.197293453,ms,1197293.453,0,,board_measured_b1_scaled_by_measured_region_factor_0.5883,softmax_s8,M=8;K=165,47892,pext_int_memo2[curated[pext_nl]],measured,
200,moonshine$dispatch_200_matmul_b_s8,,,1.492737713,ms,1492737.713,0,,board_measured_b1_scaled_by_measured_region_factor_0.5883,matmul_b_s8,B=8;M=1;K=165;N=36;transpose_b=1,59710,pext_dot8_exact[curated[pext_nl]],measured,
201,moonshine$dispatch_201_linear_s8,,,1000000000,us,1000000000000,0,,excluded_unmeasured,linear_s8,M=1;K=288;N=288,,,excluded_unmeasured,"the roccmoon kernel #includes a hart-0-executable fallback body, so this cell is physically possible -- but no board run in this tree has measured it, and inventing a number here would be fiction"
202,moonshine$dispatch_202_add_s8,,,0.086671298,ms,86671.298,0,,board_measured_b1_scaled_by_measured_region_factor_0.5883,add_s8,n=288,3467,pext_int_add[curated[pext_nl]],measured,
203,moonshine$dispatch_203_layernorm_s8,,,0.473228520,ms,473228.520,0,,board_measured_b1_scaled_by_measured_region_factor_0.5883,layernorm_s8,M=1;K=288,18929,pext_int_rsqrt[curated[pext_nl]],measured,
204,moonshine$dispatch_204_linear_s8,,,1000000000,us,1000000000000,0,,excluded_unmeasured,linear_s8,M=1;K=288;N=1152,,,excluded_unmeasured,"the roccmoon kernel #includes a hart-0-executable fallback body, so this cell is physically possible -- but no board run in this tree has measured it, and inventing a number here would be fiction"
205,moonshine$dispatch_205_silu_s8,,,0.654792608,ms,654792.608,0,,board_measured_b1_scaled_by_measured_region_factor_0.5883,silu_s8,n=1152,26192,pext_int_lut[curated[pext_nl]],measured,
206,moonshine$dispatch_206_linear_s8,,,1000000000,us,1000000000000,0,,excluded_unmeasured,linear_s8,M=1;K=288;N=1152,,,excluded_unmeasured,"the roccmoon kernel #includes a hart-0-executable fallback body, so this cell is physically possible -- but no board run in this tree has measured it, and inventing a number here would be fiction"
207,moonshine$dispatch_207_mul_s8,,,0.728006543,ms,728006.543,0,,board_measured_b1_scaled_by_measured_region_factor_0.5883,mul_s8,n=1152,29120,pext_int_mul[curated[pext_nl]],measured,
208,moonshine$dispatch_208_linear_s8,,,1000000000,us,1000000000000,0,,excluded_unmeasured,linear_s8,M=1;K=1152;N=288,,,excluded_unmeasured,"the roccmoon kernel #includes a hart-0-executable fallback body, so this cell is physically possible -- but no board run in this tree has measured it, and inventing a number here would be fiction"
209,moonshine$dispatch_209_add_s8,,,0.082244340,ms,82244.340,0,,board_measured_b1_scaled_by_measured_region_factor_0.5883,add_s8,n=288,3290,pext_int_add[curated[pext_nl]],measured,
210,moonshine$dispatch_210_layernorm_s8,,,0.463874550,ms,463874.550,0,,board_measured_b1_scaled_by_measured_region_factor_0.5883,layernorm_s8,M=1;K=288,18555,pext_int_rsqrt[curated[pext_nl]],measured,
211,moonshine$dispatch_211_linear_s8,,,1000000000,us,1000000000000,0,,excluded_unmeasured,linear_s8,M=1;K=288;N=288,,,excluded_unmeasured,"the roccmoon kernel #includes a hart-0-executable fallback body, so this cell is physically possible -- but no board run in this tree has measured it, and inventing a number here would be fiction"
212,moonshine$dispatch_212_rope_s8,,,0.136309110,ms,136309.110,0,,board_measured_b1_scaled_by_measured_region_factor_0.5883,rope_s8,T=1;H=8;D=36;R=32,5452,pext_int_rot[curated[pext_nl]],measured,
213,moonshine$dispatch_213_linear_s8,,,1000000000,us,1000000000000,0,,excluded_unmeasured,linear_s8,M=1;K=288;N=288,,,excluded_unmeasured,"the roccmoon kernel #includes a hart-0-executable fallback body, so this cell is physically possible -- but no board run in this tree has measured it, and inventing a number here would be fiction"
214,moonshine$dispatch_214_rope_s8,,,0.118468913,ms,118468.913,0,,board_measured_b1_scaled_by_measured_region_factor_0.5883,rope_s8,T=1;H=8;D=36;R=32,4739,pext_int_rot[curated[pext_nl]],measured,
215,moonshine$dispatch_215_linear_s8,,,1000000000,us,1000000000000,0,,excluded_unmeasured,linear_s8,M=1;K=288;N=288,,,excluded_unmeasured,"the roccmoon kernel #includes a hart-0-executable fallback body, so this cell is physically possible -- but no board run in this tree has measured it, and inventing a number here would be fiction"
216,moonshine$dispatch_216_matmul_b_s8,,,0.116777550,ms,116777.550,0,,board_measured_b1_scaled_by_measured_region_factor_0.5883,matmul_b_s8,B=8;M=1;K=36;N=1;transpose_b=1,4671,pext_dot8_exact[curated[pext_nl]],measured,
217,moonshine$dispatch_217_softmax_s8,,,0.139029998,ms,139029.997,0,,board_measured_b1_scaled_by_measured_region_factor_0.5883,softmax_s8,M=8;K=1,5561,pext_int_memo2[curated[pext_nl]],measured,
218,moonshine$dispatch_218_matmul_b_s8,,,0.268426583,ms,268426.583,0,,board_measured_b1_scaled_by_measured_region_factor_0.5883,matmul_b_s8,B=8;M=1;K=1;N=36;transpose_b=0,10737,pext_dot8_exact[curated[pext_nl]],measured,
219,moonshine$dispatch_219_linear_s8,,,1000000000,us,1000000000000,0,,excluded_unmeasured,linear_s8,M=1;K=288;N=288,,,excluded_unmeasured,"the roccmoon kernel #includes a hart-0-executable fallback body, so this cell is physically possible -- but no board run in this tree has measured it, and inventing a number here would be fiction"
220,moonshine$dispatch_220_add_s8,,,0.184623248,ms,184623.248,0,,board_measured_b1_scaled_by_measured_region_factor_0.5883,add_s8,n=288,7385,pext_int_add[curated[pext_nl]],measured,
221,moonshine$dispatch_221_layernorm_s8,,,0.478523220,ms,478523.220,0,,board_measured_b1_scaled_by_measured_region_factor_0.5883,layernorm_s8,M=1;K=288,19141,pext_int_rsqrt[curated[pext_nl]],measured,
222,moonshine$dispatch_222_linear_s8,,,1000000000,us,1000000000000,0,,excluded_unmeasured,linear_s8,M=1;K=288;N=288,,,excluded_unmeasured,"the roccmoon kernel #includes a hart-0-executable fallback body, so this cell is physically possible -- but no board run in this tree has measured it, and inventing a number here would be fiction"
223,moonshine$dispatch_223_permute4_s8,,,2.537190825,ms,2537190.825,0,,board_measured_b1_scaled_by_measured_region_factor_0.5883,permute4_s8,d0=1;d1=165;d2=8;d3=36;p0=0;p1=2;p2=1;p3=3,101488,pext_block[curated[pext_nl]],measured,
224,moonshine$dispatch_224_permute4_s8,,,6.149823465,ms,6149823.465,0,,board_measured_b1_scaled_by_measured_region_factor_0.5883,permute4_s8,d0=1;d1=165;d2=8;d3=36;p0=0;p1=2;p2=3;p3=1,245993,pext_block[curated[pext_nl]],measured,
225,moonshine$dispatch_225_matmul_b_s8,,,1.688259218,ms,1688259.218,0,,board_measured_b1_scaled_by_measured_region_factor_0.5883,matmul_b_s8,B=8;M=1;K=36;N=165;transpose_b=1,67530,pext_dot8_exact[curated[pext_nl]],measured,
226,moonshine$dispatch_226_softmax_s8,,,1.068205725,ms,1068205.725,0,,board_measured_b1_scaled_by_measured_region_factor_0.5883,softmax_s8,M=8;K=165,42728,pext_int_memo2[curated[pext_nl]],measured,
227,moonshine$dispatch_227_matmul_b_s8,,,1.506695130,ms,1506695.130,0,,board_measured_b1_scaled_by_measured_region_factor_0.5883,matmul_b_s8,B=8;M=1;K=165;N=36;transpose_b=1,60268,pext_dot8_exact[curated[pext_nl]],measured,
228,moonshine$dispatch_228_linear_s8,,,1000000000,us,1000000000000,0,,excluded_unmeasured,linear_s8,M=1;K=288;N=288,,,excluded_unmeasured,"the roccmoon kernel #includes a hart-0-executable fallback body, so this cell is physically possible -- but no board run in this tree has measured it, and inventing a number here would be fiction"
229,moonshine$dispatch_229_add_s8,,,0.085847678,ms,85847.678,0,,board_measured_b1_scaled_by_measured_region_factor_0.5883,add_s8,n=288,3434,pext_int_add[curated[pext_nl]],measured,
230,moonshine$dispatch_230_layernorm_s8,,,0.473110860,ms,473110.860,0,,board_measured_b1_scaled_by_measured_region_factor_0.5883,layernorm_s8,M=1;K=288,18924,pext_int_rsqrt[curated[pext_nl]],measured,
231,moonshine$dispatch_231_linear_s8,,,1000000000,us,1000000000000,0,,excluded_unmeasured,linear_s8,M=1;K=288;N=1152,,,excluded_unmeasured,"the roccmoon kernel #includes a hart-0-executable fallback body, so this cell is physically possible -- but no board run in this tree has measured it, and inventing a number here would be fiction"
232,moonshine$dispatch_232_silu_s8,,,0.841224877,ms,841224.877,0,,board_measured_b1_scaled_by_measured_region_factor_0.5883,silu_s8,n=1152,33649,pext_int_lut[curated[pext_nl]],measured,
233,moonshine$dispatch_233_linear_s8,,,1000000000,us,1000000000000,0,,excluded_unmeasured,linear_s8,M=1;K=288;N=1152,,,excluded_unmeasured,"the roccmoon kernel #includes a hart-0-executable fallback body, so this cell is physically possible -- but no board run in this tree has measured it, and inventing a number here would be fiction"
234,moonshine$dispatch_234_mul_s8,,,0.723873735,ms,723873.735,0,,board_measured_b1_scaled_by_measured_region_factor_0.5883,mul_s8,n=1152,28955,pext_int_mul[curated[pext_nl]],measured,
235,moonshine$dispatch_235_linear_s8,,,1000000000,us,1000000000000,0,,excluded_unmeasured,linear_s8,M=1;K=1152;N=288,,,excluded_unmeasured,"the roccmoon kernel #includes a hart-0-executable fallback body, so this cell is physically possible -- but no board run in this tree has measured it, and inventing a number here would be fiction"
236,moonshine$dispatch_236_add_s8,,,0.184108485,ms,184108.485,0,,board_measured_b1_scaled_by_measured_region_factor_0.5883,add_s8,n=288,7364,pext_int_add[curated[pext_nl]],measured,
237,moonshine$dispatch_237_layernorm_s8,,,0.468683903,ms,468683.903,0,,board_measured_b1_scaled_by_measured_region_factor_0.5883,layernorm_s8,M=1;K=288,18747,pext_int_rsqrt[curated[pext_nl]],measured,
238,moonshine$dispatch_238_linear_s8,,,1000000000,us,1000000000000,0,,excluded_unmeasured,linear_s8,M=1;K=288;N=288,,,excluded_unmeasured,"the roccmoon kernel #includes a hart-0-executable fallback body, so this cell is physically possible -- but no board run in this tree has measured it, and inventing a number here would be fiction"
239,moonshine$dispatch_239_rope_s8,,,0.134250060,ms,134250.060,0,,board_measured_b1_scaled_by_measured_region_factor_0.5883,rope_s8,T=1;H=8;D=36;R=32,5370,pext_int_rot[curated[pext_nl]],measured,
240,moonshine$dispatch_240_linear_s8,,,1000000000,us,1000000000000,0,,excluded_unmeasured,linear_s8,M=1;K=288;N=288,,,excluded_unmeasured,"the roccmoon kernel #includes a hart-0-executable fallback body, so this cell is physically possible -- but no board run in this tree has measured it, and inventing a number here would be fiction"
241,moonshine$dispatch_241_rope_s8,,,0.118115933,ms,118115.933,0,,board_measured_b1_scaled_by_measured_region_factor_0.5883,rope_s8,T=1;H=8;D=36;R=32,4725,pext_int_rot[curated[pext_nl]],measured,
242,moonshine$dispatch_242_linear_s8,,,1000000000,us,1000000000000,0,,excluded_unmeasured,linear_s8,M=1;K=288;N=288,,,excluded_unmeasured,"the roccmoon kernel #includes a hart-0-executable fallback body, so this cell is physically possible -- but no board run in this tree has measured it, and inventing a number here would be fiction"
243,moonshine$dispatch_243_matmul_b_s8,,,0.123160605,ms,123160.605,0,,board_measured_b1_scaled_by_measured_region_factor_0.5883,matmul_b_s8,B=8;M=1;K=36;N=1;transpose_b=1,4926,pext_dot8_exact[curated[pext_nl]],measured,
244,moonshine$dispatch_244_softmax_s8,,,0.133661760,ms,133661.760,0,,board_measured_b1_scaled_by_measured_region_factor_0.5883,softmax_s8,M=8;K=1,5346,pext_int_memo2[curated[pext_nl]],measured,
245,moonshine$dispatch_245_matmul_b_s8,,,0.269926748,ms,269926.747,0,,board_measured_b1_scaled_by_measured_region_factor_0.5883,matmul_b_s8,B=8;M=1;K=1;N=36;transpose_b=0,10797,pext_dot8_exact[curated[pext_nl]],measured,
246,moonshine$dispatch_246_linear_s8,,,1000000000,us,1000000000000,0,,excluded_unmeasured,linear_s8,M=1;K=288;N=288,,,excluded_unmeasured,"the roccmoon kernel #includes a hart-0-executable fallback body, so this cell is physically possible -- but no board run in this tree has measured it, and inventing a number here would be fiction"
247,moonshine$dispatch_247_add_s8,,,0.086127120,ms,86127.120,0,,board_measured_b1_scaled_by_measured_region_factor_0.5883,add_s8,n=288,3445,pext_int_add[curated[pext_nl]],measured,
248,moonshine$dispatch_248_layernorm_s8,,,0.474434535,ms,474434.535,0,,board_measured_b1_scaled_by_measured_region_factor_0.5883,layernorm_s8,M=1;K=288,18977,pext_int_rsqrt[curated[pext_nl]],measured,
249,moonshine$dispatch_249_linear_s8,,,1000000000,us,1000000000000,0,,excluded_unmeasured,linear_s8,M=1;K=288;N=288,,,excluded_unmeasured,"the roccmoon kernel #includes a hart-0-executable fallback body, so this cell is physically possible -- but no board run in this tree has measured it, and inventing a number here would be fiction"
250,moonshine$dispatch_250_permute4_s8,,,2.543117947,ms,2543117.947,0,,board_measured_b1_scaled_by_measured_region_factor_0.5883,permute4_s8,d0=1;d1=165;d2=8;d3=36;p0=0;p1=2;p2=1;p3=3,101725,pext_block[curated[pext_nl]],measured,
251,moonshine$dispatch_251_permute4_s8,,,6.179635568,ms,6179635.567,0,,board_measured_b1_scaled_by_measured_region_factor_0.5883,permute4_s8,d0=1;d1=165;d2=8;d3=36;p0=0;p1=2;p2=3;p3=1,247185,pext_block[curated[pext_nl]],measured,
252,moonshine$dispatch_252_matmul_b_s8,,,1.705069890,ms,1705069.890,0,,board_measured_b1_scaled_by_measured_region_factor_0.5883,matmul_b_s8,B=8;M=1;K=36;N=165;transpose_b=1,68203,pext_dot8_exact[curated[pext_nl]],measured,
253,moonshine$dispatch_253_softmax_s8,,,1.054645410,ms,1054645.410,0,,board_measured_b1_scaled_by_measured_region_factor_0.5883,softmax_s8,M=8;K=165,42186,pext_int_memo2[curated[pext_nl]],measured,
254,moonshine$dispatch_254_matmul_b_s8,,,1.483986750,ms,1483986.750,0,,board_measured_b1_scaled_by_measured_region_factor_0.5883,matmul_b_s8,B=8;M=1;K=165;N=36;transpose_b=1,59359,pext_dot8_exact[curated[pext_nl]],measured,
255,moonshine$dispatch_255_linear_s8,,,1000000000,us,1000000000000,0,,excluded_unmeasured,linear_s8,M=1;K=288;N=288,,,excluded_unmeasured,"the roccmoon kernel #includes a hart-0-executable fallback body, so this cell is physically possible -- but no board run in this tree has measured it, and inventing a number here would be fiction"
256,moonshine$dispatch_256_add_s8,,,0.084847567,ms,84847.568,0,,board_measured_b1_scaled_by_measured_region_factor_0.5883,add_s8,n=288,3394,pext_int_add[curated[pext_nl]],measured,
257,moonshine$dispatch_257_layernorm_s8,,,0.469551645,ms,469551.645,0,,board_measured_b1_scaled_by_measured_region_factor_0.5883,layernorm_s8,M=1;K=288,18782,pext_int_rsqrt[curated[pext_nl]],measured,
258,moonshine$dispatch_258_linear_s8,,,1000000000,us,1000000000000,0,,excluded_unmeasured,linear_s8,M=1;K=288;N=1152,,,excluded_unmeasured,"the roccmoon kernel #includes a hart-0-executable fallback body, so this cell is physically possible -- but no board run in this tree has measured it, and inventing a number here would be fiction"
259,moonshine$dispatch_259_silu_s8,,,0.680383657,ms,680383.657,0,,board_measured_b1_scaled_by_measured_region_factor_0.5883,silu_s8,n=1152,27215,pext_int_lut[curated[pext_nl]],measured,
260,moonshine$dispatch_260_linear_s8,,,1000000000,us,1000000000000,0,,excluded_unmeasured,linear_s8,M=1;K=288;N=1152,,,excluded_unmeasured,"the roccmoon kernel #includes a hart-0-executable fallback body, so this cell is physically possible -- but no board run in this tree has measured it, and inventing a number here would be fiction"
261,moonshine$dispatch_261_mul_s8,,,0.723609000,ms,723609.000,0,,board_measured_b1_scaled_by_measured_region_factor_0.5883,mul_s8,n=1152,28944,pext_int_mul[curated[pext_nl]],measured,
262,moonshine$dispatch_262_linear_s8,,,1000000000,us,1000000000000,0,,excluded_unmeasured,linear_s8,M=1;K=1152;N=288,,,excluded_unmeasured,"the roccmoon kernel #includes a hart-0-executable fallback body, so this cell is physically possible -- but no board run in this tree has measured it, and inventing a number here would be fiction"
263,moonshine$dispatch_263_add_s8,,,0.078626295,ms,78626.295,0,,board_measured_b1_scaled_by_measured_region_factor_0.5883,add_s8,n=288,3145,pext_int_add[curated[pext_nl]],measured,
264,moonshine$dispatch_264_layernorm_s8,,,0.464124578,ms,464124.578,0,,board_measured_b1_scaled_by_measured_region_factor_0.5883,layernorm_s8,M=1;K=288,18565,pext_int_rsqrt[curated[pext_nl]],measured,
265,moonshine$dispatch_265_linear_s8,,,1000000000,us,1000000000000,0,,excluded_unmeasured,linear_s8,M=1;K=288;N=288,,,excluded_unmeasured,"the roccmoon kernel #includes a hart-0-executable fallback body, so this cell is physically possible -- but no board run in this tree has measured it, and inventing a number here would be fiction"
266,moonshine$dispatch_266_rope_s8,,,0.136809165,ms,136809.165,0,,board_measured_b1_scaled_by_measured_region_factor_0.5883,rope_s8,T=1;H=8;D=36;R=32,5472,pext_int_rot[curated[pext_nl]],measured,
267,moonshine$dispatch_267_linear_s8,,,1000000000,us,1000000000000,0,,excluded_unmeasured,linear_s8,M=1;K=288;N=288,,,excluded_unmeasured,"the roccmoon kernel #includes a hart-0-executable fallback body, so this cell is physically possible -- but no board run in this tree has measured it, and inventing a number here would be fiction"
268,moonshine$dispatch_268_rope_s8,,,0.115306800,ms,115306.800,0,,board_measured_b1_scaled_by_measured_region_factor_0.5883,rope_s8,T=1;H=8;D=36;R=32,4612,pext_int_rot[curated[pext_nl]],measured,
269,moonshine$dispatch_269_linear_s8,,,1000000000,us,1000000000000,0,,excluded_unmeasured,linear_s8,M=1;K=288;N=288,,,excluded_unmeasured,"the roccmoon kernel #includes a hart-0-executable fallback body, so this cell is physically possible -- but no board run in this tree has measured it, and inventing a number here would be fiction"
270,moonshine$dispatch_270_matmul_b_s8,,,0.117865905,ms,117865.905,0,,board_measured_b1_scaled_by_measured_region_factor_0.5883,matmul_b_s8,B=8;M=1;K=36;N=1;transpose_b=1,4715,pext_dot8_exact[curated[pext_nl]],measured,
271,moonshine$dispatch_271_softmax_s8,,,0.134470672,ms,134470.672,0,,board_measured_b1_scaled_by_measured_region_factor_0.5883,softmax_s8,M=8;K=1,5379,pext_int_memo2[curated[pext_nl]],measured,
272,moonshine$dispatch_272_matmul_b_s8,,,0.263337787,ms,263337.787,0,,board_measured_b1_scaled_by_measured_region_factor_0.5883,matmul_b_s8,B=8;M=1;K=1;N=36;transpose_b=0,10534,pext_dot8_exact[curated[pext_nl]],measured,
273,moonshine$dispatch_273_linear_s8,,,1000000000,us,1000000000000,0,,excluded_unmeasured,linear_s8,M=1;K=288;N=288,,,excluded_unmeasured,"the roccmoon kernel #includes a hart-0-executable fallback body, so this cell is physically possible -- but no board run in this tree has measured it, and inventing a number here would be fiction"
274,moonshine$dispatch_274_add_s8,,,0.086994863,ms,86994.863,0,,board_measured_b1_scaled_by_measured_region_factor_0.5883,add_s8,n=288,3480,pext_int_add[curated[pext_nl]],measured,
275,moonshine$dispatch_275_layernorm_s8,,,0.475772918,ms,475772.918,0,,board_measured_b1_scaled_by_measured_region_factor_0.5883,layernorm_s8,M=1;K=288,19031,pext_int_rsqrt[curated[pext_nl]],measured,
276,moonshine$dispatch_276_linear_s8,,,1000000000,us,1000000000000,0,,excluded_unmeasured,linear_s8,M=1;K=288;N=288,,,excluded_unmeasured,"the roccmoon kernel #includes a hart-0-executable fallback body, so this cell is physically possible -- but no board run in this tree has measured it, and inventing a number here would be fiction"
277,moonshine$dispatch_277_permute4_s8,,,2.537985030,ms,2537985.030,0,,board_measured_b1_scaled_by_measured_region_factor_0.5883,permute4_s8,d0=1;d1=165;d2=8;d3=36;p0=0;p1=2;p2=1;p3=3,101519,pext_block[curated[pext_nl]],measured,
278,moonshine$dispatch_278_permute4_s8,,,6.137866268,ms,6137866.268,0,,board_measured_b1_scaled_by_measured_region_factor_0.5883,permute4_s8,d0=1;d1=165;d2=8;d3=36;p0=0;p1=2;p2=3;p3=1,245515,pext_block[curated[pext_nl]],measured,
279,moonshine$dispatch_279_matmul_b_s8,,,1.705525823,ms,1705525.823,0,,board_measured_b1_scaled_by_measured_region_factor_0.5883,matmul_b_s8,B=8;M=1;K=36;N=165;transpose_b=1,68221,pext_dot8_exact[curated[pext_nl]],measured,
280,moonshine$dispatch_280_softmax_s8,,,1.122255788,ms,1122255.788,0,,board_measured_b1_scaled_by_measured_region_factor_0.5883,softmax_s8,M=8;K=165,44890,pext_int_memo2[curated[pext_nl]],measured,
281,moonshine$dispatch_281_matmul_b_s8,,,1.487398890,ms,1487398.890,0,,board_measured_b1_scaled_by_measured_region_factor_0.5883,matmul_b_s8,B=8;M=1;K=165;N=36;transpose_b=1,59496,pext_dot8_exact[curated[pext_nl]],measured,
282,moonshine$dispatch_282_linear_s8,,,1000000000,us,1000000000000,0,,excluded_unmeasured,linear_s8,M=1;K=288;N=288,,,excluded_unmeasured,"the roccmoon kernel #includes a hart-0-executable fallback body, so this cell is physically possible -- but no board run in this tree has measured it, and inventing a number here would be fiction"
283,moonshine$dispatch_283_add_s8,,,0.080597100,ms,80597.100,0,,board_measured_b1_scaled_by_measured_region_factor_0.5883,add_s8,n=288,3224,pext_int_add[curated[pext_nl]],measured,
284,moonshine$dispatch_284_layernorm_s8,,,0.479390963,ms,479390.963,0,,board_measured_b1_scaled_by_measured_region_factor_0.5883,layernorm_s8,M=1;K=288,19176,pext_int_rsqrt[curated[pext_nl]],measured,
285,moonshine$dispatch_285_linear_s8,,,1000000000,us,1000000000000,0,,excluded_unmeasured,linear_s8,M=1;K=288;N=1152,,,excluded_unmeasured,"the roccmoon kernel #includes a hart-0-executable fallback body, so this cell is physically possible -- but no board run in this tree has measured it, and inventing a number here would be fiction"
286,moonshine$dispatch_286_silu_s8,,,0.728050665,ms,728050.665,0,,board_measured_b1_scaled_by_measured_region_factor_0.5883,silu_s8,n=1152,29122,pext_int_lut[curated[pext_nl]],measured,
287,moonshine$dispatch_287_linear_s8,,,1000000000,us,1000000000000,0,,excluded_unmeasured,linear_s8,M=1;K=288;N=1152,,,excluded_unmeasured,"the roccmoon kernel #includes a hart-0-executable fallback body, so this cell is physically possible -- but no board run in this tree has measured it, and inventing a number here would be fiction"
288,moonshine$dispatch_288_mul_s8,,,0.723123652,ms,723123.652,0,,board_measured_b1_scaled_by_measured_region_factor_0.5883,mul_s8,n=1152,28925,pext_int_mul[curated[pext_nl]],measured,
289,moonshine$dispatch_289_linear_s8,,,1000000000,us,1000000000000,0,,excluded_unmeasured,linear_s8,M=1;K=1152;N=288,,,excluded_unmeasured,"the roccmoon kernel #includes a hart-0-executable fallback body, so this cell is physically possible -- but no board run in this tree has measured it, and inventing a number here would be fiction"
290,moonshine$dispatch_290_add_s8,,,0.082303170,ms,82303.170,0,,board_measured_b1_scaled_by_measured_region_factor_0.5883,add_s8,n=288,3292,pext_int_add[curated[pext_nl]],measured,
291,moonshine$dispatch_291_layernorm_s8,,,0.471846015,ms,471846.015,0,,board_measured_b1_scaled_by_measured_region_factor_0.5883,layernorm_s8,M=1;K=288,18874,pext_int_rsqrt[curated[pext_nl]],measured,
292,moonshine$dispatch_292_linear_s8,,,1000000000,us,1000000000000,0,,excluded_unmeasured,linear_s8,M=1;K=288;N=16384,,,excluded_unmeasured,"the roccmoon kernel #includes a hart-0-executable fallback body, so this cell is physically possible -- but no board run in this tree has measured it, and inventing a number here would be fiction"
293,moonshine$dispatch_293_linear_s8,,,1000000000,us,1000000000000,0,,excluded_unmeasured,linear_s8,M=1;K=288;N=16384,,,excluded_unmeasured,"the roccmoon kernel #includes a hart-0-executable fallback body, so this cell is physically possible -- but no board run in this tree has measured it, and inventing a number here would be fiction"
294,moonshine$dispatch_294_cat2_c1_s8,,,0.781924238,ms,781924.238,0,,board_measured_b1_scaled_by_measured_region_factor_0.5883,cat2_c1_s8,N=1;H=1;W=1;C_inputs=16384|16384;C_total=32768,31277,pext_memo_lut[curated[pext_nl]],measured,
295,moonshine$dispatch_295_layernorm_s8,,,0.472772588,ms,472772.588,0,,board_measured_b1_scaled_by_measured_region_factor_0.5883,layernorm_s8,M=1;K=288,18911,pext_int_rsqrt[curated[pext_nl]],measured,
296,moonshine$dispatch_296_linear_s8,,,1000000000,us,1000000000000,0,,excluded_unmeasured,linear_s8,M=1;K=288;N=288,,,excluded_unmeasured,"the roccmoon kernel #includes a hart-0-executable fallback body, so this cell is physically possible -- but no board run in this tree has measured it, and inventing a number here would be fiction"
297,moonshine$dispatch_297_rope_s8,,,0.144780630,ms,144780.630,0,,board_measured_b1_scaled_by_measured_region_factor_0.5883,rope_s8,T=1;H=8;D=36;R=32,5791,pext_int_rot[curated[pext_nl]],measured,
298,moonshine$dispatch_298_linear_s8,,,1000000000,us,1000000000000,0,,excluded_unmeasured,linear_s8,M=1;K=288;N=288,,,excluded_unmeasured,"the roccmoon kernel #includes a hart-0-executable fallback body, so this cell is physically possible -- but no board run in this tree has measured it, and inventing a number here would be fiction"
299,moonshine$dispatch_299_rope_s8,,,0.123645952,ms,123645.952,0,,board_measured_b1_scaled_by_measured_region_factor_0.5883,rope_s8,T=1;H=8;D=36;R=32,4946,pext_int_rot[curated[pext_nl]],measured,
300,moonshine$dispatch_300_linear_s8,,,1000000000,us,1000000000000,0,,excluded_unmeasured,linear_s8,M=1;K=288;N=288,,,excluded_unmeasured,"the roccmoon kernel #includes a hart-0-executable fallback body, so this cell is physically possible -- but no board run in this tree has measured it, and inventing a number here would be fiction"
301,moonshine$dispatch_301_cat2_c1_s8,,,0.247674300,ms,247674.300,0,,board_measured_b1_scaled_by_measured_region_factor_0.5883,cat2_c1_s8,N=1;H=288;W=1;C_inputs=1|1;C_total=2,9907,pext_memo_lut[curated[pext_nl]],measured,
302,moonshine$dispatch_302_cat2_c1_s8,,,0.232672650,ms,232672.650,0,,board_measured_b1_scaled_by_measured_region_factor_0.5883,cat2_c1_s8,N=1;H=288;W=1;C_inputs=1|1;C_total=2,9307,pext_memo_lut[curated[pext_nl]],measured,
303,moonshine$dispatch_303_permute4_s8,,,0.029267925,ms,29267.925,0,,board_measured_b1_scaled_by_measured_region_factor_0.5883,permute4_s8,d0=1;d1=2;d2=8;d3=36;p0=0;p1=2;p2=1;p3=3,1171,pext_block[curated[pext_nl]],measured,
304,moonshine$dispatch_304_permute4_s8,,,0.026002860,ms,26002.860,0,,board_measured_b1_scaled_by_measured_region_factor_0.5883,permute4_s8,d0=1;d1=2;d2=8;d3=36;p0=0;p1=2;p2=1;p3=3,1040,pext_block[curated[pext_nl]],measured,
305,moonshine$dispatch_305_matmul_b_s8,,,0.133426440,ms,133426.440,0,,board_measured_b1_scaled_by_measured_region_factor_0.5883,matmul_b_s8,B=8;M=1;K=36;N=2;transpose_b=1,5337,pext_dot8_exact[curated[pext_nl]],measured,
306,moonshine$dispatch_306_softmax_s8,,,0.166253580,ms,166253.580,0,,board_measured_b1_scaled_by_measured_region_factor_0.5883,softmax_s8,M=8;K=2,6650,pext_int_memo2[curated[pext_nl]],measured,
307,moonshine$dispatch_307_matmul_b_s8,,,0.301106647,ms,301106.647,0,,board_measured_b1_scaled_by_measured_region_factor_0.5883,matmul_b_s8,B=8;M=1;K=2;N=36;transpose_b=0,12044,pext_dot8_exact[curated[pext_nl]],measured,
308,moonshine$dispatch_308_linear_s8,,,1000000000,us,1000000000000,0,,excluded_unmeasured,linear_s8,M=1;K=288;N=288,,,excluded_unmeasured,"the roccmoon kernel #includes a hart-0-executable fallback body, so this cell is physically possible -- but no board run in this tree has measured it, and inventing a number here would be fiction"
309,moonshine$dispatch_309_add_s8,,,0.091892460,ms,91892.460,0,,board_measured_b1_scaled_by_measured_region_factor_0.5883,add_s8,n=288,3676,pext_int_add[curated[pext_nl]],measured,
310,moonshine$dispatch_310_layernorm_s8,,,0.473493255,ms,473493.255,0,,board_measured_b1_scaled_by_measured_region_factor_0.5883,layernorm_s8,M=1;K=288,18940,pext_int_rsqrt[curated[pext_nl]],measured,
311,moonshine$dispatch_311_linear_s8,,,1000000000,us,1000000000000,0,,excluded_unmeasured,linear_s8,M=1;K=288;N=288,,,excluded_unmeasured,"the roccmoon kernel #includes a hart-0-executable fallback body, so this cell is physically possible -- but no board run in this tree has measured it, and inventing a number here would be fiction"
312,moonshine$dispatch_312_matmul_b_s8,,,1.689024008,ms,1689024.008,0,,board_measured_b1_scaled_by_measured_region_factor_0.5883,matmul_b_s8,B=8;M=1;K=36;N=165;transpose_b=1,67561,pext_dot8_exact[curated[pext_nl]],measured,
313,moonshine$dispatch_313_softmax_s8,,,1.264947953,ms,1264947.953,0,,board_measured_b1_scaled_by_measured_region_factor_0.5883,softmax_s8,M=8;K=165,50598,pext_int_memo2[curated[pext_nl]],measured,
314,moonshine$dispatch_314_matmul_b_s8,,,1.509533678,ms,1509533.678,0,,board_measured_b1_scaled_by_measured_region_factor_0.5883,matmul_b_s8,B=8;M=1;K=165;N=36;transpose_b=1,60381,pext_dot8_exact[curated[pext_nl]],measured,
315,moonshine$dispatch_315_linear_s8,,,1000000000,us,1000000000000,0,,excluded_unmeasured,linear_s8,M=1;K=288;N=288,,,excluded_unmeasured,"the roccmoon kernel #includes a hart-0-executable fallback body, so this cell is physically possible -- but no board run in this tree has measured it, and inventing a number here would be fiction"
316,moonshine$dispatch_316_add_s8,,,0.081847238,ms,81847.238,0,,board_measured_b1_scaled_by_measured_region_factor_0.5883,add_s8,n=288,3274,pext_int_add[curated[pext_nl]],measured,
317,moonshine$dispatch_317_layernorm_s8,,,0.465242348,ms,465242.348,0,,board_measured_b1_scaled_by_measured_region_factor_0.5883,layernorm_s8,M=1;K=288,18610,pext_int_rsqrt[curated[pext_nl]],measured,
318,moonshine$dispatch_318_linear_s8,,,1000000000,us,1000000000000,0,,excluded_unmeasured,linear_s8,M=1;K=288;N=1152,,,excluded_unmeasured,"the roccmoon kernel #includes a hart-0-executable fallback body, so this cell is physically possible -- but no board run in this tree has measured it, and inventing a number here would be fiction"
319,moonshine$dispatch_319_silu_s8,,,0.792528345,ms,792528.345,0,,board_measured_b1_scaled_by_measured_region_factor_0.5883,silu_s8,n=1152,31701,pext_int_lut[curated[pext_nl]],measured,
320,moonshine$dispatch_320_linear_s8,,,1000000000,us,1000000000000,0,,excluded_unmeasured,linear_s8,M=1;K=288;N=1152,,,excluded_unmeasured,"the roccmoon kernel #includes a hart-0-executable fallback body, so this cell is physically possible -- but no board run in this tree has measured it, and inventing a number here would be fiction"
321,moonshine$dispatch_321_mul_s8,,,0.724800308,ms,724800.307,0,,board_measured_b1_scaled_by_measured_region_factor_0.5883,mul_s8,n=1152,28992,pext_int_mul[curated[pext_nl]],measured,
322,moonshine$dispatch_322_linear_s8,,,1000000000,us,1000000000000,0,,excluded_unmeasured,linear_s8,M=1;K=1152;N=288,,,excluded_unmeasured,"the roccmoon kernel #includes a hart-0-executable fallback body, so this cell is physically possible -- but no board run in this tree has measured it, and inventing a number here would be fiction"
323,moonshine$dispatch_323_add_s8,,,0.080994203,ms,80994.203,0,,board_measured_b1_scaled_by_measured_region_factor_0.5883,add_s8,n=288,3240,pext_int_add[curated[pext_nl]],measured,
324,moonshine$dispatch_324_layernorm_s8,,,0.470654708,ms,470654.708,0,,board_measured_b1_scaled_by_measured_region_factor_0.5883,layernorm_s8,M=1;K=288,18826,pext_int_rsqrt[curated[pext_nl]],measured,
325,moonshine$dispatch_325_linear_s8,,,1000000000,us,1000000000000,0,,excluded_unmeasured,linear_s8,M=1;K=288;N=288,,,excluded_unmeasured,"the roccmoon kernel #includes a hart-0-executable fallback body, so this cell is physically possible -- but no board run in this tree has measured it, and inventing a number here would be fiction"
326,moonshine$dispatch_326_rope_s8,,,0.144133500,ms,144133.500,0,,board_measured_b1_scaled_by_measured_region_factor_0.5883,rope_s8,T=1;H=8;D=36;R=32,5765,pext_int_rot[curated[pext_nl]],measured,
327,moonshine$dispatch_327_linear_s8,,,1000000000,us,1000000000000,0,,excluded_unmeasured,linear_s8,M=1;K=288;N=288,,,excluded_unmeasured,"the roccmoon kernel #includes a hart-0-executable fallback body, so this cell is physically possible -- but no board run in this tree has measured it, and inventing a number here would be fiction"
328,moonshine$dispatch_328_rope_s8,,,0.122219325,ms,122219.325,0,,board_measured_b1_scaled_by_measured_region_factor_0.5883,rope_s8,T=1;H=8;D=36;R=32,4889,pext_int_rot[curated[pext_nl]],measured,
329,moonshine$dispatch_329_linear_s8,,,1000000000,us,1000000000000,0,,excluded_unmeasured,linear_s8,M=1;K=288;N=288,,,excluded_unmeasured,"the roccmoon kernel #includes a hart-0-executable fallback body, so this cell is physically possible -- but no board run in this tree has measured it, and inventing a number here would be fiction"
330,moonshine$dispatch_330_cat2_c1_s8,,,0.248542043,ms,248542.043,0,,board_measured_b1_scaled_by_measured_region_factor_0.5883,cat2_c1_s8,N=1;H=288;W=1;C_inputs=1|1;C_total=2,9942,pext_memo_lut[curated[pext_nl]],measured,
331,moonshine$dispatch_331_cat2_c1_s8,,,0.230922458,ms,230922.458,0,,board_measured_b1_scaled_by_measured_region_factor_0.5883,cat2_c1_s8,N=1;H=288;W=1;C_inputs=1|1;C_total=2,9237,pext_memo_lut[curated[pext_nl]],measured,
332,moonshine$dispatch_332_permute4_s8,,,0.030444525,ms,30444.525,0,,board_measured_b1_scaled_by_measured_region_factor_0.5883,permute4_s8,d0=1;d1=2;d2=8;d3=36;p0=0;p1=2;p2=1;p3=3,1218,pext_block[curated[pext_nl]],measured,
333,moonshine$dispatch_333_permute4_s8,,,0.026105813,ms,26105.813,0,,board_measured_b1_scaled_by_measured_region_factor_0.5883,permute4_s8,d0=1;d1=2;d2=8;d3=36;p0=0;p1=2;p2=1;p3=3,1044,pext_block[curated[pext_nl]],measured,
334,moonshine$dispatch_334_matmul_b_s8,,,0.125454975,ms,125454.975,0,,board_measured_b1_scaled_by_measured_region_factor_0.5883,matmul_b_s8,B=8;M=1;K=36;N=2;transpose_b=1,5018,pext_dot8_exact[curated[pext_nl]],measured,
335,moonshine$dispatch_335_softmax_s8,,,0.166738928,ms,166738.928,0,,board_measured_b1_scaled_by_measured_region_factor_0.5883,softmax_s8,M=8;K=2,6670,pext_int_memo2[curated[pext_nl]],measured,
336,moonshine$dispatch_336_matmul_b_s8,,,0.302812717,ms,302812.717,0,,board_measured_b1_scaled_by_measured_region_factor_0.5883,matmul_b_s8,B=8;M=1;K=2;N=36;transpose_b=0,12113,pext_dot8_exact[curated[pext_nl]],measured,
337,moonshine$dispatch_337_linear_s8,,,1000000000,us,1000000000000,0,,excluded_unmeasured,linear_s8,M=1;K=288;N=288,,,excluded_unmeasured,"the roccmoon kernel #includes a hart-0-executable fallback body, so this cell is physically possible -- but no board run in this tree has measured it, and inventing a number here would be fiction"
338,moonshine$dispatch_338_add_s8,,,0.084391635,ms,84391.635,0,,board_measured_b1_scaled_by_measured_region_factor_0.5883,add_s8,n=288,3376,pext_int_add[curated[pext_nl]],measured,
339,moonshine$dispatch_339_layernorm_s8,,,0.472390192,ms,472390.192,0,,board_measured_b1_scaled_by_measured_region_factor_0.5883,layernorm_s8,M=1;K=288,18896,pext_int_rsqrt[curated[pext_nl]],measured,
340,moonshine$dispatch_340_linear_s8,,,1000000000,us,1000000000000,0,,excluded_unmeasured,linear_s8,M=1;K=288;N=288,,,excluded_unmeasured,"the roccmoon kernel #includes a hart-0-executable fallback body, so this cell is physically possible -- but no board run in this tree has measured it, and inventing a number here would be fiction"
341,moonshine$dispatch_341_matmul_b_s8,,,1.681273155,ms,1681273.155,0,,board_measured_b1_scaled_by_measured_region_factor_0.5883,matmul_b_s8,B=8;M=1;K=36;N=165;transpose_b=1,67251,pext_dot8_exact[curated[pext_nl]],measured,
342,moonshine$dispatch_342_softmax_s8,,,1.111548728,ms,1111548.728,0,,board_measured_b1_scaled_by_measured_region_factor_0.5883,softmax_s8,M=8;K=165,44462,pext_int_memo2[curated[pext_nl]],measured,
343,moonshine$dispatch_343_matmul_b_s8,,,1.518475838,ms,1518475.838,0,,board_measured_b1_scaled_by_measured_region_factor_0.5883,matmul_b_s8,B=8;M=1;K=165;N=36;transpose_b=1,60739,pext_dot8_exact[curated[pext_nl]],measured,
344,moonshine$dispatch_344_linear_s8,,,1000000000,us,1000000000000,0,,excluded_unmeasured,linear_s8,M=1;K=288;N=288,,,excluded_unmeasured,"the roccmoon kernel #includes a hart-0-executable fallback body, so this cell is physically possible -- but no board run in this tree has measured it, and inventing a number here would be fiction"
345,moonshine$dispatch_345_add_s8,,,0.082200218,ms,82200.217,0,,board_measured_b1_scaled_by_measured_region_factor_0.5883,add_s8,n=288,3288,pext_int_add[curated[pext_nl]],measured,
346,moonshine$dispatch_346_layernorm_s8,,,0.466492485,ms,466492.485,0,,board_measured_b1_scaled_by_measured_region_factor_0.5883,layernorm_s8,M=1;K=288,18660,pext_int_rsqrt[curated[pext_nl]],measured,
347,moonshine$dispatch_347_linear_s8,,,1000000000,us,1000000000000,0,,excluded_unmeasured,linear_s8,M=1;K=288;N=1152,,,excluded_unmeasured,"the roccmoon kernel #includes a hart-0-executable fallback body, so this cell is physically possible -- but no board run in this tree has measured it, and inventing a number here would be fiction"
348,moonshine$dispatch_348_silu_s8,,,0.802308833,ms,802308.833,0,,board_measured_b1_scaled_by_measured_region_factor_0.5883,silu_s8,n=1152,32092,pext_int_lut[curated[pext_nl]],measured,
349,moonshine$dispatch_349_linear_s8,,,1000000000,us,1000000000000,0,,excluded_unmeasured,linear_s8,M=1;K=288;N=1152,,,excluded_unmeasured,"the roccmoon kernel #includes a hart-0-executable fallback body, so this cell is physically possible -- but no board run in this tree has measured it, and inventing a number here would be fiction"
350,moonshine$dispatch_350_mul_s8,,,0.720946943,ms,720946.943,0,,board_measured_b1_scaled_by_measured_region_factor_0.5883,mul_s8,n=1152,28838,pext_int_mul[curated[pext_nl]],measured,
351,moonshine$dispatch_351_linear_s8,,,1000000000,us,1000000000000,0,,excluded_unmeasured,linear_s8,M=1;K=1152;N=288,,,excluded_unmeasured,"the roccmoon kernel #includes a hart-0-executable fallback body, so this cell is physically possible -- but no board run in this tree has measured it, and inventing a number here would be fiction"
352,moonshine$dispatch_352_add_s8,,,0.081288353,ms,81288.353,0,,board_measured_b1_scaled_by_measured_region_factor_0.5883,add_s8,n=288,3252,pext_int_add[curated[pext_nl]],measured,
353,moonshine$dispatch_353_layernorm_s8,,,0.462492045,ms,462492.045,0,,board_measured_b1_scaled_by_measured_region_factor_0.5883,layernorm_s8,M=1;K=288,18500,pext_int_rsqrt[curated[pext_nl]],measured,
354,moonshine$dispatch_354_linear_s8,,,1000000000,us,1000000000000,0,,excluded_unmeasured,linear_s8,M=1;K=288;N=288,,,excluded_unmeasured,"the roccmoon kernel #includes a hart-0-executable fallback body, so this cell is physically possible -- but no board run in this tree has measured it, and inventing a number here would be fiction"
355,moonshine$dispatch_355_rope_s8,,,0.138662310,ms,138662.310,0,,board_measured_b1_scaled_by_measured_region_factor_0.5883,rope_s8,T=1;H=8;D=36;R=32,5546,pext_int_rot[curated[pext_nl]],measured,
356,moonshine$dispatch_356_linear_s8,,,1000000000,us,1000000000000,0,,excluded_unmeasured,linear_s8,M=1;K=288;N=288,,,excluded_unmeasured,"the roccmoon kernel #includes a hart-0-executable fallback body, so this cell is physically possible -- but no board run in this tree has measured it, and inventing a number here would be fiction"
357,moonshine$dispatch_357_rope_s8,,,0.124498987,ms,124498.987,0,,board_measured_b1_scaled_by_measured_region_factor_0.5883,rope_s8,T=1;H=8;D=36;R=32,4980,pext_int_rot[curated[pext_nl]],measured,
358,moonshine$dispatch_358_linear_s8,,,1000000000,us,1000000000000,0,,excluded_unmeasured,linear_s8,M=1;K=288;N=288,,,excluded_unmeasured,"the roccmoon kernel #includes a hart-0-executable fallback body, so this cell is physically possible -- but no board run in this tree has measured it, and inventing a number here would be fiction"
359,moonshine$dispatch_359_cat2_c1_s8,,,0.247659593,ms,247659.593,0,,board_measured_b1_scaled_by_measured_region_factor_0.5883,cat2_c1_s8,N=1;H=288;W=1;C_inputs=1|1;C_total=2,9906,pext_memo_lut[curated[pext_nl]],measured,
360,moonshine$dispatch_360_cat2_c1_s8,,,0.230598893,ms,230598.893,0,,board_measured_b1_scaled_by_measured_region_factor_0.5883,cat2_c1_s8,N=1;H=288;W=1;C_inputs=1|1;C_total=2,9224,pext_memo_lut[curated[pext_nl]],measured,
361,moonshine$dispatch_361_permute4_s8,,,0.031518173,ms,31518.173,0,,board_measured_b1_scaled_by_measured_region_factor_0.5883,permute4_s8,d0=1;d1=2;d2=8;d3=36;p0=0;p1=2;p2=1;p3=3,1261,pext_block[curated[pext_nl]],measured,
362,moonshine$dispatch_362_permute4_s8,,,0.025002750,ms,25002.750,0,,board_measured_b1_scaled_by_measured_region_factor_0.5883,permute4_s8,d0=1;d1=2;d2=8;d3=36;p0=0;p1=2;p2=1;p3=3,1000,pext_block[curated[pext_nl]],measured,
363,moonshine$dispatch_363_matmul_b_s8,,,0.127719930,ms,127719.930,0,,board_measured_b1_scaled_by_measured_region_factor_0.5883,matmul_b_s8,B=8;M=1;K=36;N=2;transpose_b=1,5109,pext_dot8_exact[curated[pext_nl]],measured,
364,moonshine$dispatch_364_softmax_s8,,,0.161988405,ms,161988.405,0,,board_measured_b1_scaled_by_measured_region_factor_0.5883,softmax_s8,M=8;K=2,6480,pext_int_memo2[curated[pext_nl]],measured,
365,moonshine$dispatch_365_matmul_b_s8,,,0.295959023,ms,295959.023,0,,board_measured_b1_scaled_by_measured_region_factor_0.5883,matmul_b_s8,B=8;M=1;K=2;N=36;transpose_b=0,11838,pext_dot8_exact[curated[pext_nl]],measured,
366,moonshine$dispatch_366_linear_s8,,,1000000000,us,1000000000000,0,,excluded_unmeasured,linear_s8,M=1;K=288;N=288,,,excluded_unmeasured,"the roccmoon kernel #includes a hart-0-executable fallback body, so this cell is physically possible -- but no board run in this tree has measured it, and inventing a number here would be fiction"
367,moonshine$dispatch_367_add_s8,,,0.089495138,ms,89495.138,0,,board_measured_b1_scaled_by_measured_region_factor_0.5883,add_s8,n=288,3580,pext_int_add[curated[pext_nl]],measured,
368,moonshine$dispatch_368_layernorm_s8,,,0.472022505,ms,472022.505,0,,board_measured_b1_scaled_by_measured_region_factor_0.5883,layernorm_s8,M=1;K=288,18881,pext_int_rsqrt[curated[pext_nl]],measured,
369,moonshine$dispatch_369_linear_s8,,,1000000000,us,1000000000000,0,,excluded_unmeasured,linear_s8,M=1;K=288;N=288,,,excluded_unmeasured,"the roccmoon kernel #includes a hart-0-executable fallback body, so this cell is physically possible -- but no board run in this tree has measured it, and inventing a number here would be fiction"
370,moonshine$dispatch_370_matmul_b_s8,,,1.659770790,ms,1659770.790,0,,board_measured_b1_scaled_by_measured_region_factor_0.5883,matmul_b_s8,B=8;M=1;K=36;N=165;transpose_b=1,66391,pext_dot8_exact[curated[pext_nl]],measured,
371,moonshine$dispatch_371_softmax_s8,,,1.054777778,ms,1054777.778,0,,board_measured_b1_scaled_by_measured_region_factor_0.5883,softmax_s8,M=8;K=165,42191,pext_int_memo2[curated[pext_nl]],measured,
372,moonshine$dispatch_372_matmul_b_s8,,,1.522770428,ms,1522770.428,0,,board_measured_b1_scaled_by_measured_region_factor_0.5883,matmul_b_s8,B=8;M=1;K=165;N=36;transpose_b=1,60911,pext_dot8_exact[curated[pext_nl]],measured,
373,moonshine$dispatch_373_linear_s8,,,1000000000,us,1000000000000,0,,excluded_unmeasured,linear_s8,M=1;K=288;N=288,,,excluded_unmeasured,"the roccmoon kernel #includes a hart-0-executable fallback body, so this cell is physically possible -- but no board run in this tree has measured it, and inventing a number here would be fiction"
374,moonshine$dispatch_374_add_s8,,,0.085700603,ms,85700.602,0,,board_measured_b1_scaled_by_measured_region_factor_0.5883,add_s8,n=288,3428,pext_int_add[curated[pext_nl]],measured,
375,moonshine$dispatch_375_layernorm_s8,,,0.466874880,ms,466874.880,0,,board_measured_b1_scaled_by_measured_region_factor_0.5883,layernorm_s8,M=1;K=288,18675,pext_int_rsqrt[curated[pext_nl]],measured,
376,moonshine$dispatch_376_linear_s8,,,1000000000,us,1000000000000,0,,excluded_unmeasured,linear_s8,M=1;K=288;N=1152,,,excluded_unmeasured,"the roccmoon kernel #includes a hart-0-executable fallback body, so this cell is physically possible -- but no board run in this tree has measured it, and inventing a number here would be fiction"
377,moonshine$dispatch_377_silu_s8,,,0.719726220,ms,719726.220,0,,board_measured_b1_scaled_by_measured_region_factor_0.5883,silu_s8,n=1152,28789,pext_int_lut[curated[pext_nl]],measured,
378,moonshine$dispatch_378_linear_s8,,,1000000000,us,1000000000000,0,,excluded_unmeasured,linear_s8,M=1;K=288;N=1152,,,excluded_unmeasured,"the roccmoon kernel #includes a hart-0-executable fallback body, so this cell is physically possible -- but no board run in this tree has measured it, and inventing a number here would be fiction"
379,moonshine$dispatch_379_mul_s8,,,0.720005662,ms,720005.662,0,,board_measured_b1_scaled_by_measured_region_factor_0.5883,mul_s8,n=1152,28800,pext_int_mul[curated[pext_nl]],measured,
380,moonshine$dispatch_380_linear_s8,,,1000000000,us,1000000000000,0,,excluded_unmeasured,linear_s8,M=1;K=1152;N=288,,,excluded_unmeasured,"the roccmoon kernel #includes a hart-0-executable fallback body, so this cell is physically possible -- but no board run in this tree has measured it, and inventing a number here would be fiction"
381,moonshine$dispatch_381_add_s8,,,0.081861945,ms,81861.945,0,,board_measured_b1_scaled_by_measured_region_factor_0.5883,add_s8,n=288,3274,pext_int_add[curated[pext_nl]],measured,
382,moonshine$dispatch_382_layernorm_s8,,,0.467095492,ms,467095.492,0,,board_measured_b1_scaled_by_measured_region_factor_0.5883,layernorm_s8,M=1;K=288,18684,pext_int_rsqrt[curated[pext_nl]],measured,
383,moonshine$dispatch_383_linear_s8,,,1000000000,us,1000000000000,0,,excluded_unmeasured,linear_s8,M=1;K=288;N=288,,,excluded_unmeasured,"the roccmoon kernel #includes a hart-0-executable fallback body, so this cell is physically possible -- but no board run in this tree has measured it, and inventing a number here would be fiction"
384,moonshine$dispatch_384_rope_s8,,,0.141147878,ms,141147.878,0,,board_measured_b1_scaled_by_measured_region_factor_0.5883,rope_s8,T=1;H=8;D=36;R=32,5646,pext_int_rot[curated[pext_nl]],measured,
385,moonshine$dispatch_385_linear_s8,,,1000000000,us,1000000000000,0,,excluded_unmeasured,linear_s8,M=1;K=288;N=288,,,excluded_unmeasured,"the roccmoon kernel #includes a hart-0-executable fallback body, so this cell is physically possible -- but no board run in this tree has measured it, and inventing a number here would be fiction"
386,moonshine$dispatch_386_rope_s8,,,0.122307570,ms,122307.570,0,,board_measured_b1_scaled_by_measured_region_factor_0.5883,rope_s8,T=1;H=8;D=36;R=32,4892,pext_int_rot[curated[pext_nl]],measured,
387,moonshine$dispatch_387_linear_s8,,,1000000000,us,1000000000000,0,,excluded_unmeasured,linear_s8,M=1;K=288;N=288,,,excluded_unmeasured,"the roccmoon kernel #includes a hart-0-executable fallback body, so this cell is physically possible -- but no board run in this tree has measured it, and inventing a number here would be fiction"
388,moonshine$dispatch_388_cat2_c1_s8,,,0.247850790,ms,247850.790,0,,board_measured_b1_scaled_by_measured_region_factor_0.5883,cat2_c1_s8,N=1;H=288;W=1;C_inputs=1|1;C_total=2,9914,pext_memo_lut[curated[pext_nl]],measured,
389,moonshine$dispatch_389_cat2_c1_s8,,,0.231878445,ms,231878.445,0,,board_measured_b1_scaled_by_measured_region_factor_0.5883,cat2_c1_s8,N=1;H=288;W=1;C_inputs=1|1;C_total=2,9275,pext_memo_lut[curated[pext_nl]],measured,
390,moonshine$dispatch_390_permute4_s8,,,0.031150485,ms,31150.485,0,,board_measured_b1_scaled_by_measured_region_factor_0.5883,permute4_s8,d0=1;d1=2;d2=8;d3=36;p0=0;p1=2;p2=1;p3=3,1246,pext_block[curated[pext_nl]],measured,
391,moonshine$dispatch_391_permute4_s8,,,0.025223362,ms,25223.362,0,,board_measured_b1_scaled_by_measured_region_factor_0.5883,permute4_s8,d0=1;d1=2;d2=8;d3=36;p0=0;p1=2;p2=1;p3=3,1009,pext_block[curated[pext_nl]],measured,
392,moonshine$dispatch_392_matmul_b_s8,,,0.124557818,ms,124557.818,0,,board_measured_b1_scaled_by_measured_region_factor_0.5883,matmul_b_s8,B=8;M=1;K=36;N=2;transpose_b=1,4982,pext_dot8_exact[curated[pext_nl]],measured,
393,moonshine$dispatch_393_softmax_s8,,,0.163606230,ms,163606.230,0,,board_measured_b1_scaled_by_measured_region_factor_0.5883,softmax_s8,M=8;K=2,6544,pext_int_memo2[curated[pext_nl]],measured,
394,moonshine$dispatch_394_matmul_b_s8,,,0.299312333,ms,299312.333,0,,board_measured_b1_scaled_by_measured_region_factor_0.5883,matmul_b_s8,B=8;M=1;K=2;N=36;transpose_b=0,11972,pext_dot8_exact[curated[pext_nl]],measured,
395,moonshine$dispatch_395_linear_s8,,,1000000000,us,1000000000000,0,,excluded_unmeasured,linear_s8,M=1;K=288;N=288,,,excluded_unmeasured,"the roccmoon kernel #includes a hart-0-executable fallback body, so this cell is physically possible -- but no board run in this tree has measured it, and inventing a number here would be fiction"
396,moonshine$dispatch_396_add_s8,,,0.084847567,ms,84847.568,0,,board_measured_b1_scaled_by_measured_region_factor_0.5883,add_s8,n=288,3394,pext_int_add[curated[pext_nl]],measured,
397,moonshine$dispatch_397_layernorm_s8,,,0.472390192,ms,472390.192,0,,board_measured_b1_scaled_by_measured_region_factor_0.5883,layernorm_s8,M=1;K=288,18896,pext_int_rsqrt[curated[pext_nl]],measured,
398,moonshine$dispatch_398_linear_s8,,,1000000000,us,1000000000000,0,,excluded_unmeasured,linear_s8,M=1;K=288;N=288,,,excluded_unmeasured,"the roccmoon kernel #includes a hart-0-executable fallback body, so this cell is physically possible -- but no board run in this tree has measured it, and inventing a number here would be fiction"
399,moonshine$dispatch_399_matmul_b_s8,,,1.639900958,ms,1639900.958,0,,board_measured_b1_scaled_by_measured_region_factor_0.5883,matmul_b_s8,B=8;M=1;K=36;N=165;transpose_b=1,65596,pext_dot8_exact[curated[pext_nl]],measured,
400,moonshine$dispatch_400_softmax_s8,,,0.933337950,ms,933337.950,0,,board_measured_b1_scaled_by_measured_region_factor_0.5883,softmax_s8,M=8;K=165,37334,pext_int_memo2[curated[pext_nl]],measured,
401,moonshine$dispatch_401_matmul_b_s8,,,1.513048770,ms,1513048.770,0,,board_measured_b1_scaled_by_measured_region_factor_0.5883,matmul_b_s8,B=8;M=1;K=165;N=36;transpose_b=1,60522,pext_dot8_exact[curated[pext_nl]],measured,
402,moonshine$dispatch_402_linear_s8,,,1000000000,us,1000000000000,0,,excluded_unmeasured,linear_s8,M=1;K=288;N=288,,,excluded_unmeasured,"the roccmoon kernel #includes a hart-0-executable fallback body, so this cell is physically possible -- but no board run in this tree has measured it, and inventing a number here would be fiction"
403,moonshine$dispatch_403_add_s8,,,0.084906397,ms,84906.397,0,,board_measured_b1_scaled_by_measured_region_factor_0.5883,add_s8,n=288,3396,pext_int_add[curated[pext_nl]],measured,
404,moonshine$dispatch_404_layernorm_s8,,,0.470537048,ms,470537.048,0,,board_measured_b1_scaled_by_measured_region_factor_0.5883,layernorm_s8,M=1;K=288,18821,pext_int_rsqrt[curated[pext_nl]],measured,
405,moonshine$dispatch_405_linear_s8,,,1000000000,us,1000000000000,0,,excluded_unmeasured,linear_s8,M=1;K=288;N=1152,,,excluded_unmeasured,"the roccmoon kernel #includes a hart-0-executable fallback body, so this cell is physically possible -- but no board run in this tree has measured it, and inventing a number here would be fiction"
406,moonshine$dispatch_406_silu_s8,,,0.850667093,ms,850667.093,0,,board_measured_b1_scaled_by_measured_region_factor_0.5883,silu_s8,n=1152,34027,pext_int_lut[curated[pext_nl]],measured,
407,moonshine$dispatch_407_linear_s8,,,1000000000,us,1000000000000,0,,excluded_unmeasured,linear_s8,M=1;K=288;N=1152,,,excluded_unmeasured,"the roccmoon kernel #includes a hart-0-executable fallback body, so this cell is physically possible -- but no board run in this tree has measured it, and inventing a number here would be fiction"
408,moonshine$dispatch_408_mul_s8,,,0.724270837,ms,724270.838,0,,board_measured_b1_scaled_by_measured_region_factor_0.5883,mul_s8,n=1152,28971,pext_int_mul[curated[pext_nl]],measured,
409,moonshine$dispatch_409_linear_s8,,,1000000000,us,1000000000000,0,,excluded_unmeasured,linear_s8,M=1;K=1152;N=288,,,excluded_unmeasured,"the roccmoon kernel #includes a hart-0-executable fallback body, so this cell is physically possible -- but no board run in this tree has measured it, and inventing a number here would be fiction"
410,moonshine$dispatch_410_add_s8,,,0.081553087,ms,81553.087,0,,board_measured_b1_scaled_by_measured_region_factor_0.5883,add_s8,n=288,3262,pext_int_add[curated[pext_nl]],measured,
411,moonshine$dispatch_411_layernorm_s8,,,0.465404130,ms,465404.130,0,,board_measured_b1_scaled_by_measured_region_factor_0.5883,layernorm_s8,M=1;K=288,18616,pext_int_rsqrt[curated[pext_nl]],measured,
412,moonshine$dispatch_412_linear_s8,,,1000000000,us,1000000000000,0,,excluded_unmeasured,linear_s8,M=1;K=288;N=288,,,excluded_unmeasured,"the roccmoon kernel #includes a hart-0-executable fallback body, so this cell is physically possible -- but no board run in this tree has measured it, and inventing a number here would be fiction"
413,moonshine$dispatch_413_rope_s8,,,0.142603920,ms,142603.920,0,,board_measured_b1_scaled_by_measured_region_factor_0.5883,rope_s8,T=1;H=8;D=36;R=32,5704,pext_int_rot[curated[pext_nl]],measured,
414,moonshine$dispatch_414_linear_s8,,,1000000000,us,1000000000000,0,,excluded_unmeasured,linear_s8,M=1;K=288;N=288,,,excluded_unmeasured,"the roccmoon kernel #includes a hart-0-executable fallback body, so this cell is physically possible -- but no board run in this tree has measured it, and inventing a number here would be fiction"
415,moonshine$dispatch_415_rope_s8,,,0.124425450,ms,124425.450,0,,board_measured_b1_scaled_by_measured_region_factor_0.5883,rope_s8,T=1;H=8;D=36;R=32,4977,pext_int_rot[curated[pext_nl]],measured,
416,moonshine$dispatch_416_linear_s8,,,1000000000,us,1000000000000,0,,excluded_unmeasured,linear_s8,M=1;K=288;N=288,,,excluded_unmeasured,"the roccmoon kernel #includes a hart-0-executable fallback body, so this cell is physically possible -- but no board run in this tree has measured it, and inventing a number here would be fiction"
417,moonshine$dispatch_417_cat2_c1_s8,,,0.251615910,ms,251615.910,0,,board_measured_b1_scaled_by_measured_region_factor_0.5883,cat2_c1_s8,N=1;H=288;W=1;C_inputs=1|1;C_total=2,10065,pext_memo_lut[curated[pext_nl]],measured,
418,moonshine$dispatch_418_cat2_c1_s8,,,0.230098838,ms,230098.838,0,,board_measured_b1_scaled_by_measured_region_factor_0.5883,cat2_c1_s8,N=1;H=288;W=1;C_inputs=1|1;C_total=2,9204,pext_memo_lut[curated[pext_nl]],measured,
419,moonshine$dispatch_419_permute4_s8,,,0.032635943,ms,32635.943,0,,board_measured_b1_scaled_by_measured_region_factor_0.5883,permute4_s8,d0=1;d1=2;d2=8;d3=36;p0=0;p1=2;p2=1;p3=3,1305,pext_block[curated[pext_nl]],measured,
420,moonshine$dispatch_420_permute4_s8,,,0.025061580,ms,25061.580,0,,board_measured_b1_scaled_by_measured_region_factor_0.5883,permute4_s8,d0=1;d1=2;d2=8;d3=36;p0=0;p1=2;p2=1;p3=3,1002,pext_block[curated[pext_nl]],measured,
421,moonshine$dispatch_421_matmul_b_s8,,,0.128631795,ms,128631.795,0,,board_measured_b1_scaled_by_measured_region_factor_0.5883,matmul_b_s8,B=8;M=1;K=36;N=2;transpose_b=1,5145,pext_dot8_exact[curated[pext_nl]],measured,
422,moonshine$dispatch_422_softmax_s8,,,0.163356203,ms,163356.203,0,,board_measured_b1_scaled_by_measured_region_factor_0.5883,softmax_s8,M=8;K=2,6534,pext_int_memo2[curated[pext_nl]],measured,
423,moonshine$dispatch_423_matmul_b_s8,,,0.304224638,ms,304224.638,0,,board_measured_b1_scaled_by_measured_region_factor_0.5883,matmul_b_s8,B=8;M=1;K=2;N=36;transpose_b=0,12169,pext_dot8_exact[curated[pext_nl]],measured,
424,moonshine$dispatch_424_linear_s8,,,1000000000,us,1000000000000,0,,excluded_unmeasured,linear_s8,M=1;K=288;N=288,,,excluded_unmeasured,"the roccmoon kernel #includes a hart-0-executable fallback body, so this cell is physically possible -- but no board run in this tree has measured it, and inventing a number here would be fiction"
425,moonshine$dispatch_425_add_s8,,,0.086127120,ms,86127.120,0,,board_measured_b1_scaled_by_measured_region_factor_0.5883,add_s8,n=288,3445,pext_int_add[curated[pext_nl]],measured,
426,moonshine$dispatch_426_layernorm_s8,,,0.475655258,ms,475655.258,0,,board_measured_b1_scaled_by_measured_region_factor_0.5883,layernorm_s8,M=1;K=288,19026,pext_int_rsqrt[curated[pext_nl]],measured,
427,moonshine$dispatch_427_linear_s8,,,1000000000,us,1000000000000,0,,excluded_unmeasured,linear_s8,M=1;K=288;N=288,,,excluded_unmeasured,"the roccmoon kernel #includes a hart-0-executable fallback body, so this cell is physically possible -- but no board run in this tree has measured it, and inventing a number here would be fiction"
428,moonshine$dispatch_428_matmul_b_s8,,,1.650740385,ms,1650740.385,0,,board_measured_b1_scaled_by_measured_region_factor_0.5883,matmul_b_s8,B=8;M=1;K=36;N=165;transpose_b=1,66030,pext_dot8_exact[curated[pext_nl]],measured,
429,moonshine$dispatch_429_softmax_s8,,,0.954840315,ms,954840.315,0,,board_measured_b1_scaled_by_measured_region_factor_0.5883,softmax_s8,M=8;K=165,38194,pext_int_memo2[curated[pext_nl]],measured,
430,moonshine$dispatch_430_matmul_b_s8,,,1.507989390,ms,1507989.390,0,,board_measured_b1_scaled_by_measured_region_factor_0.5883,matmul_b_s8,B=8;M=1;K=165;N=36;transpose_b=1,60320,pext_dot8_exact[curated[pext_nl]],measured,
431,moonshine$dispatch_431_linear_s8,,,1000000000,us,1000000000000,0,,excluded_unmeasured,linear_s8,M=1;K=288;N=288,,,excluded_unmeasured,"the roccmoon kernel #includes a hart-0-executable fallback body, so this cell is physically possible -- but no board run in this tree has measured it, and inventing a number here would be fiction"
432,moonshine$dispatch_432_add_s8,,,0.084141608,ms,84141.608,0,,board_measured_b1_scaled_by_measured_region_factor_0.5883,add_s8,n=288,3366,pext_int_add[curated[pext_nl]],measured,
433,moonshine$dispatch_433_layernorm_s8,,,0.468801562,ms,468801.562,0,,board_measured_b1_scaled_by_measured_region_factor_0.5883,layernorm_s8,M=1;K=288,18752,pext_int_rsqrt[curated[pext_nl]],measured,
434,moonshine$dispatch_434_linear_s8,,,1000000000,us,1000000000000,0,,excluded_unmeasured,linear_s8,M=1;K=288;N=1152,,,excluded_unmeasured,"the roccmoon kernel #includes a hart-0-executable fallback body, so this cell is physically possible -- but no board run in this tree has measured it, and inventing a number here would be fiction"
435,moonshine$dispatch_435_silu_s8,,,0.820384350,ms,820384.350,0,,board_measured_b1_scaled_by_measured_region_factor_0.5883,silu_s8,n=1152,32815,pext_int_lut[curated[pext_nl]],measured,
436,moonshine$dispatch_436_linear_s8,,,1000000000,us,1000000000000,0,,excluded_unmeasured,linear_s8,M=1;K=288;N=1152,,,excluded_unmeasured,"the roccmoon kernel #includes a hart-0-executable fallback body, so this cell is physically possible -- but no board run in this tree has measured it, and inventing a number here would be fiction"
437,moonshine$dispatch_437_mul_s8,,,0.724638525,ms,724638.525,0,,board_measured_b1_scaled_by_measured_region_factor_0.5883,mul_s8,n=1152,28986,pext_int_mul[curated[pext_nl]],measured,
438,moonshine$dispatch_438_linear_s8,,,1000000000,us,1000000000000,0,,excluded_unmeasured,linear_s8,M=1;K=1152;N=288,,,excluded_unmeasured,"the roccmoon kernel #includes a hart-0-executable fallback body, so this cell is physically possible -- but no board run in this tree has measured it, and inventing a number here would be fiction"
439,moonshine$dispatch_439_add_s8,,,0.080067630,ms,80067.630,0,,board_measured_b1_scaled_by_measured_region_factor_0.5883,add_s8,n=288,3203,pext_int_add[curated[pext_nl]],measured,
440,moonshine$dispatch_440_layernorm_s8,,,0.466213043,ms,466213.043,0,,board_measured_b1_scaled_by_measured_region_factor_0.5883,layernorm_s8,M=1;K=288,18649,pext_int_rsqrt[curated[pext_nl]],measured,
441,moonshine$dispatch_441_linear_s8,,,1000000000,us,1000000000000,0,,excluded_unmeasured,linear_s8,M=1;K=288;N=288,,,excluded_unmeasured,"the roccmoon kernel #includes a hart-0-executable fallback body, so this cell is physically possible -- but no board run in this tree has measured it, and inventing a number here would be fiction"
442,moonshine$dispatch_442_rope_s8,,,0.145942523,ms,145942.522,0,,board_measured_b1_scaled_by_measured_region_factor_0.5883,rope_s8,T=1;H=8;D=36;R=32,5838,pext_int_rot[curated[pext_nl]],measured,
443,moonshine$dispatch_443_linear_s8,,,1000000000,us,1000000000000,0,,excluded_unmeasured,linear_s8,M=1;K=288;N=288,,,excluded_unmeasured,"the roccmoon kernel #includes a hart-0-executable fallback body, so this cell is physically possible -- but no board run in this tree has measured it, and inventing a number here would be fiction"
444,moonshine$dispatch_444_rope_s8,,,0.125307900,ms,125307.900,0,,board_measured_b1_scaled_by_measured_region_factor_0.5883,rope_s8,T=1;H=8;D=36;R=32,5012,pext_int_rot[curated[pext_nl]],measured,
445,moonshine$dispatch_445_linear_s8,,,1000000000,us,1000000000000,0,,excluded_unmeasured,linear_s8,M=1;K=288;N=288,,,excluded_unmeasured,"the roccmoon kernel #includes a hart-0-executable fallback body, so this cell is physically possible -- but no board run in this tree has measured it, and inventing a number here would be fiction"
446,moonshine$dispatch_446_cat2_c1_s8,,,0.286693298,ms,286693.298,0,,board_measured_b1_scaled_by_measured_region_factor_0.5883,cat2_c1_s8,N=1;H=288;W=1;C_inputs=1|1;C_total=2,11468,pext_memo_lut[curated[pext_nl]],measured,
447,moonshine$dispatch_447_cat2_c1_s8,,,0.230893043,ms,230893.043,0,,board_measured_b1_scaled_by_measured_region_factor_0.5883,cat2_c1_s8,N=1;H=288;W=1;C_inputs=1|1;C_total=2,9236,pext_memo_lut[curated[pext_nl]],measured,
448,moonshine$dispatch_448_permute4_s8,,,0.032238840,ms,32238.840,0,,board_measured_b1_scaled_by_measured_region_factor_0.5883,permute4_s8,d0=1;d1=2;d2=8;d3=36;p0=0;p1=2;p2=1;p3=3,1290,pext_block[curated[pext_nl]],measured,
449,moonshine$dispatch_449_permute4_s8,,,0.024973335,ms,24973.335,0,,board_measured_b1_scaled_by_measured_region_factor_0.5883,permute4_s8,d0=1;d1=2;d2=8;d3=36;p0=0;p1=2;p2=1;p3=3,999,pext_block[curated[pext_nl]],measured,
450,moonshine$dispatch_450_matmul_b_s8,,,0.125543220,ms,125543.220,0,,board_measured_b1_scaled_by_measured_region_factor_0.5883,matmul_b_s8,B=8;M=1;K=36;N=2;transpose_b=1,5022,pext_dot8_exact[curated[pext_nl]],measured,
451,moonshine$dispatch_451_softmax_s8,,,0.165532913,ms,165532.913,0,,board_measured_b1_scaled_by_measured_region_factor_0.5883,softmax_s8,M=8;K=2,6621,pext_int_memo2[curated[pext_nl]],measured,
452,moonshine$dispatch_452_matmul_b_s8,,,0.297900413,ms,297900.413,0,,board_measured_b1_scaled_by_measured_region_factor_0.5883,matmul_b_s8,B=8;M=1;K=2;N=36;transpose_b=0,11916,pext_dot8_exact[curated[pext_nl]],measured,
453,moonshine$dispatch_453_linear_s8,,,1000000000,us,1000000000000,0,,excluded_unmeasured,linear_s8,M=1;K=288;N=288,,,excluded_unmeasured,"the roccmoon kernel #includes a hart-0-executable fallback body, so this cell is physically possible -- but no board run in this tree has measured it, and inventing a number here would be fiction"
454,moonshine$dispatch_454_add_s8,,,0.086318318,ms,86318.318,0,,board_measured_b1_scaled_by_measured_region_factor_0.5883,add_s8,n=288,3453,pext_int_add[curated[pext_nl]],measured,
455,moonshine$dispatch_455_layernorm_s8,,,0.476567122,ms,476567.122,0,,board_measured_b1_scaled_by_measured_region_factor_0.5883,layernorm_s8,M=1;K=288,19063,pext_int_rsqrt[curated[pext_nl]],measured,
456,moonshine$dispatch_456_linear_s8,,,1000000000,us,1000000000000,0,,excluded_unmeasured,linear_s8,M=1;K=288;N=288,,,excluded_unmeasured,"the roccmoon kernel #includes a hart-0-executable fallback body, so this cell is physically possible -- but no board run in this tree has measured it, and inventing a number here would be fiction"
457,moonshine$dispatch_457_matmul_b_s8,,,1.638327255,ms,1638327.255,0,,board_measured_b1_scaled_by_measured_region_factor_0.5883,matmul_b_s8,B=8;M=1;K=36;N=165;transpose_b=1,65533,pext_dot8_exact[curated[pext_nl]],measured,
458,moonshine$dispatch_458_softmax_s8,,,1.012302517,ms,1012302.517,0,,board_measured_b1_scaled_by_measured_region_factor_0.5883,softmax_s8,M=8;K=165,40492,pext_int_memo2[curated[pext_nl]],measured,
459,moonshine$dispatch_459_matmul_b_s8,,,1.512475178,ms,1512475.177,0,,board_measured_b1_scaled_by_measured_region_factor_0.5883,matmul_b_s8,B=8;M=1;K=165;N=36;transpose_b=1,60499,pext_dot8_exact[curated[pext_nl]],measured,
460,moonshine$dispatch_460_linear_s8,,,1000000000,us,1000000000000,0,,excluded_unmeasured,linear_s8,M=1;K=288;N=288,,,excluded_unmeasured,"the roccmoon kernel #includes a hart-0-executable fallback body, so this cell is physically possible -- but no board run in this tree has measured it, and inventing a number here would be fiction"
461,moonshine$dispatch_461_add_s8,,,0.082744395,ms,82744.395,0,,board_measured_b1_scaled_by_measured_region_factor_0.5883,add_s8,n=288,3310,pext_int_add[curated[pext_nl]],measured,
462,moonshine$dispatch_462_layernorm_s8,,,0.470772368,ms,470772.367,0,,board_measured_b1_scaled_by_measured_region_factor_0.5883,layernorm_s8,M=1;K=288,18831,pext_int_rsqrt[curated[pext_nl]],measured,
463,moonshine$dispatch_463_linear_s8,,,1000000000,us,1000000000000,0,,excluded_unmeasured,linear_s8,M=1;K=288;N=1152,,,excluded_unmeasured,"the roccmoon kernel #includes a hart-0-executable fallback body, so this cell is physically possible -- but no board run in this tree has measured it, and inventing a number here would be fiction"
464,moonshine$dispatch_464_silu_s8,,,0.778217948,ms,778217.948,0,,board_measured_b1_scaled_by_measured_region_factor_0.5883,silu_s8,n=1152,31129,pext_int_lut[curated[pext_nl]],measured,
465,moonshine$dispatch_465_linear_s8,,,1000000000,us,1000000000000,0,,excluded_unmeasured,linear_s8,M=1;K=288;N=1152,,,excluded_unmeasured,"the roccmoon kernel #includes a hart-0-executable fallback body, so this cell is physically possible -- but no board run in this tree has measured it, and inventing a number here would be fiction"
466,moonshine$dispatch_466_mul_s8,,,0.721432290,ms,721432.290,0,,board_measured_b1_scaled_by_measured_region_factor_0.5883,mul_s8,n=1152,28857,pext_int_mul[curated[pext_nl]],measured,
467,moonshine$dispatch_467_linear_s8,,,1000000000,us,1000000000000,0,,excluded_unmeasured,linear_s8,M=1;K=1152;N=288,,,excluded_unmeasured,"the roccmoon kernel #includes a hart-0-executable fallback body, so this cell is physically possible -- but no board run in this tree has measured it, and inventing a number here would be fiction"
468,moonshine$dispatch_468_add_s8,,,0.082626735,ms,82626.735,0,,board_measured_b1_scaled_by_measured_region_factor_0.5883,add_s8,n=288,3305,pext_int_add[curated[pext_nl]],measured,
469,moonshine$dispatch_469_layernorm_s8,,,0.465830648,ms,465830.648,0,,board_measured_b1_scaled_by_measured_region_factor_0.5883,layernorm_s8,M=1;K=288,18633,pext_int_rsqrt[curated[pext_nl]],measured,
470,moonshine$dispatch_470_linear_s8,,,1000000000,us,1000000000000,0,,excluded_unmeasured,linear_s8,M=1;K=288;N=16384,,,excluded_unmeasured,"the roccmoon kernel #includes a hart-0-executable fallback body, so this cell is physically possible -- but no board run in this tree has measured it, and inventing a number here would be fiction"
471,moonshine$dispatch_471_linear_s8,,,1000000000,us,1000000000000,0,,excluded_unmeasured,linear_s8,M=1;K=288;N=16384,,,excluded_unmeasured,"the roccmoon kernel #includes a hart-0-executable fallback body, so this cell is physically possible -- but no board run in this tree has measured it, and inventing a number here would be fiction"
472,moonshine$dispatch_472_cat2_c1_s8,,,0.780218168,ms,780218.168,0,,board_measured_b1_scaled_by_measured_region_factor_0.5883,cat2_c1_s8,N=1;H=1;W=1;C_inputs=16384|16384;C_total=32768,31209,pext_memo_lut[curated[pext_nl]],measured,
473,moonshine$dispatch_473_layernorm_s8,,,0.469625183,ms,469625.182,0,,board_measured_b1_scaled_by_measured_region_factor_0.5883,layernorm_s8,M=1;K=288,18785,pext_int_rsqrt[curated[pext_nl]],measured,
474,moonshine$dispatch_474_linear_s8,,,1000000000,us,1000000000000,0,,excluded_unmeasured,linear_s8,M=1;K=288;N=288,,,excluded_unmeasured,"the roccmoon kernel #includes a hart-0-executable fallback body, so this cell is physically possible -- but no board run in this tree has measured it, and inventing a number here would be fiction"
475,moonshine$dispatch_475_rope_s8,,,0.145545420,ms,145545.420,0,,board_measured_b1_scaled_by_measured_region_factor_0.5883,rope_s8,T=1;H=8;D=36;R=32,5822,pext_int_rot[curated[pext_nl]],measured,
476,moonshine$dispatch_476_linear_s8,,,1000000000,us,1000000000000,0,,excluded_unmeasured,linear_s8,M=1;K=288;N=288,,,excluded_unmeasured,"the roccmoon kernel #includes a hart-0-executable fallback body, so this cell is physically possible -- but no board run in this tree has measured it, and inventing a number here would be fiction"
477,moonshine$dispatch_477_rope_s8,,,0.123292973,ms,123292.973,0,,board_measured_b1_scaled_by_measured_region_factor_0.5883,rope_s8,T=1;H=8;D=36;R=32,4932,pext_int_rot[curated[pext_nl]],measured,
478,moonshine$dispatch_478_linear_s8,,,1000000000,us,1000000000000,0,,excluded_unmeasured,linear_s8,M=1;K=288;N=288,,,excluded_unmeasured,"the roccmoon kernel #includes a hart-0-executable fallback body, so this cell is physically possible -- but no board run in this tree has measured it, and inventing a number here would be fiction"
479,moonshine$dispatch_479_cat2_c1_s8,,,0.295414845,ms,295414.845,0,,board_measured_b1_scaled_by_measured_region_factor_0.5883,cat2_c1_s8,N=1;H=288;W=1;C_inputs=2|1;C_total=3,11817,pext_memo_lut[curated[pext_nl]],measured,
480,moonshine$dispatch_480_cat2_c1_s8,,,0.282251632,ms,282251.632,0,,board_measured_b1_scaled_by_measured_region_factor_0.5883,cat2_c1_s8,N=1;H=288;W=1;C_inputs=2|1;C_total=3,11290,pext_memo_lut[curated[pext_nl]],measured,
481,moonshine$dispatch_481_permute4_s8,,,0.040975095,ms,40975.095,0,,board_measured_b1_scaled_by_measured_region_factor_0.5883,permute4_s8,d0=1;d1=3;d2=8;d3=36;p0=0;p1=2;p2=1;p3=3,1639,pext_block[curated[pext_nl]],measured,
482,moonshine$dispatch_482_permute4_s8,,,0.036533430,ms,36533.430,0,,board_measured_b1_scaled_by_measured_region_factor_0.5883,permute4_s8,d0=1;d1=3;d2=8;d3=36;p0=0;p1=2;p2=1;p3=3,1461,pext_block[curated[pext_nl]],measured,
483,moonshine$dispatch_483_matmul_b_s8,,,0.143559908,ms,143559.908,0,,board_measured_b1_scaled_by_measured_region_factor_0.5883,matmul_b_s8,B=8;M=1;K=36;N=3;transpose_b=1,5742,pext_dot8_exact[curated[pext_nl]],measured,
484,moonshine$dispatch_484_softmax_s8,,,0.188079510,ms,188079.510,0,,board_measured_b1_scaled_by_measured_region_factor_0.5883,softmax_s8,M=8;K=3,7523,pext_int_memo2[curated[pext_nl]],measured,
485,moonshine$dispatch_485_matmul_b_s8,,,0.350156160,ms,350156.160,0,,board_measured_b1_scaled_by_measured_region_factor_0.5883,matmul_b_s8,B=8;M=1;K=3;N=36;transpose_b=0,14006,pext_dot8_exact[curated[pext_nl]],measured,
486,moonshine$dispatch_486_linear_s8,,,1000000000,us,1000000000000,0,,excluded_unmeasured,linear_s8,M=1;K=288;N=288,,,excluded_unmeasured,"the roccmoon kernel #includes a hart-0-executable fallback body, so this cell is physically possible -- but no board run in this tree has measured it, and inventing a number here would be fiction"
487,moonshine$dispatch_487_add_s8,,,0.089892240,ms,89892.240,0,,board_measured_b1_scaled_by_measured_region_factor_0.5883,add_s8,n=288,3596,pext_int_add[curated[pext_nl]],measured,
488,moonshine$dispatch_488_layernorm_s8,,,0.470625293,ms,470625.293,0,,board_measured_b1_scaled_by_measured_region_factor_0.5883,layernorm_s8,M=1;K=288,18825,pext_int_rsqrt[curated[pext_nl]],measured,
489,moonshine$dispatch_489_linear_s8,,,1000000000,us,1000000000000,0,,excluded_unmeasured,linear_s8,M=1;K=288;N=288,,,excluded_unmeasured,"the roccmoon kernel #includes a hart-0-executable fallback body, so this cell is physically possible -- but no board run in this tree has measured it, and inventing a number here would be fiction"
490,moonshine$dispatch_490_matmul_b_s8,,,1.673228153,ms,1673228.153,0,,board_measured_b1_scaled_by_measured_region_factor_0.5883,matmul_b_s8,B=8;M=1;K=36;N=165;transpose_b=1,66929,pext_dot8_exact[curated[pext_nl]],measured,
491,moonshine$dispatch_491_softmax_s8,,,1.222472693,ms,1222472.693,0,,board_measured_b1_scaled_by_measured_region_factor_0.5883,softmax_s8,M=8;K=165,48899,pext_int_memo2[curated[pext_nl]],measured,
492,moonshine$dispatch_492_matmul_b_s8,,,1.516196175,ms,1516196.175,0,,board_measured_b1_scaled_by_measured_region_factor_0.5883,matmul_b_s8,B=8;M=1;K=165;N=36;transpose_b=1,60648,pext_dot8_exact[curated[pext_nl]],measured,
493,moonshine$dispatch_493_linear_s8,,,1000000000,us,1000000000000,0,,excluded_unmeasured,linear_s8,M=1;K=288;N=288,,,excluded_unmeasured,"the roccmoon kernel #includes a hart-0-executable fallback body, so this cell is physically possible -- but no board run in this tree has measured it, and inventing a number here would be fiction"
494,moonshine$dispatch_494_add_s8,,,0.084803445,ms,84803.445,0,,board_measured_b1_scaled_by_measured_region_factor_0.5883,add_s8,n=288,3392,pext_int_add[curated[pext_nl]],measured,
495,moonshine$dispatch_495_layernorm_s8,,,0.466242457,ms,466242.457,0,,board_measured_b1_scaled_by_measured_region_factor_0.5883,layernorm_s8,M=1;K=288,18650,pext_int_rsqrt[curated[pext_nl]],measured,
496,moonshine$dispatch_496_linear_s8,,,1000000000,us,1000000000000,0,,excluded_unmeasured,linear_s8,M=1;K=288;N=1152,,,excluded_unmeasured,"the roccmoon kernel #includes a hart-0-executable fallback body, so this cell is physically possible -- but no board run in this tree has measured it, and inventing a number here would be fiction"
497,moonshine$dispatch_497_silu_s8,,,0.866654145,ms,866654.145,0,,board_measured_b1_scaled_by_measured_region_factor_0.5883,silu_s8,n=1152,34666,pext_int_lut[curated[pext_nl]],measured,
498,moonshine$dispatch_498_linear_s8,,,1000000000,us,1000000000000,0,,excluded_unmeasured,linear_s8,M=1;K=288;N=1152,,,excluded_unmeasured,"the roccmoon kernel #includes a hart-0-executable fallback body, so this cell is physically possible -- but no board run in this tree has measured it, and inventing a number here would be fiction"
499,moonshine$dispatch_499_mul_s8,,,0.722285325,ms,722285.325,0,,board_measured_b1_scaled_by_measured_region_factor_0.5883,mul_s8,n=1152,28891,pext_int_mul[curated[pext_nl]],measured,
500,moonshine$dispatch_500_linear_s8,,,1000000000,us,1000000000000,0,,excluded_unmeasured,linear_s8,M=1;K=1152;N=288,,,excluded_unmeasured,"the roccmoon kernel #includes a hart-0-executable fallback body, so this cell is physically possible -- but no board run in this tree has measured it, and inventing a number here would be fiction"
501,moonshine$dispatch_501_add_s8,,,0.079655820,ms,79655.820,0,,board_measured_b1_scaled_by_measured_region_factor_0.5883,add_s8,n=288,3186,pext_int_add[curated[pext_nl]],measured,
502,moonshine$dispatch_502_layernorm_s8,,,0.471390083,ms,471390.083,0,,board_measured_b1_scaled_by_measured_region_factor_0.5883,layernorm_s8,M=1;K=288,18856,pext_int_rsqrt[curated[pext_nl]],measured,
503,moonshine$dispatch_503_linear_s8,,,1000000000,us,1000000000000,0,,excluded_unmeasured,linear_s8,M=1;K=288;N=288,,,excluded_unmeasured,"the roccmoon kernel #includes a hart-0-executable fallback body, so this cell is physically possible -- but no board run in this tree has measured it, and inventing a number here would be fiction"
504,moonshine$dispatch_504_rope_s8,,,0.142500967,ms,142500.967,0,,board_measured_b1_scaled_by_measured_region_factor_0.5883,rope_s8,T=1;H=8;D=36;R=32,5700,pext_int_rot[curated[pext_nl]],measured,
505,moonshine$dispatch_505_linear_s8,,,1000000000,us,1000000000000,0,,excluded_unmeasured,linear_s8,M=1;K=288;N=288,,,excluded_unmeasured,"the roccmoon kernel #includes a hart-0-executable fallback body, so this cell is physically possible -- but no board run in this tree has measured it, and inventing a number here would be fiction"
506,moonshine$dispatch_506_rope_s8,,,0.123013530,ms,123013.530,0,,board_measured_b1_scaled_by_measured_region_factor_0.5883,rope_s8,T=1;H=8;D=36;R=32,4921,pext_int_rot[curated[pext_nl]],measured,
507,moonshine$dispatch_507_linear_s8,,,1000000000,us,1000000000000,0,,excluded_unmeasured,linear_s8,M=1;K=288;N=288,,,excluded_unmeasured,"the roccmoon kernel #includes a hart-0-executable fallback body, so this cell is physically possible -- but no board run in this tree has measured it, and inventing a number here would be fiction"
508,moonshine$dispatch_508_cat2_c1_s8,,,0.295385430,ms,295385.430,0,,board_measured_b1_scaled_by_measured_region_factor_0.5883,cat2_c1_s8,N=1;H=288;W=1;C_inputs=2|1;C_total=3,11815,pext_memo_lut[curated[pext_nl]],measured,
509,moonshine$dispatch_509_cat2_c1_s8,,,0.278883615,ms,278883.615,0,,board_measured_b1_scaled_by_measured_region_factor_0.5883,cat2_c1_s8,N=1;H=288;W=1;C_inputs=2|1;C_total=3,11155,pext_memo_lut[curated[pext_nl]],measured,
510,moonshine$dispatch_510_permute4_s8,,,0.041607518,ms,41607.518,0,,board_measured_b1_scaled_by_measured_region_factor_0.5883,permute4_s8,d0=1;d1=3;d2=8;d3=36;p0=0;p1=2;p2=1;p3=3,1664,pext_block[curated[pext_nl]],measured,
511,moonshine$dispatch_511_permute4_s8,,,0.034827360,ms,34827.360,0,,board_measured_b1_scaled_by_measured_region_factor_0.5883,permute4_s8,d0=1;d1=3;d2=8;d3=36;p0=0;p1=2;p2=1;p3=3,1393,pext_block[curated[pext_nl]],measured,
512,moonshine$dispatch_512_matmul_b_s8,,,0.138265208,ms,138265.208,0,,board_measured_b1_scaled_by_measured_region_factor_0.5883,matmul_b_s8,B=8;M=1;K=36;N=3;transpose_b=1,5531,pext_dot8_exact[curated[pext_nl]],measured,
513,moonshine$dispatch_513_softmax_s8,,,0.185020350,ms,185020.350,0,,board_measured_b1_scaled_by_measured_region_factor_0.5883,softmax_s8,M=8;K=3,7401,pext_int_memo2[curated[pext_nl]],measured,
514,moonshine$dispatch_514_matmul_b_s8,,,0.346023352,ms,346023.352,0,,board_measured_b1_scaled_by_measured_region_factor_0.5883,matmul_b_s8,B=8;M=1;K=3;N=36;transpose_b=0,13841,pext_dot8_exact[curated[pext_nl]],measured,
515,moonshine$dispatch_515_linear_s8,,,1000000000,us,1000000000000,0,,excluded_unmeasured,linear_s8,M=1;K=288;N=288,,,excluded_unmeasured,"the roccmoon kernel #includes a hart-0-executable fallback body, so this cell is physically possible -- but no board run in this tree has measured it, and inventing a number here would be fiction"
516,moonshine$dispatch_516_add_s8,,,0.085465283,ms,85465.283,0,,board_measured_b1_scaled_by_measured_region_factor_0.5883,add_s8,n=288,3419,pext_int_add[curated[pext_nl]],measured,
517,moonshine$dispatch_517_layernorm_s8,,,0.472993200,ms,472993.200,0,,board_measured_b1_scaled_by_measured_region_factor_0.5883,layernorm_s8,M=1;K=288,18920,pext_int_rsqrt[curated[pext_nl]],measured,
518,moonshine$dispatch_518_linear_s8,,,1000000000,us,1000000000000,0,,excluded_unmeasured,linear_s8,M=1;K=288;N=288,,,excluded_unmeasured,"the roccmoon kernel #includes a hart-0-executable fallback body, so this cell is physically possible -- but no board run in this tree has measured it, and inventing a number here would be fiction"
519,moonshine$dispatch_519_matmul_b_s8,,,1.677449205,ms,1677449.205,0,,board_measured_b1_scaled_by_measured_region_factor_0.5883,matmul_b_s8,B=8;M=1;K=36;N=165;transpose_b=1,67098,pext_dot8_exact[curated[pext_nl]],measured,
520,moonshine$dispatch_520_softmax_s8,,,1.083192668,ms,1083192.667,0,,board_measured_b1_scaled_by_measured_region_factor_0.5883,softmax_s8,M=8;K=165,43328,pext_int_memo2[curated[pext_nl]],measured,
521,moonshine$dispatch_521_matmul_b_s8,,,1.511857463,ms,1511857.463,0,,board_measured_b1_scaled_by_measured_region_factor_0.5883,matmul_b_s8,B=8;M=1;K=165;N=36;transpose_b=1,60474,pext_dot8_exact[curated[pext_nl]],measured,
522,moonshine$dispatch_522_linear_s8,,,1000000000,us,1000000000000,0,,excluded_unmeasured,linear_s8,M=1;K=288;N=288,,,excluded_unmeasured,"the roccmoon kernel #includes a hart-0-executable fallback body, so this cell is physically possible -- but no board run in this tree has measured it, and inventing a number here would be fiction"
523,moonshine$dispatch_523_add_s8,,,0.081170693,ms,81170.693,0,,board_measured_b1_scaled_by_measured_region_factor_0.5883,add_s8,n=288,3247,pext_int_add[curated[pext_nl]],measured,
524,moonshine$dispatch_524_layernorm_s8,,,0.466551315,ms,466551.315,0,,board_measured_b1_scaled_by_measured_region_factor_0.5883,layernorm_s8,M=1;K=288,18662,pext_int_rsqrt[curated[pext_nl]],measured,
525,moonshine$dispatch_525_linear_s8,,,1000000000,us,1000000000000,0,,excluded_unmeasured,linear_s8,M=1;K=288;N=1152,,,excluded_unmeasured,"the roccmoon kernel #includes a hart-0-executable fallback body, so this cell is physically possible -- but no board run in this tree has measured it, and inventing a number here would be fiction"
526,moonshine$dispatch_526_silu_s8,,,0.868124895,ms,868124.895,0,,board_measured_b1_scaled_by_measured_region_factor_0.5883,silu_s8,n=1152,34725,pext_int_lut[curated[pext_nl]],measured,
527,moonshine$dispatch_527_linear_s8,,,1000000000,us,1000000000000,0,,excluded_unmeasured,linear_s8,M=1;K=288;N=1152,,,excluded_unmeasured,"the roccmoon kernel #includes a hart-0-executable fallback body, so this cell is physically possible -- but no board run in this tree has measured it, and inventing a number here would be fiction"
528,moonshine$dispatch_528_mul_s8,,,0.722535353,ms,722535.353,0,,board_measured_b1_scaled_by_measured_region_factor_0.5883,mul_s8,n=1152,28901,pext_int_mul[curated[pext_nl]],measured,
529,moonshine$dispatch_529_linear_s8,,,1000000000,us,1000000000000,0,,excluded_unmeasured,linear_s8,M=1;K=1152;N=288,,,excluded_unmeasured,"the roccmoon kernel #includes a hart-0-executable fallback body, so this cell is physically possible -- but no board run in this tree has measured it, and inventing a number here would be fiction"
530,moonshine$dispatch_530_add_s8,,,0.080420610,ms,80420.610,0,,board_measured_b1_scaled_by_measured_region_factor_0.5883,add_s8,n=288,3217,pext_int_add[curated[pext_nl]],measured,
531,moonshine$dispatch_531_layernorm_s8,,,0.462889148,ms,462889.148,0,,board_measured_b1_scaled_by_measured_region_factor_0.5883,layernorm_s8,M=1;K=288,18516,pext_int_rsqrt[curated[pext_nl]],measured,
532,moonshine$dispatch_532_linear_s8,,,1000000000,us,1000000000000,0,,excluded_unmeasured,linear_s8,M=1;K=288;N=288,,,excluded_unmeasured,"the roccmoon kernel #includes a hart-0-executable fallback body, so this cell is physically possible -- but no board run in this tree has measured it, and inventing a number here would be fiction"
533,moonshine$dispatch_533_rope_s8,,,0.136662090,ms,136662.090,0,,board_measured_b1_scaled_by_measured_region_factor_0.5883,rope_s8,T=1;H=8;D=36;R=32,5466,pext_int_rot[curated[pext_nl]],measured,
534,moonshine$dispatch_534_linear_s8,,,1000000000,us,1000000000000,0,,excluded_unmeasured,linear_s8,M=1;K=288;N=288,,,excluded_unmeasured,"the roccmoon kernel #includes a hart-0-executable fallback body, so this cell is physically possible -- but no board run in this tree has measured it, and inventing a number here would be fiction"
535,moonshine$dispatch_535_rope_s8,,,0.123557708,ms,123557.708,0,,board_measured_b1_scaled_by_measured_region_factor_0.5883,rope_s8,T=1;H=8;D=36;R=32,4942,pext_int_rot[curated[pext_nl]],measured,
536,moonshine$dispatch_536_linear_s8,,,1000000000,us,1000000000000,0,,excluded_unmeasured,linear_s8,M=1;K=288;N=288,,,excluded_unmeasured,"the roccmoon kernel #includes a hart-0-executable fallback body, so this cell is physically possible -- but no board run in this tree has measured it, and inventing a number here would be fiction"
537,moonshine$dispatch_537_cat2_c1_s8,,,0.296400248,ms,296400.248,0,,board_measured_b1_scaled_by_measured_region_factor_0.5883,cat2_c1_s8,N=1;H=288;W=1;C_inputs=2|1;C_total=3,11856,pext_memo_lut[curated[pext_nl]],measured,
538,moonshine$dispatch_538_cat2_c1_s8,,,0.278059995,ms,278059.995,0,,board_measured_b1_scaled_by_measured_region_factor_0.5883,cat2_c1_s8,N=1;H=288;W=1;C_inputs=2|1;C_total=3,11122,pext_memo_lut[curated[pext_nl]],measured,
539,moonshine$dispatch_539_permute4_s8,,,0.041181000,ms,41181.000,0,,board_measured_b1_scaled_by_measured_region_factor_0.5883,permute4_s8,d0=1;d1=3;d2=8;d3=36;p0=0;p1=2;p2=1;p3=3,1647,pext_block[curated[pext_nl]],measured,
540,moonshine$dispatch_540_permute4_s8,,,0.034812652,ms,34812.652,0,,board_measured_b1_scaled_by_measured_region_factor_0.5883,permute4_s8,d0=1;d1=3;d2=8;d3=36;p0=0;p1=2;p2=1;p3=3,1393,pext_block[curated[pext_nl]],measured,
541,moonshine$dispatch_541_matmul_b_s8,,,0.140941973,ms,140941.973,0,,board_measured_b1_scaled_by_measured_region_factor_0.5883,matmul_b_s8,B=8;M=1;K=36;N=3;transpose_b=1,5638,pext_dot8_exact[curated[pext_nl]],measured,
542,moonshine$dispatch_542_softmax_s8,,,0.183358403,ms,183358.403,0,,board_measured_b1_scaled_by_measured_region_factor_0.5883,softmax_s8,M=8;K=3,7334,pext_int_memo2[curated[pext_nl]],measured,
543,moonshine$dispatch_543_matmul_b_s8,,,0.350185575,ms,350185.575,0,,board_measured_b1_scaled_by_measured_region_factor_0.5883,matmul_b_s8,B=8;M=1;K=3;N=36;transpose_b=0,14007,pext_dot8_exact[curated[pext_nl]],measured,
544,moonshine$dispatch_544_linear_s8,,,1000000000,us,1000000000000,0,,excluded_unmeasured,linear_s8,M=1;K=288;N=288,,,excluded_unmeasured,"the roccmoon kernel #includes a hart-0-executable fallback body, so this cell is physically possible -- but no board run in this tree has measured it, and inventing a number here would be fiction"
545,moonshine$dispatch_545_add_s8,,,0.083450355,ms,83450.355,0,,board_measured_b1_scaled_by_measured_region_factor_0.5883,add_s8,n=288,3338,pext_int_add[curated[pext_nl]],measured,
546,moonshine$dispatch_546_layernorm_s8,,,0.472316655,ms,472316.655,0,,board_measured_b1_scaled_by_measured_region_factor_0.5883,layernorm_s8,M=1;K=288,18893,pext_int_rsqrt[curated[pext_nl]],measured,
547,moonshine$dispatch_547_linear_s8,,,1000000000,us,1000000000000,0,,excluded_unmeasured,linear_s8,M=1;K=288;N=288,,,excluded_unmeasured,"the roccmoon kernel #includes a hart-0-executable fallback body, so this cell is physically possible -- but no board run in this tree has measured it, and inventing a number here would be fiction"
548,moonshine$dispatch_548_matmul_b_s8,,,1.642945410,ms,1642945.410,0,,board_measured_b1_scaled_by_measured_region_factor_0.5883,matmul_b_s8,B=8;M=1;K=36;N=165;transpose_b=1,65718,pext_dot8_exact[curated[pext_nl]],measured,
549,moonshine$dispatch_549_softmax_s8,,,1.049027145,ms,1049027.145,0,,board_measured_b1_scaled_by_measured_region_factor_0.5883,softmax_s8,M=8;K=165,41961,pext_int_memo2[curated[pext_nl]],measured,
550,moonshine$dispatch_550_matmul_b_s8,,,1.510960305,ms,1510960.305,0,,board_measured_b1_scaled_by_measured_region_factor_0.5883,matmul_b_s8,B=8;M=1;K=165;N=36;transpose_b=1,60438,pext_dot8_exact[curated[pext_nl]],measured,
551,moonshine$dispatch_551_linear_s8,,,1000000000,us,1000000000000,0,,excluded_unmeasured,linear_s8,M=1;K=288;N=288,,,excluded_unmeasured,"the roccmoon kernel #includes a hart-0-executable fallback body, so this cell is physically possible -- but no board run in this tree has measured it, and inventing a number here would be fiction"
552,moonshine$dispatch_552_add_s8,,,0.079861725,ms,79861.725,0,,board_measured_b1_scaled_by_measured_region_factor_0.5883,add_s8,n=288,3194,pext_int_add[curated[pext_nl]],measured,
553,moonshine$dispatch_553_layernorm_s8,,,0.469316325,ms,469316.325,0,,board_measured_b1_scaled_by_measured_region_factor_0.5883,layernorm_s8,M=1;K=288,18773,pext_int_rsqrt[curated[pext_nl]],measured,
554,moonshine$dispatch_554_linear_s8,,,1000000000,us,1000000000000,0,,excluded_unmeasured,linear_s8,M=1;K=288;N=1152,,,excluded_unmeasured,"the roccmoon kernel #includes a hart-0-executable fallback body, so this cell is physically possible -- but no board run in this tree has measured it, and inventing a number here would be fiction"
555,moonshine$dispatch_555_silu_s8,,,0.758318700,ms,758318.700,0,,board_measured_b1_scaled_by_measured_region_factor_0.5883,silu_s8,n=1152,30333,pext_int_lut[curated[pext_nl]],measured,
556,moonshine$dispatch_556_linear_s8,,,1000000000,us,1000000000000,0,,excluded_unmeasured,linear_s8,M=1;K=288;N=1152,,,excluded_unmeasured,"the roccmoon kernel #includes a hart-0-executable fallback body, so this cell is physically possible -- but no board run in this tree has measured it, and inventing a number here would be fiction"
557,moonshine$dispatch_557_mul_s8,,,0.721299922,ms,721299.922,0,,board_measured_b1_scaled_by_measured_region_factor_0.5883,mul_s8,n=1152,28852,pext_int_mul[curated[pext_nl]],measured,
558,moonshine$dispatch_558_linear_s8,,,1000000000,us,1000000000000,0,,excluded_unmeasured,linear_s8,M=1;K=1152;N=288,,,excluded_unmeasured,"the roccmoon kernel #includes a hart-0-executable fallback body, so this cell is physically possible -- but no board run in this tree has measured it, and inventing a number here would be fiction"
559,moonshine$dispatch_559_add_s8,,,0.079170473,ms,79170.473,0,,board_measured_b1_scaled_by_measured_region_factor_0.5883,add_s8,n=288,3167,pext_int_add[curated[pext_nl]],measured,
560,moonshine$dispatch_560_layernorm_s8,,,0.466566023,ms,466566.023,0,,board_measured_b1_scaled_by_measured_region_factor_0.5883,layernorm_s8,M=1;K=288,18663,pext_int_rsqrt[curated[pext_nl]],measured,
561,moonshine$dispatch_561_linear_s8,,,1000000000,us,1000000000000,0,,excluded_unmeasured,linear_s8,M=1;K=288;N=288,,,excluded_unmeasured,"the roccmoon kernel #includes a hart-0-executable fallback body, so this cell is physically possible -- but no board run in this tree has measured it, and inventing a number here would be fiction"
562,moonshine$dispatch_562_rope_s8,,,0.138838800,ms,138838.800,0,,board_measured_b1_scaled_by_measured_region_factor_0.5883,rope_s8,T=1;H=8;D=36;R=32,5554,pext_int_rot[curated[pext_nl]],measured,
563,moonshine$dispatch_563_linear_s8,,,1000000000,us,1000000000000,0,,excluded_unmeasured,linear_s8,M=1;K=288;N=288,,,excluded_unmeasured,"the roccmoon kernel #includes a hart-0-executable fallback body, so this cell is physically possible -- but no board run in this tree has measured it, and inventing a number here would be fiction"
564,moonshine$dispatch_564_rope_s8,,,0.124028348,ms,124028.348,0,,board_measured_b1_scaled_by_measured_region_factor_0.5883,rope_s8,T=1;H=8;D=36;R=32,4961,pext_int_rot[curated[pext_nl]],measured,
565,moonshine$dispatch_565_linear_s8,,,1000000000,us,1000000000000,0,,excluded_unmeasured,linear_s8,M=1;K=288;N=288,,,excluded_unmeasured,"the roccmoon kernel #includes a hart-0-executable fallback body, so this cell is physically possible -- but no board run in this tree has measured it, and inventing a number here would be fiction"
566,moonshine$dispatch_566_cat2_c1_s8,,,0.294620640,ms,294620.640,0,,board_measured_b1_scaled_by_measured_region_factor_0.5883,cat2_c1_s8,N=1;H=288;W=1;C_inputs=2|1;C_total=3,11785,pext_memo_lut[curated[pext_nl]],measured,
567,moonshine$dispatch_567_cat2_c1_s8,,,0.278442390,ms,278442.390,0,,board_measured_b1_scaled_by_measured_region_factor_0.5883,cat2_c1_s8,N=1;H=288;W=1;C_inputs=2|1;C_total=3,11138,pext_memo_lut[curated[pext_nl]],measured,
568,moonshine$dispatch_568_permute4_s8,,,0.041651640,ms,41651.640,0,,board_measured_b1_scaled_by_measured_region_factor_0.5883,permute4_s8,d0=1;d1=3;d2=8;d3=36;p0=0;p1=2;p2=1;p3=3,1666,pext_block[curated[pext_nl]],measured,
569,moonshine$dispatch_569_permute4_s8,,,0.035783347,ms,35783.347,0,,board_measured_b1_scaled_by_measured_region_factor_0.5883,permute4_s8,d0=1;d1=3;d2=8;d3=36;p0=0;p1=2;p2=1;p3=3,1431,pext_block[curated[pext_nl]],measured,
570,moonshine$dispatch_570_matmul_b_s8,,,0.136147327,ms,136147.327,0,,board_measured_b1_scaled_by_measured_region_factor_0.5883,matmul_b_s8,B=8;M=1;K=36;N=3;transpose_b=1,5446,pext_dot8_exact[curated[pext_nl]],measured,
571,moonshine$dispatch_571_softmax_s8,,,0.171210008,ms,171210.008,0,,board_measured_b1_scaled_by_measured_region_factor_0.5883,softmax_s8,M=8;K=3,6848,pext_int_memo2[curated[pext_nl]],measured,
572,moonshine$dispatch_572_matmul_b_s8,,,0.341817008,ms,341817.008,0,,board_measured_b1_scaled_by_measured_region_factor_0.5883,matmul_b_s8,B=8;M=1;K=3;N=36;transpose_b=0,13673,pext_dot8_exact[curated[pext_nl]],measured,
573,moonshine$dispatch_573_linear_s8,,,1000000000,us,1000000000000,0,,excluded_unmeasured,linear_s8,M=1;K=288;N=288,,,excluded_unmeasured,"the roccmoon kernel #includes a hart-0-executable fallback body, so this cell is physically possible -- but no board run in this tree has measured it, and inventing a number here would be fiction"
574,moonshine$dispatch_574_add_s8,,,0.083229743,ms,83229.743,0,,board_measured_b1_scaled_by_measured_region_factor_0.5883,add_s8,n=288,3329,pext_int_add[curated[pext_nl]],measured,
575,moonshine$dispatch_575_layernorm_s8,,,0.470125238,ms,470125.237,0,,board_measured_b1_scaled_by_measured_region_factor_0.5883,layernorm_s8,M=1;K=288,18805,pext_int_rsqrt[curated[pext_nl]],measured,
576,moonshine$dispatch_576_linear_s8,,,1000000000,us,1000000000000,0,,excluded_unmeasured,linear_s8,M=1;K=288;N=288,,,excluded_unmeasured,"the roccmoon kernel #includes a hart-0-executable fallback body, so this cell is physically possible -- but no board run in this tree has measured it, and inventing a number here would be fiction"
577,moonshine$dispatch_577_matmul_b_s8,,,1.640606917,ms,1640606.917,0,,board_measured_b1_scaled_by_measured_region_factor_0.5883,matmul_b_s8,B=8;M=1;K=36;N=165;transpose_b=1,65624,pext_dot8_exact[curated[pext_nl]],measured,
578,moonshine$dispatch_578_softmax_s8,,,0.930793553,ms,930793.553,0,,board_measured_b1_scaled_by_measured_region_factor_0.5883,softmax_s8,M=8;K=165,37232,pext_int_memo2[curated[pext_nl]],measured,
579,moonshine$dispatch_579_matmul_b_s8,,,1.514019465,ms,1514019.465,0,,board_measured_b1_scaled_by_measured_region_factor_0.5883,matmul_b_s8,B=8;M=1;K=165;N=36;transpose_b=1,60561,pext_dot8_exact[curated[pext_nl]],measured,
580,moonshine$dispatch_580_linear_s8,,,1000000000,us,1000000000000,0,,excluded_unmeasured,linear_s8,M=1;K=288;N=288,,,excluded_unmeasured,"the roccmoon kernel #includes a hart-0-executable fallback body, so this cell is physically possible -- but no board run in this tree has measured it, and inventing a number here would be fiction"
581,moonshine$dispatch_581_add_s8,,,0.082744395,ms,82744.395,0,,board_measured_b1_scaled_by_measured_region_factor_0.5883,add_s8,n=288,3310,pext_int_add[curated[pext_nl]],measured,
582,moonshine$dispatch_582_layernorm_s8,,,0.470816490,ms,470816.490,0,,board_measured_b1_scaled_by_measured_region_factor_0.5883,layernorm_s8,M=1;K=288,18833,pext_int_rsqrt[curated[pext_nl]],measured,
583,moonshine$dispatch_583_linear_s8,,,1000000000,us,1000000000000,0,,excluded_unmeasured,linear_s8,M=1;K=288;N=1152,,,excluded_unmeasured,"the roccmoon kernel #includes a hart-0-executable fallback body, so this cell is physically possible -- but no board run in this tree has measured it, and inventing a number here would be fiction"
584,moonshine$dispatch_584_silu_s8,,,0.839989448,ms,839989.448,0,,board_measured_b1_scaled_by_measured_region_factor_0.5883,silu_s8,n=1152,33600,pext_int_lut[curated[pext_nl]],measured,
585,moonshine$dispatch_585_linear_s8,,,1000000000,us,1000000000000,0,,excluded_unmeasured,linear_s8,M=1;K=288;N=1152,,,excluded_unmeasured,"the roccmoon kernel #includes a hart-0-executable fallback body, so this cell is physically possible -- but no board run in this tree has measured it, and inventing a number here would be fiction"
586,moonshine$dispatch_586_mul_s8,,,0.720299813,ms,720299.813,0,,board_measured_b1_scaled_by_measured_region_factor_0.5883,mul_s8,n=1152,28812,pext_int_mul[curated[pext_nl]],measured,
587,moonshine$dispatch_587_linear_s8,,,1000000000,us,1000000000000,0,,excluded_unmeasured,linear_s8,M=1;K=1152;N=288,,,excluded_unmeasured,"the roccmoon kernel #includes a hart-0-executable fallback body, so this cell is physically possible -- but no board run in this tree has measured it, and inventing a number here would be fiction"
588,moonshine$dispatch_588_add_s8,,,0.083362110,ms,83362.110,0,,board_measured_b1_scaled_by_measured_region_factor_0.5883,add_s8,n=288,3334,pext_int_add[curated[pext_nl]],measured,
589,moonshine$dispatch_589_layernorm_s8,,,0.468419168,ms,468419.168,0,,board_measured_b1_scaled_by_measured_region_factor_0.5883,layernorm_s8,M=1;K=288,18737,pext_int_rsqrt[curated[pext_nl]],measured,
590,moonshine$dispatch_590_linear_s8,,,1000000000,us,1000000000000,0,,excluded_unmeasured,linear_s8,M=1;K=288;N=288,,,excluded_unmeasured,"the roccmoon kernel #includes a hart-0-executable fallback body, so this cell is physically possible -- but no board run in this tree has measured it, and inventing a number here would be fiction"
591,moonshine$dispatch_591_rope_s8,,,0.140574285,ms,140574.285,0,,board_measured_b1_scaled_by_measured_region_factor_0.5883,rope_s8,T=1;H=8;D=36;R=32,5623,pext_int_rot[curated[pext_nl]],measured,
592,moonshine$dispatch_592_linear_s8,,,1000000000,us,1000000000000,0,,excluded_unmeasured,linear_s8,M=1;K=288;N=288,,,excluded_unmeasured,"the roccmoon kernel #includes a hart-0-executable fallback body, so this cell is physically possible -- but no board run in this tree has measured it, and inventing a number here would be fiction"
593,moonshine$dispatch_593_rope_s8,,,0.122719380,ms,122719.380,0,,board_measured_b1_scaled_by_measured_region_factor_0.5883,rope_s8,T=1;H=8;D=36;R=32,4909,pext_int_rot[curated[pext_nl]],measured,
594,moonshine$dispatch_594_linear_s8,,,1000000000,us,1000000000000,0,,excluded_unmeasured,linear_s8,M=1;K=288;N=288,,,excluded_unmeasured,"the roccmoon kernel #includes a hart-0-executable fallback body, so this cell is physically possible -- but no board run in this tree has measured it, and inventing a number here would be fiction"
595,moonshine$dispatch_595_cat2_c1_s8,,,0.294164708,ms,294164.708,0,,board_measured_b1_scaled_by_measured_region_factor_0.5883,cat2_c1_s8,N=1;H=288;W=1;C_inputs=2|1;C_total=3,11767,pext_memo_lut[curated[pext_nl]],measured,
596,moonshine$dispatch_596_cat2_c1_s8,,,0.278957153,ms,278957.153,0,,board_measured_b1_scaled_by_measured_region_factor_0.5883,cat2_c1_s8,N=1;H=288;W=1;C_inputs=2|1;C_total=3,11158,pext_memo_lut[curated[pext_nl]],measured,
597,moonshine$dispatch_597_permute4_s8,,,0.039666128,ms,39666.128,0,,board_measured_b1_scaled_by_measured_region_factor_0.5883,permute4_s8,d0=1;d1=3;d2=8;d3=36;p0=0;p1=2;p2=1;p3=3,1587,pext_block[curated[pext_nl]],measured,
598,moonshine$dispatch_598_permute4_s8,,,0.035739225,ms,35739.225,0,,board_measured_b1_scaled_by_measured_region_factor_0.5883,permute4_s8,d0=1;d1=3;d2=8;d3=36;p0=0;p1=2;p2=1;p3=3,1430,pext_block[curated[pext_nl]],measured,
599,moonshine$dispatch_599_matmul_b_s8,,,0.139721250,ms,139721.250,0,,board_measured_b1_scaled_by_measured_region_factor_0.5883,matmul_b_s8,B=8;M=1;K=36;N=3;transpose_b=1,5589,pext_dot8_exact[curated[pext_nl]],measured,
600,moonshine$dispatch_600_softmax_s8,,,0.188432490,ms,188432.490,0,,board_measured_b1_scaled_by_measured_region_factor_0.5883,softmax_s8,M=8;K=3,7537,pext_int_memo2[curated[pext_nl]],measured,
601,moonshine$dispatch_601_matmul_b_s8,,,0.345170318,ms,345170.318,0,,board_measured_b1_scaled_by_measured_region_factor_0.5883,matmul_b_s8,B=8;M=1;K=3;N=36;transpose_b=0,13807,pext_dot8_exact[curated[pext_nl]],measured,
602,moonshine$dispatch_602_linear_s8,,,1000000000,us,1000000000000,0,,excluded_unmeasured,linear_s8,M=1;K=288;N=288,,,excluded_unmeasured,"the roccmoon kernel #includes a hart-0-executable fallback body, so this cell is physically possible -- but no board run in this tree has measured it, and inventing a number here would be fiction"
603,moonshine$dispatch_603_add_s8,,,0.088906838,ms,88906.838,0,,board_measured_b1_scaled_by_measured_region_factor_0.5883,add_s8,n=288,3556,pext_int_add[curated[pext_nl]],measured,
604,moonshine$dispatch_604_layernorm_s8,,,0.475522890,ms,475522.890,0,,board_measured_b1_scaled_by_measured_region_factor_0.5883,layernorm_s8,M=1;K=288,19021,pext_int_rsqrt[curated[pext_nl]],measured,
605,moonshine$dispatch_605_linear_s8,,,1000000000,us,1000000000000,0,,excluded_unmeasured,linear_s8,M=1;K=288;N=288,,,excluded_unmeasured,"the roccmoon kernel #includes a hart-0-executable fallback body, so this cell is physically possible -- but no board run in this tree has measured it, and inventing a number here would be fiction"
606,moonshine$dispatch_606_matmul_b_s8,,,1.643357220,ms,1643357.220,0,,board_measured_b1_scaled_by_measured_region_factor_0.5883,matmul_b_s8,B=8;M=1;K=36;N=165;transpose_b=1,65734,pext_dot8_exact[curated[pext_nl]],measured,
607,moonshine$dispatch_607_softmax_s8,,,0.931249485,ms,931249.485,0,,board_measured_b1_scaled_by_measured_region_factor_0.5883,softmax_s8,M=8;K=165,37250,pext_int_memo2[curated[pext_nl]],measured,
608,moonshine$dispatch_608_matmul_b_s8,,,1.517872830,ms,1517872.830,0,,board_measured_b1_scaled_by_measured_region_factor_0.5883,matmul_b_s8,B=8;M=1;K=165;N=36;transpose_b=1,60715,pext_dot8_exact[curated[pext_nl]],measured,
609,moonshine$dispatch_609_linear_s8,,,1000000000,us,1000000000000,0,,excluded_unmeasured,linear_s8,M=1;K=288;N=288,,,excluded_unmeasured,"the roccmoon kernel #includes a hart-0-executable fallback body, so this cell is physically possible -- but no board run in this tree has measured it, and inventing a number here would be fiction"
610,moonshine$dispatch_610_add_s8,,,0.082288463,ms,82288.463,0,,board_measured_b1_scaled_by_measured_region_factor_0.5883,add_s8,n=288,3292,pext_int_add[curated[pext_nl]],measured,
611,moonshine$dispatch_611_layernorm_s8,,,0.466801342,ms,466801.342,0,,board_measured_b1_scaled_by_measured_region_factor_0.5883,layernorm_s8,M=1;K=288,18672,pext_int_rsqrt[curated[pext_nl]],measured,
612,moonshine$dispatch_612_linear_s8,,,1000000000,us,1000000000000,0,,excluded_unmeasured,linear_s8,M=1;K=288;N=1152,,,excluded_unmeasured,"the roccmoon kernel #includes a hart-0-executable fallback body, so this cell is physically possible -- but no board run in this tree has measured it, and inventing a number here would be fiction"
613,moonshine$dispatch_613_silu_s8,,,0.770820075,ms,770820.075,0,,board_measured_b1_scaled_by_measured_region_factor_0.5883,silu_s8,n=1152,30833,pext_int_lut[curated[pext_nl]],measured,
614,moonshine$dispatch_614_linear_s8,,,1000000000,us,1000000000000,0,,excluded_unmeasured,linear_s8,M=1;K=288;N=1152,,,excluded_unmeasured,"the roccmoon kernel #includes a hart-0-executable fallback body, so this cell is physically possible -- but no board run in this tree has measured it, and inventing a number here would be fiction"
615,moonshine$dispatch_615_mul_s8,,,0.721535243,ms,721535.243,0,,board_measured_b1_scaled_by_measured_region_factor_0.5883,mul_s8,n=1152,28861,pext_int_mul[curated[pext_nl]],measured,
616,moonshine$dispatch_616_linear_s8,,,1000000000,us,1000000000000,0,,excluded_unmeasured,linear_s8,M=1;K=1152;N=288,,,excluded_unmeasured,"the roccmoon kernel #includes a hart-0-executable fallback body, so this cell is physically possible -- but no board run in this tree has measured it, and inventing a number here would be fiction"
617,moonshine$dispatch_617_add_s8,,,0.078288023,ms,78288.023,0,,board_measured_b1_scaled_by_measured_region_factor_0.5883,add_s8,n=288,3132,pext_int_add[curated[pext_nl]],measured,
618,moonshine$dispatch_618_layernorm_s8,,,0.472096043,ms,472096.043,0,,board_measured_b1_scaled_by_measured_region_factor_0.5883,layernorm_s8,M=1;K=288,18884,pext_int_rsqrt[curated[pext_nl]],measured,
619,moonshine$dispatch_619_linear_s8,,,1000000000,us,1000000000000,0,,excluded_unmeasured,linear_s8,M=1;K=288;N=288,,,excluded_unmeasured,"the roccmoon kernel #includes a hart-0-executable fallback body, so this cell is physically possible -- but no board run in this tree has measured it, and inventing a number here would be fiction"
620,moonshine$dispatch_620_rope_s8,,,0.141795008,ms,141795.008,0,,board_measured_b1_scaled_by_measured_region_factor_0.5883,rope_s8,T=1;H=8;D=36;R=32,5672,pext_int_rot[curated[pext_nl]],measured,
621,moonshine$dispatch_621_linear_s8,,,1000000000,us,1000000000000,0,,excluded_unmeasured,linear_s8,M=1;K=288;N=288,,,excluded_unmeasured,"the roccmoon kernel #includes a hart-0-executable fallback body, so this cell is physically possible -- but no board run in this tree has measured it, and inventing a number here would be fiction"
622,moonshine$dispatch_622_rope_s8,,,0.126190350,ms,126190.350,0,,board_measured_b1_scaled_by_measured_region_factor_0.5883,rope_s8,T=1;H=8;D=36;R=32,5048,pext_int_rot[curated[pext_nl]],measured,
623,moonshine$dispatch_623_linear_s8,,,1000000000,us,1000000000000,0,,excluded_unmeasured,linear_s8,M=1;K=288;N=288,,,excluded_unmeasured,"the roccmoon kernel #includes a hart-0-executable fallback body, so this cell is physically possible -- but no board run in this tree has measured it, and inventing a number here would be fiction"
624,moonshine$dispatch_624_cat2_c1_s8,,,0.296488493,ms,296488.493,0,,board_measured_b1_scaled_by_measured_region_factor_0.5883,cat2_c1_s8,N=1;H=288;W=1;C_inputs=2|1;C_total=3,11860,pext_memo_lut[curated[pext_nl]],measured,
625,moonshine$dispatch_625_cat2_c1_s8,,,0.278074702,ms,278074.703,0,,board_measured_b1_scaled_by_measured_region_factor_0.5883,cat2_c1_s8,N=1;H=288;W=1;C_inputs=2|1;C_total=3,11123,pext_memo_lut[curated[pext_nl]],measured,
626,moonshine$dispatch_626_permute4_s8,,,0.043343003,ms,43343.003,0,,board_measured_b1_scaled_by_measured_region_factor_0.5883,permute4_s8,d0=1;d1=3;d2=8;d3=36;p0=0;p1=2;p2=1;p3=3,1734,pext_block[curated[pext_nl]],measured,
627,moonshine$dispatch_627_permute4_s8,,,0.037092315,ms,37092.315,0,,board_measured_b1_scaled_by_measured_region_factor_0.5883,permute4_s8,d0=1;d1=3;d2=8;d3=36;p0=0;p1=2;p2=1;p3=3,1484,pext_block[curated[pext_nl]],measured,
628,moonshine$dispatch_628_matmul_b_s8,,,0.136559138,ms,136559.138,0,,board_measured_b1_scaled_by_measured_region_factor_0.5883,matmul_b_s8,B=8;M=1;K=36;N=3;transpose_b=1,5462,pext_dot8_exact[curated[pext_nl]],measured,
629,moonshine$dispatch_629_softmax_s8,,,0.190109145,ms,190109.145,0,,board_measured_b1_scaled_by_measured_region_factor_0.5883,softmax_s8,M=8;K=3,7604,pext_int_memo2[curated[pext_nl]],measured,
630,moonshine$dispatch_630_matmul_b_s8,,,0.341346368,ms,341346.368,0,,board_measured_b1_scaled_by_measured_region_factor_0.5883,matmul_b_s8,B=8;M=1;K=3;N=36;transpose_b=0,13654,pext_dot8_exact[curated[pext_nl]],measured,
631,moonshine$dispatch_631_linear_s8,,,1000000000,us,1000000000000,0,,excluded_unmeasured,linear_s8,M=1;K=288;N=288,,,excluded_unmeasured,"the roccmoon kernel #includes a hart-0-executable fallback body, so this cell is physically possible -- but no board run in this tree has measured it, and inventing a number here would be fiction"
632,moonshine$dispatch_632_add_s8,,,0.086862495,ms,86862.495,0,,board_measured_b1_scaled_by_measured_region_factor_0.5883,add_s8,n=288,3474,pext_int_add[curated[pext_nl]],measured,
633,moonshine$dispatch_633_layernorm_s8,,,0.472051920,ms,472051.920,0,,board_measured_b1_scaled_by_measured_region_factor_0.5883,layernorm_s8,M=1;K=288,18882,pext_int_rsqrt[curated[pext_nl]],measured,
634,moonshine$dispatch_634_linear_s8,,,1000000000,us,1000000000000,0,,excluded_unmeasured,linear_s8,M=1;K=288;N=288,,,excluded_unmeasured,"the roccmoon kernel #includes a hart-0-executable fallback body, so this cell is physically possible -- but no board run in this tree has measured it, and inventing a number here would be fiction"
635,moonshine$dispatch_635_matmul_b_s8,,,1.646269305,ms,1646269.305,0,,board_measured_b1_scaled_by_measured_region_factor_0.5883,matmul_b_s8,B=8;M=1;K=36;N=165;transpose_b=1,65851,pext_dot8_exact[curated[pext_nl]],measured,
636,moonshine$dispatch_636_softmax_s8,,,0.985740773,ms,985740.773,0,,board_measured_b1_scaled_by_measured_region_factor_0.5883,softmax_s8,M=8;K=165,39430,pext_int_memo2[curated[pext_nl]],measured,
637,moonshine$dispatch_637_matmul_b_s8,,,1.514151833,ms,1514151.833,0,,board_measured_b1_scaled_by_measured_region_factor_0.5883,matmul_b_s8,B=8;M=1;K=165;N=36;transpose_b=1,60566,pext_dot8_exact[curated[pext_nl]],measured,
638,moonshine$dispatch_638_linear_s8,,,1000000000,us,1000000000000,0,,excluded_unmeasured,linear_s8,M=1;K=288;N=288,,,excluded_unmeasured,"the roccmoon kernel #includes a hart-0-executable fallback body, so this cell is physically possible -- but no board run in this tree has measured it, and inventing a number here would be fiction"
639,moonshine$dispatch_639_add_s8,,,0.082582613,ms,82582.613,0,,board_measured_b1_scaled_by_measured_region_factor_0.5883,add_s8,n=288,3303,pext_int_add[curated[pext_nl]],measured,
640,moonshine$dispatch_640_layernorm_s8,,,0.468286800,ms,468286.800,0,,board_measured_b1_scaled_by_measured_region_factor_0.5883,layernorm_s8,M=1;K=288,18731,pext_int_rsqrt[curated[pext_nl]],measured,
641,moonshine$dispatch_641_linear_s8,,,1000000000,us,1000000000000,0,,excluded_unmeasured,linear_s8,M=1;K=288;N=1152,,,excluded_unmeasured,"the roccmoon kernel #includes a hart-0-executable fallback body, so this cell is physically possible -- but no board run in this tree has measured it, and inventing a number here would be fiction"
642,moonshine$dispatch_642_silu_s8,,,0.747376320,ms,747376.320,0,,board_measured_b1_scaled_by_measured_region_factor_0.5883,silu_s8,n=1152,29895,pext_int_lut[curated[pext_nl]],measured,
643,moonshine$dispatch_643_linear_s8,,,1000000000,us,1000000000000,0,,excluded_unmeasured,linear_s8,M=1;K=288;N=1152,,,excluded_unmeasured,"the roccmoon kernel #includes a hart-0-executable fallback body, so this cell is physically possible -- but no board run in this tree has measured it, and inventing a number here would be fiction"
644,moonshine$dispatch_644_mul_s8,,,0.722226495,ms,722226.495,0,,board_measured_b1_scaled_by_measured_region_factor_0.5883,mul_s8,n=1152,28889,pext_int_mul[curated[pext_nl]],measured,
645,moonshine$dispatch_645_linear_s8,,,1000000000,us,1000000000000,0,,excluded_unmeasured,linear_s8,M=1;K=1152;N=288,,,excluded_unmeasured,"the roccmoon kernel #includes a hart-0-executable fallback body, so this cell is physically possible -- but no board run in this tree has measured it, and inventing a number here would be fiction"
646,moonshine$dispatch_646_add_s8,,,0.081214815,ms,81214.815,0,,board_measured_b1_scaled_by_measured_region_factor_0.5883,add_s8,n=288,3249,pext_int_add[curated[pext_nl]],measured,
647,moonshine$dispatch_647_layernorm_s8,,,0.463403910,ms,463403.910,0,,board_measured_b1_scaled_by_measured_region_factor_0.5883,layernorm_s8,M=1;K=288,18536,pext_int_rsqrt[curated[pext_nl]],measured,
648,moonshine$dispatch_648_linear_s8,,,1000000000,us,1000000000000,0,,excluded_unmeasured,linear_s8,M=1;K=288;N=16384,,,excluded_unmeasured,"the roccmoon kernel #includes a hart-0-executable fallback body, so this cell is physically possible -- but no board run in this tree has measured it, and inventing a number here would be fiction"
649,moonshine$dispatch_649_linear_s8,,,1000000000,us,1000000000000,0,,excluded_unmeasured,linear_s8,M=1;K=288;N=16384,,,excluded_unmeasured,"the roccmoon kernel #includes a hart-0-executable fallback body, so this cell is physically possible -- but no board run in this tree has measured it, and inventing a number here would be fiction"
650,moonshine$dispatch_650_cat2_c1_s8,,,0.780365242,ms,780365.242,0,,board_measured_b1_scaled_by_measured_region_factor_0.5883,cat2_c1_s8,N=1;H=1;W=1;C_inputs=16384|16384;C_total=32768,31215,pext_memo_lut[curated[pext_nl]],measured,
651,moonshine$dispatch_651_layernorm_s8,,,0.468801562,ms,468801.562,0,,board_measured_b1_scaled_by_measured_region_factor_0.5883,layernorm_s8,M=1;K=288,18752,pext_int_rsqrt[curated[pext_nl]],measured,
652,moonshine$dispatch_652_linear_s8,,,1000000000,us,1000000000000,0,,excluded_unmeasured,linear_s8,M=1;K=288;N=288,,,excluded_unmeasured,"the roccmoon kernel #includes a hart-0-executable fallback body, so this cell is physically possible -- but no board run in this tree has measured it, and inventing a number here would be fiction"
653,moonshine$dispatch_653_rope_s8,,,0.189109035,ms,189109.035,0,,board_measured_b1_scaled_by_measured_region_factor_0.5883,rope_s8,T=1;H=8;D=36;R=32,7564,pext_int_rot[curated[pext_nl]],measured,
654,moonshine$dispatch_654_linear_s8,,,1000000000,us,1000000000000,0,,excluded_unmeasured,linear_s8,M=1;K=288;N=288,,,excluded_unmeasured,"the roccmoon kernel #includes a hart-0-executable fallback body, so this cell is physically possible -- but no board run in this tree has measured it, and inventing a number here would be fiction"
655,moonshine$dispatch_655_rope_s8,,,0.132455745,ms,132455.745,0,,board_measured_b1_scaled_by_measured_region_factor_0.5883,rope_s8,T=1;H=8;D=36;R=32,5298,pext_int_rot[curated[pext_nl]],measured,
656,moonshine$dispatch_656_linear_s8,,,1000000000,us,1000000000000,0,,excluded_unmeasured,linear_s8,M=1;K=288;N=288,,,excluded_unmeasured,"the roccmoon kernel #includes a hart-0-executable fallback body, so this cell is physically possible -- but no board run in this tree has measured it, and inventing a number here would be fiction"
657,moonshine$dispatch_657_cat2_c1_s8,,,0.340905142,ms,340905.142,0,,board_measured_b1_scaled_by_measured_region_factor_0.5883,cat2_c1_s8,N=1;H=288;W=1;C_inputs=3|1;C_total=4,13636,pext_memo_lut[curated[pext_nl]],measured,
658,moonshine$dispatch_658_cat2_c1_s8,,,0.327800760,ms,327800.760,0,,board_measured_b1_scaled_by_measured_region_factor_0.5883,cat2_c1_s8,N=1;H=288;W=1;C_inputs=3|1;C_total=4,13112,pext_memo_lut[curated[pext_nl]],measured,
659,moonshine$dispatch_659_permute4_s8,,,0.054976635,ms,54976.635,0,,board_measured_b1_scaled_by_measured_region_factor_0.5883,permute4_s8,d0=1;d1=4;d2=8;d3=36;p0=0;p1=2;p2=1;p3=3,2199,pext_block[curated[pext_nl]],measured,
660,moonshine$dispatch_660_permute4_s8,,,0.045137318,ms,45137.318,0,,board_measured_b1_scaled_by_measured_region_factor_0.5883,permute4_s8,d0=1;d1=4;d2=8;d3=36;p0=0;p1=2;p2=1;p3=3,1805,pext_block[curated[pext_nl]],measured,
661,moonshine$dispatch_661_matmul_b_s8,,,0.150075330,ms,150075.330,0,,board_measured_b1_scaled_by_measured_region_factor_0.5883,matmul_b_s8,B=8;M=1;K=36;N=4;transpose_b=1,6003,pext_dot8_exact[curated[pext_nl]],measured,
662,moonshine$dispatch_662_softmax_s8,,,0.204037148,ms,204037.148,0,,board_measured_b1_scaled_by_measured_region_factor_0.5883,softmax_s8,M=8;K=4,8161,pext_int_memo2[curated[pext_nl]],measured,
663,moonshine$dispatch_663_matmul_b_s8,,,0.371055518,ms,371055.518,0,,board_measured_b1_scaled_by_measured_region_factor_0.5883,matmul_b_s8,B=8;M=1;K=4;N=36;transpose_b=0,14842,pext_dot8_exact[curated[pext_nl]],measured,
664,moonshine$dispatch_664_linear_s8,,,1000000000,us,1000000000000,0,,excluded_unmeasured,linear_s8,M=1;K=288;N=288,,,excluded_unmeasured,"the roccmoon kernel #includes a hart-0-executable fallback body, so this cell is physically possible -- but no board run in this tree has measured it, and inventing a number here would be fiction"
665,moonshine$dispatch_665_add_s8,,,0.089818703,ms,89818.703,0,,board_measured_b1_scaled_by_measured_region_factor_0.5883,add_s8,n=288,3593,pext_int_add[curated[pext_nl]],measured,
666,moonshine$dispatch_666_layernorm_s8,,,0.472081335,ms,472081.335,0,,board_measured_b1_scaled_by_measured_region_factor_0.5883,layernorm_s8,M=1;K=288,18883,pext_int_rsqrt[curated[pext_nl]],measured,
667,moonshine$dispatch_667_linear_s8,,,1000000000,us,1000000000000,0,,excluded_unmeasured,linear_s8,M=1;K=288;N=288,,,excluded_unmeasured,"the roccmoon kernel #includes a hart-0-executable fallback body, so this cell is physically possible -- but no board run in this tree has measured it, and inventing a number here would be fiction"
668,moonshine$dispatch_668_matmul_b_s8,,,1.689185790,ms,1689185.790,0,,board_measured_b1_scaled_by_measured_region_factor_0.5883,matmul_b_s8,B=8;M=1;K=36;N=165;transpose_b=1,67567,pext_dot8_exact[curated[pext_nl]],measured,
669,moonshine$dispatch_669_softmax_s8,,,1.271845770,ms,1271845.770,0,,board_measured_b1_scaled_by_measured_region_factor_0.5883,softmax_s8,M=8;K=165,50874,pext_int_memo2[curated[pext_nl]],measured,
670,moonshine$dispatch_670_matmul_b_s8,,,1.519446533,ms,1519446.533,0,,board_measured_b1_scaled_by_measured_region_factor_0.5883,matmul_b_s8,B=8;M=1;K=165;N=36;transpose_b=1,60778,pext_dot8_exact[curated[pext_nl]],measured,
671,moonshine$dispatch_671_linear_s8,,,1000000000,us,1000000000000,0,,excluded_unmeasured,linear_s8,M=1;K=288;N=288,,,excluded_unmeasured,"the roccmoon kernel #includes a hart-0-executable fallback body, so this cell is physically possible -- but no board run in this tree has measured it, and inventing a number here would be fiction"
672,moonshine$dispatch_672_add_s8,,,0.082891470,ms,82891.470,0,,board_measured_b1_scaled_by_measured_region_factor_0.5883,add_s8,n=288,3316,pext_int_add[curated[pext_nl]],measured,
673,moonshine$dispatch_673_layernorm_s8,,,0.466919003,ms,466919.003,0,,board_measured_b1_scaled_by_measured_region_factor_0.5883,layernorm_s8,M=1;K=288,18677,pext_int_rsqrt[curated[pext_nl]],measured,
674,moonshine$dispatch_674_linear_s8,,,1000000000,us,1000000000000,0,,excluded_unmeasured,linear_s8,M=1;K=288;N=1152,,,excluded_unmeasured,"the roccmoon kernel #includes a hart-0-executable fallback body, so this cell is physically possible -- but no board run in this tree has measured it, and inventing a number here would be fiction"
675,moonshine$dispatch_675_silu_s8,,,0.835135973,ms,835135.973,0,,board_measured_b1_scaled_by_measured_region_factor_0.5883,silu_s8,n=1152,33405,pext_int_lut[curated[pext_nl]],measured,
676,moonshine$dispatch_676_linear_s8,,,1000000000,us,1000000000000,0,,excluded_unmeasured,linear_s8,M=1;K=288;N=1152,,,excluded_unmeasured,"the roccmoon kernel #includes a hart-0-executable fallback body, so this cell is physically possible -- but no board run in this tree has measured it, and inventing a number here would be fiction"
677,moonshine$dispatch_677_mul_s8,,,0.723609000,ms,723609.000,0,,board_measured_b1_scaled_by_measured_region_factor_0.5883,mul_s8,n=1152,28944,pext_int_mul[curated[pext_nl]],measured,
678,moonshine$dispatch_678_linear_s8,,,1000000000,us,1000000000000,0,,excluded_unmeasured,linear_s8,M=1;K=1152;N=288,,,excluded_unmeasured,"the roccmoon kernel #includes a hart-0-executable fallback body, so this cell is physically possible -- but no board run in this tree has measured it, and inventing a number here would be fiction"
679,moonshine$dispatch_679_add_s8,,,0.084818153,ms,84818.153,0,,board_measured_b1_scaled_by_measured_region_factor_0.5883,add_s8,n=288,3393,pext_int_add[curated[pext_nl]],measured,
680,moonshine$dispatch_680_layernorm_s8,,,0.468227970,ms,468227.970,0,,board_measured_b1_scaled_by_measured_region_factor_0.5883,layernorm_s8,M=1;K=288,18729,pext_int_rsqrt[curated[pext_nl]],measured,
681,moonshine$dispatch_681_linear_s8,,,1000000000,us,1000000000000,0,,excluded_unmeasured,linear_s8,M=1;K=288;N=288,,,excluded_unmeasured,"the roccmoon kernel #includes a hart-0-executable fallback body, so this cell is physically possible -- but no board run in this tree has measured it, and inventing a number here would be fiction"
682,moonshine$dispatch_682_rope_s8,,,0.146413163,ms,146413.163,0,,board_measured_b1_scaled_by_measured_region_factor_0.5883,rope_s8,T=1;H=8;D=36;R=32,5857,pext_int_rot[curated[pext_nl]],measured,
683,moonshine$dispatch_683_linear_s8,,,1000000000,us,1000000000000,0,,excluded_unmeasured,linear_s8,M=1;K=288;N=288,,,excluded_unmeasured,"the roccmoon kernel #includes a hart-0-executable fallback body, so this cell is physically possible -- but no board run in this tree has measured it, and inventing a number here would be fiction"
684,moonshine$dispatch_684_rope_s8,,,0.123219435,ms,123219.435,0,,board_measured_b1_scaled_by_measured_region_factor_0.5883,rope_s8,T=1;H=8;D=36;R=32,4929,pext_int_rot[curated[pext_nl]],measured,
685,moonshine$dispatch_685_linear_s8,,,1000000000,us,1000000000000,0,,excluded_unmeasured,linear_s8,M=1;K=288;N=288,,,excluded_unmeasured,"the roccmoon kernel #includes a hart-0-executable fallback body, so this cell is physically possible -- but no board run in this tree has measured it, and inventing a number here would be fiction"
686,moonshine$dispatch_686_cat2_c1_s8,,,0.339699128,ms,339699.128,0,,board_measured_b1_scaled_by_measured_region_factor_0.5883,cat2_c1_s8,N=1;H=288;W=1;C_inputs=3|1;C_total=4,13588,pext_memo_lut[curated[pext_nl]],measured,
687,moonshine$dispatch_687_cat2_c1_s8,,,0.328933238,ms,328933.238,0,,board_measured_b1_scaled_by_measured_region_factor_0.5883,cat2_c1_s8,N=1;H=288;W=1;C_inputs=3|1;C_total=4,13157,pext_memo_lut[curated[pext_nl]],measured,
688,moonshine$dispatch_688_permute4_s8,,,0.051020318,ms,51020.318,0,,board_measured_b1_scaled_by_measured_region_factor_0.5883,permute4_s8,d0=1;d1=4;d2=8;d3=36;p0=0;p1=2;p2=1;p3=3,2041,pext_block[curated[pext_nl]],measured,
689,moonshine$dispatch_689_permute4_s8,,,0.044637263,ms,44637.263,0,,board_measured_b1_scaled_by_measured_region_factor_0.5883,permute4_s8,d0=1;d1=4;d2=8;d3=36;p0=0;p1=2;p2=1;p3=3,1785,pext_block[curated[pext_nl]],measured,
690,moonshine$dispatch_690_matmul_b_s8,,,0.149045805,ms,149045.805,0,,board_measured_b1_scaled_by_measured_region_factor_0.5883,matmul_b_s8,B=8;M=1;K=36;N=4;transpose_b=1,5962,pext_dot8_exact[curated[pext_nl]],measured,
691,moonshine$dispatch_691_softmax_s8,,,0.210934965,ms,210934.965,0,,board_measured_b1_scaled_by_measured_region_factor_0.5883,softmax_s8,M=8;K=4,8437,pext_int_memo2[curated[pext_nl]],measured,
692,moonshine$dispatch_692_matmul_b_s8,,,0.366790343,ms,366790.343,0,,board_measured_b1_scaled_by_measured_region_factor_0.5883,matmul_b_s8,B=8;M=1;K=4;N=36;transpose_b=0,14672,pext_dot8_exact[curated[pext_nl]],measured,
693,moonshine$dispatch_693_linear_s8,,,1000000000,us,1000000000000,0,,excluded_unmeasured,linear_s8,M=1;K=288;N=288,,,excluded_unmeasured,"the roccmoon kernel #includes a hart-0-executable fallback body, so this cell is physically possible -- but no board run in this tree has measured it, and inventing a number here would be fiction"
694,moonshine$dispatch_694_add_s8,,,0.087450795,ms,87450.795,0,,board_measured_b1_scaled_by_measured_region_factor_0.5883,add_s8,n=288,3498,pext_int_add[curated[pext_nl]],measured,
695,moonshine$dispatch_695_layernorm_s8,,,0.474758100,ms,474758.100,0,,board_measured_b1_scaled_by_measured_region_factor_0.5883,layernorm_s8,M=1;K=288,18990,pext_int_rsqrt[curated[pext_nl]],measured,
696,moonshine$dispatch_696_linear_s8,,,1000000000,us,1000000000000,0,,excluded_unmeasured,linear_s8,M=1;K=288;N=288,,,excluded_unmeasured,"the roccmoon kernel #includes a hart-0-executable fallback body, so this cell is physically possible -- but no board run in this tree has measured it, and inventing a number here would be fiction"
697,moonshine$dispatch_697_matmul_b_s8,,,1.675610768,ms,1675610.768,0,,board_measured_b1_scaled_by_measured_region_factor_0.5883,matmul_b_s8,B=8;M=1;K=36;N=165;transpose_b=1,67024,pext_dot8_exact[curated[pext_nl]],measured,
698,moonshine$dispatch_698_softmax_s8,,,1.143419880,ms,1143419.880,0,,board_measured_b1_scaled_by_measured_region_factor_0.5883,softmax_s8,M=8;K=165,45737,pext_int_memo2[curated[pext_nl]],measured,
699,moonshine$dispatch_699_matmul_b_s8,,,1.508827717,ms,1508827.718,0,,board_measured_b1_scaled_by_measured_region_factor_0.5883,matmul_b_s8,B=8;M=1;K=165;N=36;transpose_b=1,60353,pext_dot8_exact[curated[pext_nl]],measured,
700,moonshine$dispatch_700_linear_s8,,,1000000000,us,1000000000000,0,,excluded_unmeasured,linear_s8,M=1;K=288;N=288,,,excluded_unmeasured,"the roccmoon kernel #includes a hart-0-executable fallback body, so this cell is physically possible -- but no board run in this tree has measured it, and inventing a number here would be fiction"
701,moonshine$dispatch_701_add_s8,,,0.082509075,ms,82509.075,0,,board_measured_b1_scaled_by_measured_region_factor_0.5883,add_s8,n=288,3300,pext_int_add[curated[pext_nl]],measured,
702,moonshine$dispatch_702_layernorm_s8,,,0.469801673,ms,469801.673,0,,board_measured_b1_scaled_by_measured_region_factor_0.5883,layernorm_s8,M=1;K=288,18792,pext_int_rsqrt[curated[pext_nl]],measured,
703,moonshine$dispatch_703_linear_s8,,,1000000000,us,1000000000000,0,,excluded_unmeasured,linear_s8,M=1;K=288;N=1152,,,excluded_unmeasured,"the roccmoon kernel #includes a hart-0-executable fallback body, so this cell is physically possible -- but no board run in this tree has measured it, and inventing a number here would be fiction"
704,moonshine$dispatch_704_silu_s8,,,0.796808228,ms,796808.228,0,,board_measured_b1_scaled_by_measured_region_factor_0.5883,silu_s8,n=1152,31872,pext_int_lut[curated[pext_nl]],measured,
705,moonshine$dispatch_705_linear_s8,,,1000000000,us,1000000000000,0,,excluded_unmeasured,linear_s8,M=1;K=288;N=1152,,,excluded_unmeasured,"the roccmoon kernel #includes a hart-0-executable fallback body, so this cell is physically possible -- but no board run in this tree has measured it, and inventing a number here would be fiction"
706,moonshine$dispatch_706_mul_s8,,,0.726123983,ms,726123.983,0,,board_measured_b1_scaled_by_measured_region_factor_0.5883,mul_s8,n=1152,29045,pext_int_mul[curated[pext_nl]],measured,
707,moonshine$dispatch_707_linear_s8,,,1000000000,us,1000000000000,0,,excluded_unmeasured,linear_s8,M=1;K=1152;N=288,,,excluded_unmeasured,"the roccmoon kernel #includes a hart-0-executable fallback body, so this cell is physically possible -- but no board run in this tree has measured it, and inventing a number here would be fiction"
708,moonshine$dispatch_708_add_s8,,,0.081832530,ms,81832.530,0,,board_measured_b1_scaled_by_measured_region_factor_0.5883,add_s8,n=288,3273,pext_int_add[curated[pext_nl]],measured,
709,moonshine$dispatch_709_layernorm_s8,,,0.465536498,ms,465536.498,0,,board_measured_b1_scaled_by_measured_region_factor_0.5883,layernorm_s8,M=1;K=288,18621,pext_int_rsqrt[curated[pext_nl]],measured,
710,moonshine$dispatch_710_linear_s8,,,1000000000,us,1000000000000,0,,excluded_unmeasured,linear_s8,M=1;K=288;N=288,,,excluded_unmeasured,"the roccmoon kernel #includes a hart-0-executable fallback body, so this cell is physically possible -- but no board run in this tree has measured it, and inventing a number here would be fiction"
711,moonshine$dispatch_711_rope_s8,,,0.192815325,ms,192815.325,0,,board_measured_b1_scaled_by_measured_region_factor_0.5883,rope_s8,T=1;H=8;D=36;R=32,7713,pext_int_rot[curated[pext_nl]],measured,
712,moonshine$dispatch_712_linear_s8,,,1000000000,us,1000000000000,0,,excluded_unmeasured,linear_s8,M=1;K=288;N=288,,,excluded_unmeasured,"the roccmoon kernel #includes a hart-0-executable fallback body, so this cell is physically possible -- but no board run in this tree has measured it, and inventing a number here would be fiction"
713,moonshine$dispatch_713_rope_s8,,,0.127322828,ms,127322.828,0,,board_measured_b1_scaled_by_measured_region_factor_0.5883,rope_s8,T=1;H=8;D=36;R=32,5093,pext_int_rot[curated[pext_nl]],measured,
714,moonshine$dispatch_714_linear_s8,,,1000000000,us,1000000000000,0,,excluded_unmeasured,linear_s8,M=1;K=288;N=288,,,excluded_unmeasured,"the roccmoon kernel #includes a hart-0-executable fallback body, so this cell is physically possible -- but no board run in this tree has measured it, and inventing a number here would be fiction"
715,moonshine$dispatch_715_cat2_c1_s8,,,0.344802630,ms,344802.630,0,,board_measured_b1_scaled_by_measured_region_factor_0.5883,cat2_c1_s8,N=1;H=288;W=1;C_inputs=3|1;C_total=4,13792,pext_memo_lut[curated[pext_nl]],measured,
716,moonshine$dispatch_716_cat2_c1_s8,,,0.323667953,ms,323667.953,0,,board_measured_b1_scaled_by_measured_region_factor_0.5883,cat2_c1_s8,N=1;H=288;W=1;C_inputs=3|1;C_total=4,12947,pext_memo_lut[curated[pext_nl]],measured,
717,moonshine$dispatch_717_permute4_s8,,,0.049549568,ms,49549.568,0,,board_measured_b1_scaled_by_measured_region_factor_0.5883,permute4_s8,d0=1;d1=4;d2=8;d3=36;p0=0;p1=2;p2=1;p3=3,1982,pext_block[curated[pext_nl]],measured,
718,moonshine$dispatch_718_permute4_s8,,,0.046093305,ms,46093.305,0,,board_measured_b1_scaled_by_measured_region_factor_0.5883,permute4_s8,d0=1;d1=4;d2=8;d3=36;p0=0;p1=2;p2=1;p3=3,1844,pext_block[curated[pext_nl]],measured,
719,moonshine$dispatch_719_matmul_b_s8,,,0.153825743,ms,153825.742,0,,board_measured_b1_scaled_by_measured_region_factor_0.5883,matmul_b_s8,B=8;M=1;K=36;N=4;transpose_b=1,6153,pext_dot8_exact[curated[pext_nl]],measured,
720,moonshine$dispatch_720_softmax_s8,,,0.205993245,ms,205993.245,0,,board_measured_b1_scaled_by_measured_region_factor_0.5883,softmax_s8,M=8;K=4,8240,pext_int_memo2[curated[pext_nl]],measured,
721,moonshine$dispatch_721_matmul_b_s8,,,0.370967273,ms,370967.273,0,,board_measured_b1_scaled_by_measured_region_factor_0.5883,matmul_b_s8,B=8;M=1;K=4;N=36;transpose_b=0,14839,pext_dot8_exact[curated[pext_nl]],measured,
722,moonshine$dispatch_722_linear_s8,,,1000000000,us,1000000000000,0,,excluded_unmeasured,linear_s8,M=1;K=288;N=288,,,excluded_unmeasured,"the roccmoon kernel #includes a hart-0-executable fallback body, so this cell is physically possible -- but no board run in this tree has measured it, and inventing a number here would be fiction"
723,moonshine$dispatch_723_add_s8,,,0.087494918,ms,87494.918,0,,board_measured_b1_scaled_by_measured_region_factor_0.5883,add_s8,n=288,3500,pext_int_add[curated[pext_nl]],measured,
724,moonshine$dispatch_724_layernorm_s8,,,0.476537708,ms,476537.708,0,,board_measured_b1_scaled_by_measured_region_factor_0.5883,layernorm_s8,M=1;K=288,19062,pext_int_rsqrt[curated[pext_nl]],measured,
725,moonshine$dispatch_725_linear_s8,,,1000000000,us,1000000000000,0,,excluded_unmeasured,linear_s8,M=1;K=288;N=288,,,excluded_unmeasured,"the roccmoon kernel #includes a hart-0-executable fallback body, so this cell is physically possible -- but no board run in this tree has measured it, and inventing a number here would be fiction"
726,moonshine$dispatch_726_matmul_b_s8,,,1.663918305,ms,1663918.305,0,,board_measured_b1_scaled_by_measured_region_factor_0.5883,matmul_b_s8,B=8;M=1;K=36;N=165;transpose_b=1,66557,pext_dot8_exact[curated[pext_nl]],measured,
727,moonshine$dispatch_727_softmax_s8,,,1.014435105,ms,1014435.105,0,,board_measured_b1_scaled_by_measured_region_factor_0.5883,softmax_s8,M=8;K=165,40577,pext_int_memo2[curated[pext_nl]],measured,
728,moonshine$dispatch_728_matmul_b_s8,,,1.521682072,ms,1521682.073,0,,board_measured_b1_scaled_by_measured_region_factor_0.5883,matmul_b_s8,B=8;M=1;K=165;N=36;transpose_b=1,60867,pext_dot8_exact[curated[pext_nl]],measured,
729,moonshine$dispatch_729_linear_s8,,,1000000000,us,1000000000000,0,,excluded_unmeasured,linear_s8,M=1;K=288;N=288,,,excluded_unmeasured,"the roccmoon kernel #includes a hart-0-executable fallback body, so this cell is physically possible -- but no board run in this tree has measured it, and inventing a number here would be fiction"
730,moonshine$dispatch_730_add_s8,,,0.081023618,ms,81023.618,0,,board_measured_b1_scaled_by_measured_region_factor_0.5883,add_s8,n=288,3241,pext_int_add[curated[pext_nl]],measured,
731,moonshine$dispatch_731_layernorm_s8,,,0.467198445,ms,467198.445,0,,board_measured_b1_scaled_by_measured_region_factor_0.5883,layernorm_s8,M=1;K=288,18688,pext_int_rsqrt[curated[pext_nl]],measured,
732,moonshine$dispatch_732_linear_s8,,,1000000000,us,1000000000000,0,,excluded_unmeasured,linear_s8,M=1;K=288;N=1152,,,excluded_unmeasured,"the roccmoon kernel #includes a hart-0-executable fallback body, so this cell is physically possible -- but no board run in this tree has measured it, and inventing a number here would be fiction"
733,moonshine$dispatch_733_silu_s8,,,0.736080960,ms,736080.960,0,,board_measured_b1_scaled_by_measured_region_factor_0.5883,silu_s8,n=1152,29443,pext_int_lut[curated[pext_nl]],measured,
734,moonshine$dispatch_734_linear_s8,,,1000000000,us,1000000000000,0,,excluded_unmeasured,linear_s8,M=1;K=288;N=1152,,,excluded_unmeasured,"the roccmoon kernel #includes a hart-0-executable fallback body, so this cell is physically possible -- but no board run in this tree has measured it, and inventing a number here would be fiction"
735,moonshine$dispatch_735_mul_s8,,,0.724226715,ms,724226.715,0,,board_measured_b1_scaled_by_measured_region_factor_0.5883,mul_s8,n=1152,28969,pext_int_mul[curated[pext_nl]],measured,
736,moonshine$dispatch_736_linear_s8,,,1000000000,us,1000000000000,0,,excluded_unmeasured,linear_s8,M=1;K=1152;N=288,,,excluded_unmeasured,"the roccmoon kernel #includes a hart-0-executable fallback body, so this cell is physically possible -- but no board run in this tree has measured it, and inventing a number here would be fiction"
737,moonshine$dispatch_737_add_s8,,,0.082273755,ms,82273.755,0,,board_measured_b1_scaled_by_measured_region_factor_0.5883,add_s8,n=288,3291,pext_int_add[curated[pext_nl]],measured,
738,moonshine$dispatch_738_layernorm_s8,,,0.467786745,ms,467786.745,0,,board_measured_b1_scaled_by_measured_region_factor_0.5883,layernorm_s8,M=1;K=288,18711,pext_int_rsqrt[curated[pext_nl]],measured,
739,moonshine$dispatch_739_linear_s8,,,1000000000,us,1000000000000,0,,excluded_unmeasured,linear_s8,M=1;K=288;N=288,,,excluded_unmeasured,"the roccmoon kernel #includes a hart-0-executable fallback body, so this cell is physically possible -- but no board run in this tree has measured it, and inventing a number here would be fiction"
740,moonshine$dispatch_740_rope_s8,,,0.143706983,ms,143706.983,0,,board_measured_b1_scaled_by_measured_region_factor_0.5883,rope_s8,T=1;H=8;D=36;R=32,5748,pext_int_rot[curated[pext_nl]],measured,
741,moonshine$dispatch_741_linear_s8,,,1000000000,us,1000000000000,0,,excluded_unmeasured,linear_s8,M=1;K=288;N=288,,,excluded_unmeasured,"the roccmoon kernel #includes a hart-0-executable fallback body, so this cell is physically possible -- but no board run in this tree has measured it, and inventing a number here would be fiction"
742,moonshine$dispatch_742_rope_s8,,,0.123910688,ms,123910.688,0,,board_measured_b1_scaled_by_measured_region_factor_0.5883,rope_s8,T=1;H=8;D=36;R=32,4956,pext_int_rot[curated[pext_nl]],measured,
743,moonshine$dispatch_743_linear_s8,,,1000000000,us,1000000000000,0,,excluded_unmeasured,linear_s8,M=1;K=288;N=288,,,excluded_unmeasured,"the roccmoon kernel #includes a hart-0-executable fallback body, so this cell is physically possible -- but no board run in this tree has measured it, and inventing a number here would be fiction"
744,moonshine$dispatch_744_cat2_c1_s8,,,0.341993498,ms,341993.497,0,,board_measured_b1_scaled_by_measured_region_factor_0.5883,cat2_c1_s8,N=1;H=288;W=1;C_inputs=3|1;C_total=4,13680,pext_memo_lut[curated[pext_nl]],measured,
745,moonshine$dispatch_745_cat2_c1_s8,,,0.324800430,ms,324800.430,0,,board_measured_b1_scaled_by_measured_region_factor_0.5883,cat2_c1_s8,N=1;H=288;W=1;C_inputs=3|1;C_total=4,12992,pext_memo_lut[curated[pext_nl]],measured,
746,moonshine$dispatch_746_permute4_s8,,,0.050167283,ms,50167.283,0,,board_measured_b1_scaled_by_measured_region_factor_0.5883,permute4_s8,d0=1;d1=4;d2=8;d3=36;p0=0;p1=2;p2=1;p3=3,2007,pext_block[curated[pext_nl]],measured,
747,moonshine$dispatch_747_permute4_s8,,,0.046858095,ms,46858.095,0,,board_measured_b1_scaled_by_measured_region_factor_0.5883,permute4_s8,d0=1;d1=4;d2=8;d3=36;p0=0;p1=2;p2=1;p3=3,1874,pext_block[curated[pext_nl]],measured,
748,moonshine$dispatch_748_matmul_b_s8,,,0.144045255,ms,144045.255,0,,board_measured_b1_scaled_by_measured_region_factor_0.5883,matmul_b_s8,B=8;M=1;K=36;N=4;transpose_b=1,5762,pext_dot8_exact[curated[pext_nl]],measured,
749,moonshine$dispatch_749_softmax_s8,,,0.196918718,ms,196918.718,0,,board_measured_b1_scaled_by_measured_region_factor_0.5883,softmax_s8,M=8;K=4,7877,pext_int_memo2[curated[pext_nl]],measured,
750,moonshine$dispatch_750_matmul_b_s8,,,0.376467878,ms,376467.878,0,,board_measured_b1_scaled_by_measured_region_factor_0.5883,matmul_b_s8,B=8;M=1;K=4;N=36;transpose_b=0,15059,pext_dot8_exact[curated[pext_nl]],measured,
751,moonshine$dispatch_751_linear_s8,,,1000000000,us,1000000000000,0,,excluded_unmeasured,linear_s8,M=1;K=288;N=288,,,excluded_unmeasured,"the roccmoon kernel #includes a hart-0-executable fallback body, so this cell is physically possible -- but no board run in this tree has measured it, and inventing a number here would be fiction"
752,moonshine$dispatch_752_add_s8,,,0.087009570,ms,87009.570,0,,board_measured_b1_scaled_by_measured_region_factor_0.5883,add_s8,n=288,3480,pext_int_add[curated[pext_nl]],measured,
753,moonshine$dispatch_753_layernorm_s8,,,0.468375045,ms,468375.045,0,,board_measured_b1_scaled_by_measured_region_factor_0.5883,layernorm_s8,M=1;K=288,18735,pext_int_rsqrt[curated[pext_nl]],measured,
754,moonshine$dispatch_754_linear_s8,,,1000000000,us,1000000000000,0,,excluded_unmeasured,linear_s8,M=1;K=288;N=288,,,excluded_unmeasured,"the roccmoon kernel #includes a hart-0-executable fallback body, so this cell is physically possible -- but no board run in this tree has measured it, and inventing a number here would be fiction"
755,moonshine$dispatch_755_matmul_b_s8,,,1.652770020,ms,1652770.020,0,,board_measured_b1_scaled_by_measured_region_factor_0.5883,matmul_b_s8,B=8;M=1;K=36;N=165;transpose_b=1,66111,pext_dot8_exact[curated[pext_nl]],measured,
756,moonshine$dispatch_756_softmax_s8,,,0.943662615,ms,943662.615,0,,board_measured_b1_scaled_by_measured_region_factor_0.5883,softmax_s8,M=8;K=165,37747,pext_int_memo2[curated[pext_nl]],measured,
757,moonshine$dispatch_757_matmul_b_s8,,,1.507371675,ms,1507371.675,0,,board_measured_b1_scaled_by_measured_region_factor_0.5883,matmul_b_s8,B=8;M=1;K=165;N=36;transpose_b=1,60295,pext_dot8_exact[curated[pext_nl]],measured,
758,moonshine$dispatch_758_linear_s8,,,1000000000,us,1000000000000,0,,excluded_unmeasured,linear_s8,M=1;K=288;N=288,,,excluded_unmeasured,"the roccmoon kernel #includes a hart-0-executable fallback body, so this cell is physically possible -- but no board run in this tree has measured it, and inventing a number here would be fiction"
759,moonshine$dispatch_759_add_s8,,,0.080376488,ms,80376.488,0,,board_measured_b1_scaled_by_measured_region_factor_0.5883,add_s8,n=288,3215,pext_int_add[curated[pext_nl]],measured,
760,moonshine$dispatch_760_layernorm_s8,,,0.469934040,ms,469934.040,0,,board_measured_b1_scaled_by_measured_region_factor_0.5883,layernorm_s8,M=1;K=288,18797,pext_int_rsqrt[curated[pext_nl]],measured,
761,moonshine$dispatch_761_linear_s8,,,1000000000,us,1000000000000,0,,excluded_unmeasured,linear_s8,M=1;K=288;N=1152,,,excluded_unmeasured,"the roccmoon kernel #includes a hart-0-executable fallback body, so this cell is physically possible -- but no board run in this tree has measured it, and inventing a number here would be fiction"
762,moonshine$dispatch_762_silu_s8,,,0.824620110,ms,824620.110,0,,board_measured_b1_scaled_by_measured_region_factor_0.5883,silu_s8,n=1152,32985,pext_int_lut[curated[pext_nl]],measured,
763,moonshine$dispatch_763_linear_s8,,,1000000000,us,1000000000000,0,,excluded_unmeasured,linear_s8,M=1;K=288;N=1152,,,excluded_unmeasured,"the roccmoon kernel #includes a hart-0-executable fallback body, so this cell is physically possible -- but no board run in this tree has measured it, and inventing a number here would be fiction"
764,moonshine$dispatch_764_mul_s8,,,0.722211788,ms,722211.788,0,,board_measured_b1_scaled_by_measured_region_factor_0.5883,mul_s8,n=1152,28888,pext_int_mul[curated[pext_nl]],measured,
765,moonshine$dispatch_765_linear_s8,,,1000000000,us,1000000000000,0,,excluded_unmeasured,linear_s8,M=1;K=1152;N=288,,,excluded_unmeasured,"the roccmoon kernel #includes a hart-0-executable fallback body, so this cell is physically possible -- but no board run in this tree has measured it, and inventing a number here would be fiction"
766,moonshine$dispatch_766_add_s8,,,0.080582393,ms,80582.393,0,,board_measured_b1_scaled_by_measured_region_factor_0.5883,add_s8,n=288,3223,pext_int_add[curated[pext_nl]],measured,
767,moonshine$dispatch_767_layernorm_s8,,,0.467110200,ms,467110.200,0,,board_measured_b1_scaled_by_measured_region_factor_0.5883,layernorm_s8,M=1;K=288,18684,pext_int_rsqrt[curated[pext_nl]],measured,
768,moonshine$dispatch_768_linear_s8,,,1000000000,us,1000000000000,0,,excluded_unmeasured,linear_s8,M=1;K=288;N=288,,,excluded_unmeasured,"the roccmoon kernel #includes a hart-0-executable fallback body, so this cell is physically possible -- but no board run in this tree has measured it, and inventing a number here would be fiction"
769,moonshine$dispatch_769_rope_s8,,,0.143133390,ms,143133.390,0,,board_measured_b1_scaled_by_measured_region_factor_0.5883,rope_s8,T=1;H=8;D=36;R=32,5725,pext_int_rot[curated[pext_nl]],measured,
770,moonshine$dispatch_770_linear_s8,,,1000000000,us,1000000000000,0,,excluded_unmeasured,linear_s8,M=1;K=288;N=288,,,excluded_unmeasured,"the roccmoon kernel #includes a hart-0-executable fallback body, so this cell is physically possible -- but no board run in this tree has measured it, and inventing a number here would be fiction"
771,moonshine$dispatch_771_rope_s8,,,0.126793358,ms,126793.358,0,,board_measured_b1_scaled_by_measured_region_factor_0.5883,rope_s8,T=1;H=8;D=36;R=32,5072,pext_int_rot[curated[pext_nl]],measured,
772,moonshine$dispatch_772_linear_s8,,,1000000000,us,1000000000000,0,,excluded_unmeasured,linear_s8,M=1;K=288;N=288,,,excluded_unmeasured,"the roccmoon kernel #includes a hart-0-executable fallback body, so this cell is physically possible -- but no board run in this tree has measured it, and inventing a number here would be fiction"
773,moonshine$dispatch_773_cat2_c1_s8,,,0.340405088,ms,340405.088,0,,board_measured_b1_scaled_by_measured_region_factor_0.5883,cat2_c1_s8,N=1;H=288;W=1;C_inputs=3|1;C_total=4,13616,pext_memo_lut[curated[pext_nl]],measured,
774,moonshine$dispatch_774_cat2_c1_s8,,,0.326256473,ms,326256.473,0,,board_measured_b1_scaled_by_measured_region_factor_0.5883,cat2_c1_s8,N=1;H=288;W=1;C_inputs=3|1;C_total=4,13050,pext_memo_lut[curated[pext_nl]],measured,
775,moonshine$dispatch_775_permute4_s8,,,0.054329505,ms,54329.505,0,,board_measured_b1_scaled_by_measured_region_factor_0.5883,permute4_s8,d0=1;d1=4;d2=8;d3=36;p0=0;p1=2;p2=1;p3=3,2173,pext_block[curated[pext_nl]],measured,
776,moonshine$dispatch_776_permute4_s8,,,0.045490298,ms,45490.298,0,,board_measured_b1_scaled_by_measured_region_factor_0.5883,permute4_s8,d0=1;d1=4;d2=8;d3=36;p0=0;p1=2;p2=1;p3=3,1820,pext_block[curated[pext_nl]],measured,
777,moonshine$dispatch_777_matmul_b_s8,,,0.153369810,ms,153369.810,0,,board_measured_b1_scaled_by_measured_region_factor_0.5883,matmul_b_s8,B=8;M=1;K=36;N=4;transpose_b=1,6135,pext_dot8_exact[curated[pext_nl]],measured,
778,moonshine$dispatch_778_softmax_s8,,,0.203287065,ms,203287.065,0,,board_measured_b1_scaled_by_measured_region_factor_0.5883,softmax_s8,M=8;K=4,8131,pext_int_memo2[curated[pext_nl]],measured,
779,moonshine$dispatch_779_matmul_b_s8,,,0.375276570,ms,375276.570,0,,board_measured_b1_scaled_by_measured_region_factor_0.5883,matmul_b_s8,B=8;M=1;K=4;N=36;transpose_b=0,15011,pext_dot8_exact[curated[pext_nl]],measured,
780,moonshine$dispatch_780_linear_s8,,,1000000000,us,1000000000000,0,,excluded_unmeasured,linear_s8,M=1;K=288;N=288,,,excluded_unmeasured,"the roccmoon kernel #includes a hart-0-executable fallback body, so this cell is physically possible -- but no board run in this tree has measured it, and inventing a number here would be fiction"
781,moonshine$dispatch_781_add_s8,,,0.083994533,ms,83994.533,0,,board_measured_b1_scaled_by_measured_region_factor_0.5883,add_s8,n=288,3360,pext_int_add[curated[pext_nl]],measured,
782,moonshine$dispatch_782_layernorm_s8,,,0.477714307,ms,477714.307,0,,board_measured_b1_scaled_by_measured_region_factor_0.5883,layernorm_s8,M=1;K=288,19109,pext_int_rsqrt[curated[pext_nl]],measured,
783,moonshine$dispatch_783_linear_s8,,,1000000000,us,1000000000000,0,,excluded_unmeasured,linear_s8,M=1;K=288;N=288,,,excluded_unmeasured,"the roccmoon kernel #includes a hart-0-executable fallback body, so this cell is physically possible -- but no board run in this tree has measured it, and inventing a number here would be fiction"
784,moonshine$dispatch_784_matmul_b_s8,,,1.648416600,ms,1648416.600,0,,board_measured_b1_scaled_by_measured_region_factor_0.5883,matmul_b_s8,B=8;M=1;K=36;N=165;transpose_b=1,65937,pext_dot8_exact[curated[pext_nl]],measured,
785,moonshine$dispatch_785_softmax_s8,,,0.913438703,ms,913438.703,0,,board_measured_b1_scaled_by_measured_region_factor_0.5883,softmax_s8,M=8;K=165,36538,pext_int_memo2[curated[pext_nl]],measured,
786,moonshine$dispatch_786_matmul_b_s8,,,1.514107710,ms,1514107.710,0,,board_measured_b1_scaled_by_measured_region_factor_0.5883,matmul_b_s8,B=8;M=1;K=165;N=36;transpose_b=1,60564,pext_dot8_exact[curated[pext_nl]],measured,
787,moonshine$dispatch_787_linear_s8,,,1000000000,us,1000000000000,0,,excluded_unmeasured,linear_s8,M=1;K=288;N=288,,,excluded_unmeasured,"the roccmoon kernel #includes a hart-0-executable fallback body, so this cell is physically possible -- but no board run in this tree has measured it, and inventing a number here would be fiction"
788,moonshine$dispatch_788_add_s8,,,0.083479770,ms,83479.770,0,,board_measured_b1_scaled_by_measured_region_factor_0.5883,add_s8,n=288,3339,pext_int_add[curated[pext_nl]],measured,
789,moonshine$dispatch_789_layernorm_s8,,,0.467139615,ms,467139.615,0,,board_measured_b1_scaled_by_measured_region_factor_0.5883,layernorm_s8,M=1;K=288,18686,pext_int_rsqrt[curated[pext_nl]],measured,
790,moonshine$dispatch_790_linear_s8,,,1000000000,us,1000000000000,0,,excluded_unmeasured,linear_s8,M=1;K=288;N=1152,,,excluded_unmeasured,"the roccmoon kernel #includes a hart-0-executable fallback body, so this cell is physically possible -- but no board run in this tree has measured it, and inventing a number here would be fiction"
791,moonshine$dispatch_791_silu_s8,,,0.833415195,ms,833415.195,0,,board_measured_b1_scaled_by_measured_region_factor_0.5883,silu_s8,n=1152,33337,pext_int_lut[curated[pext_nl]],measured,
792,moonshine$dispatch_792_linear_s8,,,1000000000,us,1000000000000,0,,excluded_unmeasured,linear_s8,M=1;K=288;N=1152,,,excluded_unmeasured,"the roccmoon kernel #includes a hart-0-executable fallback body, so this cell is physically possible -- but no board run in this tree has measured it, and inventing a number here would be fiction"
793,moonshine$dispatch_793_mul_s8,,,0.723035408,ms,723035.408,0,,board_measured_b1_scaled_by_measured_region_factor_0.5883,mul_s8,n=1152,28921,pext_int_mul[curated[pext_nl]],measured,
794,moonshine$dispatch_794_linear_s8,,,1000000000,us,1000000000000,0,,excluded_unmeasured,linear_s8,M=1;K=1152;N=288,,,excluded_unmeasured,"the roccmoon kernel #includes a hart-0-executable fallback body, so this cell is physically possible -- but no board run in this tree has measured it, and inventing a number here would be fiction"
795,moonshine$dispatch_795_add_s8,,,0.079185180,ms,79185.180,0,,board_measured_b1_scaled_by_measured_region_factor_0.5883,add_s8,n=288,3167,pext_int_add[curated[pext_nl]],measured,
796,moonshine$dispatch_796_layernorm_s8,,,0.468227970,ms,468227.970,0,,board_measured_b1_scaled_by_measured_region_factor_0.5883,layernorm_s8,M=1;K=288,18729,pext_int_rsqrt[curated[pext_nl]],measured,
797,moonshine$dispatch_797_linear_s8,,,1000000000,us,1000000000000,0,,excluded_unmeasured,linear_s8,M=1;K=288;N=288,,,excluded_unmeasured,"the roccmoon kernel #includes a hart-0-executable fallback body, so this cell is physically possible -- but no board run in this tree has measured it, and inventing a number here would be fiction"
798,moonshine$dispatch_798_rope_s8,,,0.142221525,ms,142221.525,0,,board_measured_b1_scaled_by_measured_region_factor_0.5883,rope_s8,T=1;H=8;D=36;R=32,5689,pext_int_rot[curated[pext_nl]],measured,
799,moonshine$dispatch_799_linear_s8,,,1000000000,us,1000000000000,0,,excluded_unmeasured,linear_s8,M=1;K=288;N=288,,,excluded_unmeasured,"the roccmoon kernel #includes a hart-0-executable fallback body, so this cell is physically possible -- but no board run in this tree has measured it, and inventing a number here would be fiction"
800,moonshine$dispatch_800_rope_s8,,,0.124293083,ms,124293.083,0,,board_measured_b1_scaled_by_measured_region_factor_0.5883,rope_s8,T=1;H=8;D=36;R=32,4972,pext_int_rot[curated[pext_nl]],measured,
801,moonshine$dispatch_801_linear_s8,,,1000000000,us,1000000000000,0,,excluded_unmeasured,linear_s8,M=1;K=288;N=288,,,excluded_unmeasured,"the roccmoon kernel #includes a hart-0-executable fallback body, so this cell is physically possible -- but no board run in this tree has measured it, and inventing a number here would be fiction"
802,moonshine$dispatch_802_cat2_c1_s8,,,0.341934668,ms,341934.668,0,,board_measured_b1_scaled_by_measured_region_factor_0.5883,cat2_c1_s8,N=1;H=288;W=1;C_inputs=3|1;C_total=4,13677,pext_memo_lut[curated[pext_nl]],measured,
803,moonshine$dispatch_803_cat2_c1_s8,,,0.326874188,ms,326874.188,0,,board_measured_b1_scaled_by_measured_region_factor_0.5883,cat2_c1_s8,N=1;H=288;W=1;C_inputs=3|1;C_total=4,13075,pext_memo_lut[curated[pext_nl]],measured,
804,moonshine$dispatch_804_permute4_s8,,,0.051417420,ms,51417.420,0,,board_measured_b1_scaled_by_measured_region_factor_0.5883,permute4_s8,d0=1;d1=4;d2=8;d3=36;p0=0;p1=2;p2=1;p3=3,2057,pext_block[curated[pext_nl]],measured,
805,moonshine$dispatch_805_permute4_s8,,,0.044593140,ms,44593.140,0,,board_measured_b1_scaled_by_measured_region_factor_0.5883,permute4_s8,d0=1;d1=4;d2=8;d3=36;p0=0;p1=2;p2=1;p3=3,1784,pext_block[curated[pext_nl]],measured,
806,moonshine$dispatch_806_matmul_b_s8,,,0.144324698,ms,144324.698,0,,board_measured_b1_scaled_by_measured_region_factor_0.5883,matmul_b_s8,B=8;M=1;K=36;N=4;transpose_b=1,5773,pext_dot8_exact[curated[pext_nl]],measured,
807,moonshine$dispatch_807_softmax_s8,,,0.208625887,ms,208625.887,0,,board_measured_b1_scaled_by_measured_region_factor_0.5883,softmax_s8,M=8;K=4,8345,pext_int_memo2[curated[pext_nl]],measured,
808,moonshine$dispatch_808_matmul_b_s8,,,0.364746000,ms,364746.000,0,,board_measured_b1_scaled_by_measured_region_factor_0.5883,matmul_b_s8,B=8;M=1;K=4;N=36;transpose_b=0,14590,pext_dot8_exact[curated[pext_nl]],measured,
809,moonshine$dispatch_809_linear_s8,,,1000000000,us,1000000000000,0,,excluded_unmeasured,linear_s8,M=1;K=288;N=288,,,excluded_unmeasured,"the roccmoon kernel #includes a hart-0-executable fallback body, so this cell is physically possible -- but no board run in this tree has measured it, and inventing a number here would be fiction"
810,moonshine$dispatch_810_add_s8,,,0.087112523,ms,87112.523,0,,board_measured_b1_scaled_by_measured_region_factor_0.5883,add_s8,n=288,3485,pext_int_add[curated[pext_nl]],measured,
811,moonshine$dispatch_811_layernorm_s8,,,0.473375595,ms,473375.595,0,,board_measured_b1_scaled_by_measured_region_factor_0.5883,layernorm_s8,M=1;K=288,18935,pext_int_rsqrt[curated[pext_nl]],measured,
812,moonshine$dispatch_812_linear_s8,,,1000000000,us,1000000000000,0,,excluded_unmeasured,linear_s8,M=1;K=288;N=288,,,excluded_unmeasured,"the roccmoon kernel #includes a hart-0-executable fallback body, so this cell is physically possible -- but no board run in this tree has measured it, and inventing a number here would be fiction"
813,moonshine$dispatch_813_matmul_b_s8,,,1.638606698,ms,1638606.698,0,,board_measured_b1_scaled_by_measured_region_factor_0.5883,matmul_b_s8,B=8;M=1;K=36;N=165;transpose_b=1,65544,pext_dot8_exact[curated[pext_nl]],measured,
814,moonshine$dispatch_814_softmax_s8,,,0.961355738,ms,961355.738,0,,board_measured_b1_scaled_by_measured_region_factor_0.5883,softmax_s8,M=8;K=165,38454,pext_int_memo2[curated[pext_nl]],measured,
815,moonshine$dispatch_815_matmul_b_s8,,,1.500679763,ms,1500679.763,0,,board_measured_b1_scaled_by_measured_region_factor_0.5883,matmul_b_s8,B=8;M=1;K=165;N=36;transpose_b=1,60027,pext_dot8_exact[curated[pext_nl]],measured,
816,moonshine$dispatch_816_linear_s8,,,1000000000,us,1000000000000,0,,excluded_unmeasured,linear_s8,M=1;K=288;N=288,,,excluded_unmeasured,"the roccmoon kernel #includes a hart-0-executable fallback body, so this cell is physically possible -- but no board run in this tree has measured it, and inventing a number here would be fiction"
817,moonshine$dispatch_817_add_s8,,,0.083685675,ms,83685.675,0,,board_measured_b1_scaled_by_measured_region_factor_0.5883,add_s8,n=288,3347,pext_int_add[curated[pext_nl]],measured,
818,moonshine$dispatch_818_layernorm_s8,,,0.474919883,ms,474919.883,0,,board_measured_b1_scaled_by_measured_region_factor_0.5883,layernorm_s8,M=1;K=288,18997,pext_int_rsqrt[curated[pext_nl]],measured,
819,moonshine$dispatch_819_linear_s8,,,1000000000,us,1000000000000,0,,excluded_unmeasured,linear_s8,M=1;K=288;N=1152,,,excluded_unmeasured,"the roccmoon kernel #includes a hart-0-executable fallback body, so this cell is physically possible -- but no board run in this tree has measured it, and inventing a number here would be fiction"
820,moonshine$dispatch_820_silu_s8,,,0.814207200,ms,814207.200,0,,board_measured_b1_scaled_by_measured_region_factor_0.5883,silu_s8,n=1152,32568,pext_int_lut[curated[pext_nl]],measured,
821,moonshine$dispatch_821_linear_s8,,,1000000000,us,1000000000000,0,,excluded_unmeasured,linear_s8,M=1;K=288;N=1152,,,excluded_unmeasured,"the roccmoon kernel #includes a hart-0-executable fallback body, so this cell is physically possible -- but no board run in this tree has measured it, and inventing a number here would be fiction"
822,moonshine$dispatch_822_mul_s8,,,0.722167665,ms,722167.665,0,,board_measured_b1_scaled_by_measured_region_factor_0.5883,mul_s8,n=1152,28887,pext_int_mul[curated[pext_nl]],measured,
823,moonshine$dispatch_823_linear_s8,,,1000000000,us,1000000000000,0,,excluded_unmeasured,linear_s8,M=1;K=1152;N=288,,,excluded_unmeasured,"the roccmoon kernel #includes a hart-0-executable fallback body, so this cell is physically possible -- but no board run in this tree has measured it, and inventing a number here would be fiction"
824,moonshine$dispatch_824_add_s8,,,0.085980045,ms,85980.045,0,,board_measured_b1_scaled_by_measured_region_factor_0.5883,add_s8,n=288,3439,pext_int_add[curated[pext_nl]],measured,
825,moonshine$dispatch_825_layernorm_s8,,,0.461271323,ms,461271.323,0,,board_measured_b1_scaled_by_measured_region_factor_0.5883,layernorm_s8,M=1;K=288,18451,pext_int_rsqrt[curated[pext_nl]],measured,
826,moonshine$dispatch_826_linear_s8,,,1000000000,us,1000000000000,0,,excluded_unmeasured,linear_s8,M=1;K=288;N=16384,,,excluded_unmeasured,"the roccmoon kernel #includes a hart-0-executable fallback body, so this cell is physically possible -- but no board run in this tree has measured it, and inventing a number here would be fiction"
827,moonshine$dispatch_827_linear_s8,,,1000000000,us,1000000000000,0,,excluded_unmeasured,linear_s8,M=1;K=288;N=16384,,,excluded_unmeasured,"the roccmoon kernel #includes a hart-0-executable fallback body, so this cell is physically possible -- but no board run in this tree has measured it, and inventing a number here would be fiction"
828,moonshine$dispatch_828_cat2_c1_s8,,,0.778541513,ms,778541.513,0,,board_measured_b1_scaled_by_measured_region_factor_0.5883,cat2_c1_s8,N=1;H=1;W=1;C_inputs=16384|16384;C_total=32768,31142,pext_memo_lut[curated[pext_nl]],measured,
829,moonshine$dispatch_829_layernorm_s8,,,0.467463180,ms,467463.180,0,,board_measured_b1_scaled_by_measured_region_factor_0.5883,layernorm_s8,M=1;K=288,18699,pext_int_rsqrt[curated[pext_nl]],measured,
830,moonshine$dispatch_830_linear_s8,,,1000000000,us,1000000000000,0,,excluded_unmeasured,linear_s8,M=1;K=288;N=288,,,excluded_unmeasured,"the roccmoon kernel #includes a hart-0-executable fallback body, so this cell is physically possible -- but no board run in this tree has measured it, and inventing a number here would be fiction"
831,moonshine$dispatch_831_rope_s8,,,0.144354113,ms,144354.113,0,,board_measured_b1_scaled_by_measured_region_factor_0.5883,rope_s8,T=1;H=8;D=36;R=32,5774,pext_int_rot[curated[pext_nl]],measured,
832,moonshine$dispatch_832_linear_s8,,,1000000000,us,1000000000000,0,,excluded_unmeasured,linear_s8,M=1;K=288;N=288,,,excluded_unmeasured,"the roccmoon kernel #includes a hart-0-executable fallback body, so this cell is physically possible -- but no board run in this tree has measured it, and inventing a number here would be fiction"
833,moonshine$dispatch_833_rope_s8,,,0.124028348,ms,124028.348,0,,board_measured_b1_scaled_by_measured_region_factor_0.5883,rope_s8,T=1;H=8;D=36;R=32,4961,pext_int_rot[curated[pext_nl]],measured,
834,moonshine$dispatch_834_linear_s8,,,1000000000,us,1000000000000,0,,excluded_unmeasured,linear_s8,M=1;K=288;N=288,,,excluded_unmeasured,"the roccmoon kernel #includes a hart-0-executable fallback body, so this cell is physically possible -- but no board run in this tree has measured it, and inventing a number here would be fiction"
835,moonshine$dispatch_835_cat2_c1_s8,,,0.389557553,ms,389557.552,0,,board_measured_b1_scaled_by_measured_region_factor_0.5883,cat2_c1_s8,N=1;H=288;W=1;C_inputs=4|1;C_total=5,15582,pext_memo_lut[curated[pext_nl]],measured,
836,moonshine$dispatch_836_cat2_c1_s8,,,0.374070555,ms,374070.555,0,,board_measured_b1_scaled_by_measured_region_factor_0.5883,cat2_c1_s8,N=1;H=288;W=1;C_inputs=4|1;C_total=5,14963,pext_memo_lut[curated[pext_nl]],measured,
837,moonshine$dispatch_837_permute4_s8,,,0.062403923,ms,62403.923,0,,board_measured_b1_scaled_by_measured_region_factor_0.5883,permute4_s8,d0=1;d1=5;d2=8;d3=36;p0=0;p1=2;p2=1;p3=3,2496,pext_block[curated[pext_nl]],measured,
838,moonshine$dispatch_838_permute4_s8,,,0.056006160,ms,56006.160,0,,board_measured_b1_scaled_by_measured_region_factor_0.5883,permute4_s8,d0=1;d1=5;d2=8;d3=36;p0=0;p1=2;p2=1;p3=3,2240,pext_block[curated[pext_nl]],measured,
839,moonshine$dispatch_839_matmul_b_s8,,,0.166209457,ms,166209.457,0,,board_measured_b1_scaled_by_measured_region_factor_0.5883,matmul_b_s8,B=8;M=1;K=36;N=5;transpose_b=1,6648,pext_dot8_exact[curated[pext_nl]],measured,
840,moonshine$dispatch_840_softmax_s8,,,0.200786790,ms,200786.790,0,,board_measured_b1_scaled_by_measured_region_factor_0.5883,softmax_s8,M=8;K=5,8031,pext_int_memo2[curated[pext_nl]],measured,
841,moonshine$dispatch_841_matmul_b_s8,,,0.416810550,ms,416810.550,0,,board_measured_b1_scaled_by_measured_region_factor_0.5883,matmul_b_s8,B=8;M=1;K=5;N=36;transpose_b=0,16672,pext_dot8_exact[curated[pext_nl]],measured,
842,moonshine$dispatch_842_linear_s8,,,1000000000,us,1000000000000,0,,excluded_unmeasured,linear_s8,M=1;K=288;N=288,,,excluded_unmeasured,"the roccmoon kernel #includes a hart-0-executable fallback body, so this cell is physically possible -- but no board run in this tree has measured it, and inventing a number here would be fiction"
843,moonshine$dispatch_843_add_s8,,,0.088362660,ms,88362.660,0,,board_measured_b1_scaled_by_measured_region_factor_0.5883,add_s8,n=288,3535,pext_int_add[curated[pext_nl]],measured,
844,moonshine$dispatch_844_layernorm_s8,,,0.474493365,ms,474493.365,0,,board_measured_b1_scaled_by_measured_region_factor_0.5883,layernorm_s8,M=1;K=288,18980,pext_int_rsqrt[curated[pext_nl]],measured,
845,moonshine$dispatch_845_linear_s8,,,1000000000,us,1000000000000,0,,excluded_unmeasured,linear_s8,M=1;K=288;N=288,,,excluded_unmeasured,"the roccmoon kernel #includes a hart-0-executable fallback body, so this cell is physically possible -- but no board run in this tree has measured it, and inventing a number here would be fiction"
846,moonshine$dispatch_846_matmul_b_s8,,,1.694421660,ms,1694421.660,0,,board_measured_b1_scaled_by_measured_region_factor_0.5883,matmul_b_s8,B=8;M=1;K=36;N=165;transpose_b=1,67777,pext_dot8_exact[curated[pext_nl]],measured,
847,moonshine$dispatch_847_softmax_s8,,,1.213104015,ms,1213104.015,0,,board_measured_b1_scaled_by_measured_region_factor_0.5883,softmax_s8,M=8;K=165,48524,pext_int_memo2[curated[pext_nl]],measured,
848,moonshine$dispatch_848_matmul_b_s8,,,1.520181908,ms,1520181.907,0,,board_measured_b1_scaled_by_measured_region_factor_0.5883,matmul_b_s8,B=8;M=1;K=165;N=36;transpose_b=1,60807,pext_dot8_exact[curated[pext_nl]],measured,
849,moonshine$dispatch_849_linear_s8,,,1000000000,us,1000000000000,0,,excluded_unmeasured,linear_s8,M=1;K=288;N=288,,,excluded_unmeasured,"the roccmoon kernel #includes a hart-0-executable fallback body, so this cell is physically possible -- but no board run in this tree has measured it, and inventing a number here would be fiction"
850,moonshine$dispatch_850_add_s8,,,0.083450355,ms,83450.355,0,,board_measured_b1_scaled_by_measured_region_factor_0.5883,add_s8,n=288,3338,pext_int_add[curated[pext_nl]],measured,
851,moonshine$dispatch_851_layernorm_s8,,,0.465448253,ms,465448.253,0,,board_measured_b1_scaled_by_measured_region_factor_0.5883,layernorm_s8,M=1;K=288,18618,pext_int_rsqrt[curated[pext_nl]],measured,
852,moonshine$dispatch_852_linear_s8,,,1000000000,us,1000000000000,0,,excluded_unmeasured,linear_s8,M=1;K=288;N=1152,,,excluded_unmeasured,"the roccmoon kernel #includes a hart-0-executable fallback body, so this cell is physically possible -- but no board run in this tree has measured it, and inventing a number here would be fiction"
853,moonshine$dispatch_853_silu_s8,,,0.900437273,ms,900437.273,0,,board_measured_b1_scaled_by_measured_region_factor_0.5883,silu_s8,n=1152,36017,pext_int_lut[curated[pext_nl]],measured,
854,moonshine$dispatch_854_linear_s8,,,1000000000,us,1000000000000,0,,excluded_unmeasured,linear_s8,M=1;K=288;N=1152,,,excluded_unmeasured,"the roccmoon kernel #includes a hart-0-executable fallback body, so this cell is physically possible -- but no board run in this tree has measured it, and inventing a number here would be fiction"
855,moonshine$dispatch_855_mul_s8,,,0.730683308,ms,730683.308,0,,board_measured_b1_scaled_by_measured_region_factor_0.5883,mul_s8,n=1152,29227,pext_int_mul[curated[pext_nl]],measured,
856,moonshine$dispatch_856_linear_s8,,,1000000000,us,1000000000000,0,,excluded_unmeasured,linear_s8,M=1;K=1152;N=288,,,excluded_unmeasured,"the roccmoon kernel #includes a hart-0-executable fallback body, so this cell is physically possible -- but no board run in this tree has measured it, and inventing a number here would be fiction"
857,moonshine$dispatch_857_add_s8,,,0.082553198,ms,82553.198,0,,board_measured_b1_scaled_by_measured_region_factor_0.5883,add_s8,n=288,3302,pext_int_add[curated[pext_nl]],measured,
858,moonshine$dispatch_858_layernorm_s8,,,0.468801562,ms,468801.562,0,,board_measured_b1_scaled_by_measured_region_factor_0.5883,layernorm_s8,M=1;K=288,18752,pext_int_rsqrt[curated[pext_nl]],measured,
859,moonshine$dispatch_859_linear_s8,,,1000000000,us,1000000000000,0,,excluded_unmeasured,linear_s8,M=1;K=288;N=288,,,excluded_unmeasured,"the roccmoon kernel #includes a hart-0-executable fallback body, so this cell is physically possible -- but no board run in this tree has measured it, and inventing a number here would be fiction"
860,moonshine$dispatch_860_rope_s8,,,0.144001133,ms,144001.133,0,,board_measured_b1_scaled_by_measured_region_factor_0.5883,rope_s8,T=1;H=8;D=36;R=32,5760,pext_int_rot[curated[pext_nl]],measured,
861,moonshine$dispatch_861_linear_s8,,,1000000000,us,1000000000000,0,,excluded_unmeasured,linear_s8,M=1;K=288;N=288,,,excluded_unmeasured,"the roccmoon kernel #includes a hart-0-executable fallback body, so this cell is physically possible -- but no board run in this tree has measured it, and inventing a number here would be fiction"
862,moonshine$dispatch_862_rope_s8,,,0.127249290,ms,127249.290,0,,board_measured_b1_scaled_by_measured_region_factor_0.5883,rope_s8,T=1;H=8;D=36;R=32,5090,pext_int_rot[curated[pext_nl]],measured,
863,moonshine$dispatch_863_linear_s8,,,1000000000,us,1000000000000,0,,excluded_unmeasured,linear_s8,M=1;K=288;N=288,,,excluded_unmeasured,"the roccmoon kernel #includes a hart-0-executable fallback body, so this cell is physically possible -- but no board run in this tree has measured it, and inventing a number here would be fiction"
864,moonshine$dispatch_864_cat2_c1_s8,,,0.387277890,ms,387277.890,0,,board_measured_b1_scaled_by_measured_region_factor_0.5883,cat2_c1_s8,N=1;H=288;W=1;C_inputs=4|1;C_total=5,15491,pext_memo_lut[curated[pext_nl]],measured,
865,moonshine$dispatch_865_cat2_c1_s8,,,0.372996908,ms,372996.908,0,,board_measured_b1_scaled_by_measured_region_factor_0.5883,cat2_c1_s8,N=1;H=288;W=1;C_inputs=4|1;C_total=5,14920,pext_memo_lut[curated[pext_nl]],measured,
866,moonshine$dispatch_866_permute4_s8,,,0.061918575,ms,61918.575,0,,board_measured_b1_scaled_by_measured_region_factor_0.5883,permute4_s8,d0=1;d1=5;d2=8;d3=36;p0=0;p1=2;p2=1;p3=3,2477,pext_block[curated[pext_nl]],measured,
867,moonshine$dispatch_867_permute4_s8,,,0.056064990,ms,56064.990,0,,board_measured_b1_scaled_by_measured_region_factor_0.5883,permute4_s8,d0=1;d1=5;d2=8;d3=36;p0=0;p1=2;p2=1;p3=3,2243,pext_block[curated[pext_nl]],measured,
868,moonshine$dispatch_868_matmul_b_s8,,,0.155399445,ms,155399.445,0,,board_measured_b1_scaled_by_measured_region_factor_0.5883,matmul_b_s8,B=8;M=1;K=36;N=5;transpose_b=1,6216,pext_dot8_exact[curated[pext_nl]],measured,
869,moonshine$dispatch_869_softmax_s8,,,0.214803038,ms,214803.038,0,,board_measured_b1_scaled_by_measured_region_factor_0.5883,softmax_s8,M=8;K=5,8592,pext_int_memo2[curated[pext_nl]],measured,
870,moonshine$dispatch_870_matmul_b_s8,,,0.412530668,ms,412530.668,0,,board_measured_b1_scaled_by_measured_region_factor_0.5883,matmul_b_s8,B=8;M=1;K=5;N=36;transpose_b=0,16501,pext_dot8_exact[curated[pext_nl]],measured,
871,moonshine$dispatch_871_linear_s8,,,1000000000,us,1000000000000,0,,excluded_unmeasured,linear_s8,M=1;K=288;N=288,,,excluded_unmeasured,"the roccmoon kernel #includes a hart-0-executable fallback body, so this cell is physically possible -- but no board run in this tree has measured it, and inventing a number here would be fiction"
872,moonshine$dispatch_872_add_s8,,,0.090289343,ms,90289.343,0,,board_measured_b1_scaled_by_measured_region_factor_0.5883,add_s8,n=288,3612,pext_int_add[curated[pext_nl]],measured,
873,moonshine$dispatch_873_layernorm_s8,,,0.474081555,ms,474081.555,0,,board_measured_b1_scaled_by_measured_region_factor_0.5883,layernorm_s8,M=1;K=288,18963,pext_int_rsqrt[curated[pext_nl]],measured,
874,moonshine$dispatch_874_linear_s8,,,1000000000,us,1000000000000,0,,excluded_unmeasured,linear_s8,M=1;K=288;N=288,,,excluded_unmeasured,"the roccmoon kernel #includes a hart-0-executable fallback body, so this cell is physically possible -- but no board run in this tree has measured it, and inventing a number here would be fiction"
875,moonshine$dispatch_875_matmul_b_s8,,,1.680949590,ms,1680949.590,0,,board_measured_b1_scaled_by_measured_region_factor_0.5883,matmul_b_s8,B=8;M=1;K=36;N=165;transpose_b=1,67238,pext_dot8_exact[curated[pext_nl]],measured,
876,moonshine$dispatch_876_softmax_s8,,,1.146140768,ms,1146140.768,0,,board_measured_b1_scaled_by_measured_region_factor_0.5883,softmax_s8,M=8;K=165,45846,pext_int_memo2[curated[pext_nl]],measured,
877,moonshine$dispatch_877_matmul_b_s8,,,1.514357738,ms,1514357.738,0,,board_measured_b1_scaled_by_measured_region_factor_0.5883,matmul_b_s8,B=8;M=1;K=165;N=36;transpose_b=1,60574,pext_dot8_exact[curated[pext_nl]],measured,
878,moonshine$dispatch_878_linear_s8,,,1000000000,us,1000000000000,0,,excluded_unmeasured,linear_s8,M=1;K=288;N=288,,,excluded_unmeasured,"the roccmoon kernel #includes a hart-0-executable fallback body, so this cell is physically possible -- but no board run in this tree has measured it, and inventing a number here would be fiction"
879,moonshine$dispatch_879_add_s8,,,0.081597210,ms,81597.210,0,,board_measured_b1_scaled_by_measured_region_factor_0.5883,add_s8,n=288,3264,pext_int_add[curated[pext_nl]],measured,
880,moonshine$dispatch_880_layernorm_s8,,,0.467963235,ms,467963.235,0,,board_measured_b1_scaled_by_measured_region_factor_0.5883,layernorm_s8,M=1;K=288,18719,pext_int_rsqrt[curated[pext_nl]],measured,
881,moonshine$dispatch_881_linear_s8,,,1000000000,us,1000000000000,0,,excluded_unmeasured,linear_s8,M=1;K=288;N=1152,,,excluded_unmeasured,"the roccmoon kernel #includes a hart-0-executable fallback body, so this cell is physically possible -- but no board run in this tree has measured it, and inventing a number here would be fiction"
882,moonshine$dispatch_882_silu_s8,,,0.798676080,ms,798676.080,0,,board_measured_b1_scaled_by_measured_region_factor_0.5883,silu_s8,n=1152,31947,pext_int_lut[curated[pext_nl]],measured,
883,moonshine$dispatch_883_linear_s8,,,1000000000,us,1000000000000,0,,excluded_unmeasured,linear_s8,M=1;K=288;N=1152,,,excluded_unmeasured,"the roccmoon kernel #includes a hart-0-executable fallback body, so this cell is physically possible -- but no board run in this tree has measured it, and inventing a number here would be fiction"
884,moonshine$dispatch_884_mul_s8,,,0.724417912,ms,724417.912,0,,board_measured_b1_scaled_by_measured_region_factor_0.5883,mul_s8,n=1152,28977,pext_int_mul[curated[pext_nl]],measured,
885,moonshine$dispatch_885_linear_s8,,,1000000000,us,1000000000000,0,,excluded_unmeasured,linear_s8,M=1;K=1152;N=288,,,excluded_unmeasured,"the roccmoon kernel #includes a hart-0-executable fallback body, so this cell is physically possible -- but no board run in this tree has measured it, and inventing a number here would be fiction"
886,moonshine$dispatch_886_add_s8,,,0.083479770,ms,83479.770,0,,board_measured_b1_scaled_by_measured_region_factor_0.5883,add_s8,n=288,3339,pext_int_add[curated[pext_nl]],measured,
887,moonshine$dispatch_887_layernorm_s8,,,0.462197895,ms,462197.895,0,,board_measured_b1_scaled_by_measured_region_factor_0.5883,layernorm_s8,M=1;K=288,18488,pext_int_rsqrt[curated[pext_nl]],measured,
888,moonshine$dispatch_888_linear_s8,,,1000000000,us,1000000000000,0,,excluded_unmeasured,linear_s8,M=1;K=288;N=288,,,excluded_unmeasured,"the roccmoon kernel #includes a hart-0-executable fallback body, so this cell is physically possible -- but no board run in this tree has measured it, and inventing a number here would be fiction"
889,moonshine$dispatch_889_rope_s8,,,0.143795228,ms,143795.228,0,,board_measured_b1_scaled_by_measured_region_factor_0.5883,rope_s8,T=1;H=8;D=36;R=32,5752,pext_int_rot[curated[pext_nl]],measured,
890,moonshine$dispatch_890_linear_s8,,,1000000000,us,1000000000000,0,,excluded_unmeasured,linear_s8,M=1;K=288;N=288,,,excluded_unmeasured,"the roccmoon kernel #includes a hart-0-executable fallback body, so this cell is physically possible -- but no board run in this tree has measured it, and inventing a number here would be fiction"
891,moonshine$dispatch_891_rope_s8,,,0.123557708,ms,123557.708,0,,board_measured_b1_scaled_by_measured_region_factor_0.5883,rope_s8,T=1;H=8;D=36;R=32,4942,pext_int_rot[curated[pext_nl]],measured,
892,moonshine$dispatch_892_linear_s8,,,1000000000,us,1000000000000,0,,excluded_unmeasured,linear_s8,M=1;K=288;N=288,,,excluded_unmeasured,"the roccmoon kernel #includes a hart-0-executable fallback body, so this cell is physically possible -- but no board run in this tree has measured it, and inventing a number here would be fiction"
893,moonshine$dispatch_893_cat2_c1_s8,,,0.386071875,ms,386071.875,0,,board_measured_b1_scaled_by_measured_region_factor_0.5883,cat2_c1_s8,N=1;H=288;W=1;C_inputs=4|1;C_total=5,15443,pext_memo_lut[curated[pext_nl]],measured,
894,moonshine$dispatch_894_cat2_c1_s8,,,0.374894175,ms,374894.175,0,,board_measured_b1_scaled_by_measured_region_factor_0.5883,cat2_c1_s8,N=1;H=288;W=1;C_inputs=4|1;C_total=5,14996,pext_memo_lut[curated[pext_nl]],measured,
895,moonshine$dispatch_895_permute4_s8,,,0.061918575,ms,61918.575,0,,board_measured_b1_scaled_by_measured_region_factor_0.5883,permute4_s8,d0=1;d1=5;d2=8;d3=36;p0=0;p1=2;p2=1;p3=3,2477,pext_block[curated[pext_nl]],measured,
896,moonshine$dispatch_896_permute4_s8,,,0.056903318,ms,56903.318,0,,board_measured_b1_scaled_by_measured_region_factor_0.5883,permute4_s8,d0=1;d1=5;d2=8;d3=36;p0=0;p1=2;p2=1;p3=3,2276,pext_block[curated[pext_nl]],measured,
897,moonshine$dispatch_897_matmul_b_s8,,,0.155458275,ms,155458.275,0,,board_measured_b1_scaled_by_measured_region_factor_0.5883,matmul_b_s8,B=8;M=1;K=36;N=5;transpose_b=1,6218,pext_dot8_exact[curated[pext_nl]],measured,
898,moonshine$dispatch_898_softmax_s8,,,0.217156238,ms,217156.238,0,,board_measured_b1_scaled_by_measured_region_factor_0.5883,softmax_s8,M=8;K=5,8686,pext_int_memo2[curated[pext_nl]],measured,
899,moonshine$dispatch_899_matmul_b_s8,,,0.415589828,ms,415589.828,0,,board_measured_b1_scaled_by_measured_region_factor_0.5883,matmul_b_s8,B=8;M=1;K=5;N=36;transpose_b=0,16624,pext_dot8_exact[curated[pext_nl]],measured,
900,moonshine$dispatch_900_linear_s8,,,1000000000,us,1000000000000,0,,excluded_unmeasured,linear_s8,M=1;K=288;N=288,,,excluded_unmeasured,"the roccmoon kernel #includes a hart-0-executable fallback body, so this cell is physically possible -- but no board run in this tree has measured it, and inventing a number here would be fiction"
901,moonshine$dispatch_901_add_s8,,,0.088700933,ms,88700.933,0,,board_measured_b1_scaled_by_measured_region_factor_0.5883,add_s8,n=288,3548,pext_int_add[curated[pext_nl]],measured,
902,moonshine$dispatch_902_layernorm_s8,,,0.472890248,ms,472890.248,0,,board_measured_b1_scaled_by_measured_region_factor_0.5883,layernorm_s8,M=1;K=288,18916,pext_int_rsqrt[curated[pext_nl]],measured,
903,moonshine$dispatch_903_linear_s8,,,1000000000,us,1000000000000,0,,excluded_unmeasured,linear_s8,M=1;K=288;N=288,,,excluded_unmeasured,"the roccmoon kernel #includes a hart-0-executable fallback body, so this cell is physically possible -- but no board run in this tree has measured it, and inventing a number here would be fiction"
904,moonshine$dispatch_904_matmul_b_s8,,,1.655726228,ms,1655726.228,0,,board_measured_b1_scaled_by_measured_region_factor_0.5883,matmul_b_s8,B=8;M=1;K=36;N=165;transpose_b=1,66229,pext_dot8_exact[curated[pext_nl]],measured,
905,moonshine$dispatch_905_softmax_s8,,,1.008581520,ms,1008581.520,0,,board_measured_b1_scaled_by_measured_region_factor_0.5883,softmax_s8,M=8;K=165,40343,pext_int_memo2[curated[pext_nl]],measured,
906,moonshine$dispatch_906_matmul_b_s8,,,1.510048440,ms,1510048.440,0,,board_measured_b1_scaled_by_measured_region_factor_0.5883,matmul_b_s8,B=8;M=1;K=165;N=36;transpose_b=1,60402,pext_dot8_exact[curated[pext_nl]],measured,
907,moonshine$dispatch_907_linear_s8,,,1000000000,us,1000000000000,0,,excluded_unmeasured,linear_s8,M=1;K=288;N=288,,,excluded_unmeasured,"the roccmoon kernel #includes a hart-0-executable fallback body, so this cell is physically possible -- but no board run in this tree has measured it, and inventing a number here would be fiction"
908,moonshine$dispatch_908_add_s8,,,0.084832860,ms,84832.860,0,,board_measured_b1_scaled_by_measured_region_factor_0.5883,add_s8,n=288,3393,pext_int_add[curated[pext_nl]],measured,
909,moonshine$dispatch_909_layernorm_s8,,,0.472066628,ms,472066.628,0,,board_measured_b1_scaled_by_measured_region_factor_0.5883,layernorm_s8,M=1;K=288,18883,pext_int_rsqrt[curated[pext_nl]],measured,
910,moonshine$dispatch_910_linear_s8,,,1000000000,us,1000000000000,0,,excluded_unmeasured,linear_s8,M=1;K=288;N=1152,,,excluded_unmeasured,"the roccmoon kernel #includes a hart-0-executable fallback body, so this cell is physically possible -- but no board run in this tree has measured it, and inventing a number here would be fiction"
911,moonshine$dispatch_911_silu_s8,,,0.802264710,ms,802264.710,0,,board_measured_b1_scaled_by_measured_region_factor_0.5883,silu_s8,n=1152,32091,pext_int_lut[curated[pext_nl]],measured,
912,moonshine$dispatch_912_linear_s8,,,1000000000,us,1000000000000,0,,excluded_unmeasured,linear_s8,M=1;K=288;N=1152,,,excluded_unmeasured,"the roccmoon kernel #includes a hart-0-executable fallback body, so this cell is physically possible -- but no board run in this tree has measured it, and inventing a number here would be fiction"
913,moonshine$dispatch_913_mul_s8,,,0.723197190,ms,723197.190,0,,board_measured_b1_scaled_by_measured_region_factor_0.5883,mul_s8,n=1152,28928,pext_int_mul[curated[pext_nl]],measured,
914,moonshine$dispatch_914_linear_s8,,,1000000000,us,1000000000000,0,,excluded_unmeasured,linear_s8,M=1;K=1152;N=288,,,excluded_unmeasured,"the roccmoon kernel #includes a hart-0-executable fallback body, so this cell is physically possible -- but no board run in this tree has measured it, and inventing a number here would be fiction"
915,moonshine$dispatch_915_add_s8,,,0.080847128,ms,80847.128,0,,board_measured_b1_scaled_by_measured_region_factor_0.5883,add_s8,n=288,3234,pext_int_add[curated[pext_nl]],measured,
916,moonshine$dispatch_916_layernorm_s8,,,0.464933490,ms,464933.490,0,,board_measured_b1_scaled_by_measured_region_factor_0.5883,layernorm_s8,M=1;K=288,18597,pext_int_rsqrt[curated[pext_nl]],measured,
917,moonshine$dispatch_917_linear_s8,,,1000000000,us,1000000000000,0,,excluded_unmeasured,linear_s8,M=1;K=288;N=288,,,excluded_unmeasured,"the roccmoon kernel #includes a hart-0-executable fallback body, so this cell is physically possible -- but no board run in this tree has measured it, and inventing a number here would be fiction"
918,moonshine$dispatch_918_rope_s8,,,0.138368160,ms,138368.160,0,,board_measured_b1_scaled_by_measured_region_factor_0.5883,rope_s8,T=1;H=8;D=36;R=32,5535,pext_int_rot[curated[pext_nl]],measured,
919,moonshine$dispatch_919_linear_s8,,,1000000000,us,1000000000000,0,,excluded_unmeasured,linear_s8,M=1;K=288;N=288,,,excluded_unmeasured,"the roccmoon kernel #includes a hart-0-executable fallback body, so this cell is physically possible -- but no board run in this tree has measured it, and inventing a number here would be fiction"
920,moonshine$dispatch_920_rope_s8,,,0.124101885,ms,124101.885,0,,board_measured_b1_scaled_by_measured_region_factor_0.5883,rope_s8,T=1;H=8;D=36;R=32,4964,pext_int_rot[curated[pext_nl]],measured,
921,moonshine$dispatch_921_linear_s8,,,1000000000,us,1000000000000,0,,excluded_unmeasured,linear_s8,M=1;K=288;N=288,,,excluded_unmeasured,"the roccmoon kernel #includes a hart-0-executable fallback body, so this cell is physically possible -- but no board run in this tree has measured it, and inventing a number here would be fiction"
922,moonshine$dispatch_922_cat2_c1_s8,,,0.387954435,ms,387954.435,0,,board_measured_b1_scaled_by_measured_region_factor_0.5883,cat2_c1_s8,N=1;H=288;W=1;C_inputs=4|1;C_total=5,15518,pext_memo_lut[curated[pext_nl]],measured,
923,moonshine$dispatch_923_cat2_c1_s8,,,0.372643928,ms,372643.928,0,,board_measured_b1_scaled_by_measured_region_factor_0.5883,cat2_c1_s8,N=1;H=288;W=1;C_inputs=4|1;C_total=5,14906,pext_memo_lut[curated[pext_nl]],measured,
924,moonshine$dispatch_924_permute4_s8,,,0.061139078,ms,61139.078,0,,board_measured_b1_scaled_by_measured_region_factor_0.5883,permute4_s8,d0=1;d1=5;d2=8;d3=36;p0=0;p1=2;p2=1;p3=3,2446,pext_block[curated[pext_nl]],measured,
925,moonshine$dispatch_925_permute4_s8,,,0.056373847,ms,56373.847,0,,board_measured_b1_scaled_by_measured_region_factor_0.5883,permute4_s8,d0=1;d1=5;d2=8;d3=36;p0=0;p1=2;p2=1;p3=3,2255,pext_block[curated[pext_nl]],measured,
926,moonshine$dispatch_926_matmul_b_s8,,,0.153413933,ms,153413.933,0,,board_measured_b1_scaled_by_measured_region_factor_0.5883,matmul_b_s8,B=8;M=1;K=36;N=5;transpose_b=1,6137,pext_dot8_exact[curated[pext_nl]],measured,
927,moonshine$dispatch_927_softmax_s8,,,0.218744648,ms,218744.647,0,,board_measured_b1_scaled_by_measured_region_factor_0.5883,softmax_s8,M=8;K=5,8750,pext_int_memo2[curated[pext_nl]],measured,
928,moonshine$dispatch_928_matmul_b_s8,,,0.414898575,ms,414898.575,0,,board_measured_b1_scaled_by_measured_region_factor_0.5883,matmul_b_s8,B=8;M=1;K=5;N=36;transpose_b=0,16596,pext_dot8_exact[curated[pext_nl]],measured,
929,moonshine$dispatch_929_linear_s8,,,1000000000,us,1000000000000,0,,excluded_unmeasured,linear_s8,M=1;K=288;N=288,,,excluded_unmeasured,"the roccmoon kernel #includes a hart-0-executable fallback body, so this cell is physically possible -- but no board run in this tree has measured it, and inventing a number here would be fiction"
930,moonshine$dispatch_930_add_s8,,,0.083038545,ms,83038.545,0,,board_measured_b1_scaled_by_measured_region_factor_0.5883,add_s8,n=288,3322,pext_int_add[curated[pext_nl]],measured,
931,moonshine$dispatch_931_layernorm_s8,,,0.470919443,ms,470919.443,0,,board_measured_b1_scaled_by_measured_region_factor_0.5883,layernorm_s8,M=1;K=288,18837,pext_int_rsqrt[curated[pext_nl]],measured,
932,moonshine$dispatch_932_linear_s8,,,1000000000,us,1000000000000,0,,excluded_unmeasured,linear_s8,M=1;K=288;N=288,,,excluded_unmeasured,"the roccmoon kernel #includes a hart-0-executable fallback body, so this cell is physically possible -- but no board run in this tree has measured it, and inventing a number here would be fiction"
933,moonshine$dispatch_933_matmul_b_s8,,,1.635562245,ms,1635562.245,0,,board_measured_b1_scaled_by_measured_region_factor_0.5883,matmul_b_s8,B=8;M=1;K=36;N=165;transpose_b=1,65422,pext_dot8_exact[curated[pext_nl]],measured,
934,moonshine$dispatch_934_softmax_s8,,,0.950486895,ms,950486.895,0,,board_measured_b1_scaled_by_measured_region_factor_0.5883,softmax_s8,M=8;K=165,38019,pext_int_memo2[curated[pext_nl]],measured,
935,moonshine$dispatch_935_matmul_b_s8,,,1.506106830,ms,1506106.830,0,,board_measured_b1_scaled_by_measured_region_factor_0.5883,matmul_b_s8,B=8;M=1;K=165;N=36;transpose_b=1,60244,pext_dot8_exact[curated[pext_nl]],measured,
936,moonshine$dispatch_936_linear_s8,,,1000000000,us,1000000000000,0,,excluded_unmeasured,linear_s8,M=1;K=288;N=288,,,excluded_unmeasured,"the roccmoon kernel #includes a hart-0-executable fallback body, so this cell is physically possible -- but no board run in this tree has measured it, and inventing a number here would be fiction"
937,moonshine$dispatch_937_add_s8,,,0.079508745,ms,79508.745,0,,board_measured_b1_scaled_by_measured_region_factor_0.5883,add_s8,n=288,3180,pext_int_add[curated[pext_nl]],measured,
938,moonshine$dispatch_938_layernorm_s8,,,0.470992980,ms,470992.980,0,,board_measured_b1_scaled_by_measured_region_factor_0.5883,layernorm_s8,M=1;K=288,18840,pext_int_rsqrt[curated[pext_nl]],measured,
939,moonshine$dispatch_939_linear_s8,,,1000000000,us,1000000000000,0,,excluded_unmeasured,linear_s8,M=1;K=288;N=1152,,,excluded_unmeasured,"the roccmoon kernel #includes a hart-0-executable fallback body, so this cell is physically possible -- but no board run in this tree has measured it, and inventing a number here would be fiction"
940,moonshine$dispatch_940_silu_s8,,,0.820546133,ms,820546.133,0,,board_measured_b1_scaled_by_measured_region_factor_0.5883,silu_s8,n=1152,32822,pext_int_lut[curated[pext_nl]],measured,
941,moonshine$dispatch_941_linear_s8,,,1000000000,us,1000000000000,0,,excluded_unmeasured,linear_s8,M=1;K=288;N=1152,,,excluded_unmeasured,"the roccmoon kernel #includes a hart-0-executable fallback body, so this cell is physically possible -- but no board run in this tree has measured it, and inventing a number here would be fiction"
942,moonshine$dispatch_942_mul_s8,,,0.721049895,ms,721049.895,0,,board_measured_b1_scaled_by_measured_region_factor_0.5883,mul_s8,n=1152,28842,pext_int_mul[curated[pext_nl]],measured,
943,moonshine$dispatch_943_linear_s8,,,1000000000,us,1000000000000,0,,excluded_unmeasured,linear_s8,M=1;K=1152;N=288,,,excluded_unmeasured,"the roccmoon kernel #includes a hart-0-executable fallback body, so this cell is physically possible -- but no board run in this tree has measured it, and inventing a number here would be fiction"
944,moonshine$dispatch_944_add_s8,,,0.082317878,ms,82317.878,0,,board_measured_b1_scaled_by_measured_region_factor_0.5883,add_s8,n=288,3293,pext_int_add[curated[pext_nl]],measured,
945,moonshine$dispatch_945_layernorm_s8,,,0.468463290,ms,468463.290,0,,board_measured_b1_scaled_by_measured_region_factor_0.5883,layernorm_s8,M=1;K=288,18739,pext_int_rsqrt[curated[pext_nl]],measured,
946,moonshine$dispatch_946_linear_s8,,,1000000000,us,1000000000000,0,,excluded_unmeasured,linear_s8,M=1;K=288;N=288,,,excluded_unmeasured,"the roccmoon kernel #includes a hart-0-executable fallback body, so this cell is physically possible -- but no board run in this tree has measured it, and inventing a number here would be fiction"
947,moonshine$dispatch_947_rope_s8,,,0.141603810,ms,141603.810,0,,board_measured_b1_scaled_by_measured_region_factor_0.5883,rope_s8,T=1;H=8;D=36;R=32,5664,pext_int_rot[curated[pext_nl]],measured,
948,moonshine$dispatch_948_linear_s8,,,1000000000,us,1000000000000,0,,excluded_unmeasured,linear_s8,M=1;K=288;N=288,,,excluded_unmeasured,"the roccmoon kernel #includes a hart-0-executable fallback body, so this cell is physically possible -- but no board run in this tree has measured it, and inventing a number here would be fiction"
949,moonshine$dispatch_949_rope_s8,,,0.123616537,ms,123616.537,0,,board_measured_b1_scaled_by_measured_region_factor_0.5883,rope_s8,T=1;H=8;D=36;R=32,4945,pext_int_rot[curated[pext_nl]],measured,
950,moonshine$dispatch_950_linear_s8,,,1000000000,us,1000000000000,0,,excluded_unmeasured,linear_s8,M=1;K=288;N=288,,,excluded_unmeasured,"the roccmoon kernel #includes a hart-0-executable fallback body, so this cell is physically possible -- but no board run in this tree has measured it, and inventing a number here would be fiction"
951,moonshine$dispatch_951_cat2_c1_s8,,,0.389160450,ms,389160.450,0,,board_measured_b1_scaled_by_measured_region_factor_0.5883,cat2_c1_s8,N=1;H=288;W=1;C_inputs=4|1;C_total=5,15566,pext_memo_lut[curated[pext_nl]],measured,
952,moonshine$dispatch_952_cat2_c1_s8,,,0.371099640,ms,371099.640,0,,board_measured_b1_scaled_by_measured_region_factor_0.5883,cat2_c1_s8,N=1;H=288;W=1;C_inputs=4|1;C_total=5,14844,pext_memo_lut[curated[pext_nl]],measured,
953,moonshine$dispatch_953_permute4_s8,,,0.059697743,ms,59697.743,0,,board_measured_b1_scaled_by_measured_region_factor_0.5883,permute4_s8,d0=1;d1=5;d2=8;d3=36;p0=0;p1=2;p2=1;p3=3,2388,pext_block[curated[pext_nl]],measured,
954,moonshine$dispatch_954_permute4_s8,,,0.056932733,ms,56932.733,0,,board_measured_b1_scaled_by_measured_region_factor_0.5883,permute4_s8,d0=1;d1=5;d2=8;d3=36;p0=0;p1=2;p2=1;p3=3,2277,pext_block[curated[pext_nl]],measured,
955,moonshine$dispatch_955_matmul_b_s8,,,0.155943623,ms,155943.623,0,,board_measured_b1_scaled_by_measured_region_factor_0.5883,matmul_b_s8,B=8;M=1;K=36;N=5;transpose_b=1,6238,pext_dot8_exact[curated[pext_nl]],measured,
956,moonshine$dispatch_956_softmax_s8,,,0.220494840,ms,220494.840,0,,board_measured_b1_scaled_by_measured_region_factor_0.5883,softmax_s8,M=8;K=5,8820,pext_int_memo2[curated[pext_nl]],measured,
957,moonshine$dispatch_957_matmul_b_s8,,,0.413648438,ms,413648.438,0,,board_measured_b1_scaled_by_measured_region_factor_0.5883,matmul_b_s8,B=8;M=1;K=5;N=36;transpose_b=0,16546,pext_dot8_exact[curated[pext_nl]],measured,
958,moonshine$dispatch_958_linear_s8,,,1000000000,us,1000000000000,0,,excluded_unmeasured,linear_s8,M=1;K=288;N=288,,,excluded_unmeasured,"the roccmoon kernel #includes a hart-0-executable fallback body, so this cell is physically possible -- but no board run in this tree has measured it, and inventing a number here would be fiction"
959,moonshine$dispatch_959_add_s8,,,0.120086738,ms,120086.738,0,,board_measured_b1_scaled_by_measured_region_factor_0.5883,add_s8,n=288,4803,pext_int_add[curated[pext_nl]],measured,
960,moonshine$dispatch_960_layernorm_s8,,,0.479905725,ms,479905.725,0,,board_measured_b1_scaled_by_measured_region_factor_0.5883,layernorm_s8,M=1;K=288,19196,pext_int_rsqrt[curated[pext_nl]],measured,
961,moonshine$dispatch_961_linear_s8,,,1000000000,us,1000000000000,0,,excluded_unmeasured,linear_s8,M=1;K=288;N=288,,,excluded_unmeasured,"the roccmoon kernel #includes a hart-0-executable fallback body, so this cell is physically possible -- but no board run in this tree has measured it, and inventing a number here would be fiction"
962,moonshine$dispatch_962_matmul_b_s8,,,1.639842127,ms,1639842.127,0,,board_measured_b1_scaled_by_measured_region_factor_0.5883,matmul_b_s8,B=8;M=1;K=36;N=165;transpose_b=1,65594,pext_dot8_exact[curated[pext_nl]],measured,
963,moonshine$dispatch_963_softmax_s8,,,0.914129955,ms,914129.955,0,,board_measured_b1_scaled_by_measured_region_factor_0.5883,softmax_s8,M=8;K=165,36565,pext_int_memo2[curated[pext_nl]],measured,
964,moonshine$dispatch_964_matmul_b_s8,,,1.510474958,ms,1510474.958,0,,board_measured_b1_scaled_by_measured_region_factor_0.5883,matmul_b_s8,B=8;M=1;K=165;N=36;transpose_b=1,60419,pext_dot8_exact[curated[pext_nl]],measured,
965,moonshine$dispatch_965_linear_s8,,,1000000000,us,1000000000000,0,,excluded_unmeasured,linear_s8,M=1;K=288;N=288,,,excluded_unmeasured,"the roccmoon kernel #includes a hart-0-executable fallback body, so this cell is physically possible -- but no board run in this tree has measured it, and inventing a number here would be fiction"
966,moonshine$dispatch_966_add_s8,,,0.082788518,ms,82788.518,0,,board_measured_b1_scaled_by_measured_region_factor_0.5883,add_s8,n=288,3312,pext_int_add[curated[pext_nl]],measured,
967,moonshine$dispatch_967_layernorm_s8,,,0.467213153,ms,467213.153,0,,board_measured_b1_scaled_by_measured_region_factor_0.5883,layernorm_s8,M=1;K=288,18689,pext_int_rsqrt[curated[pext_nl]],measured,
968,moonshine$dispatch_968_linear_s8,,,1000000000,us,1000000000000,0,,excluded_unmeasured,linear_s8,M=1;K=288;N=1152,,,excluded_unmeasured,"the roccmoon kernel #includes a hart-0-executable fallback body, so this cell is physically possible -- but no board run in this tree has measured it, and inventing a number here would be fiction"
969,moonshine$dispatch_969_silu_s8,,,0.828502890,ms,828502.890,0,,board_measured_b1_scaled_by_measured_region_factor_0.5883,silu_s8,n=1152,33140,pext_int_lut[curated[pext_nl]],measured,
970,moonshine$dispatch_970_linear_s8,,,1000000000,us,1000000000000,0,,excluded_unmeasured,linear_s8,M=1;K=288;N=1152,,,excluded_unmeasured,"the roccmoon kernel #includes a hart-0-executable fallback body, so this cell is physically possible -- but no board run in this tree has measured it, and inventing a number here would be fiction"
971,moonshine$dispatch_971_mul_s8,,,0.723358973,ms,723358.973,0,,board_measured_b1_scaled_by_measured_region_factor_0.5883,mul_s8,n=1152,28934,pext_int_mul[curated[pext_nl]],measured,
972,moonshine$dispatch_972_linear_s8,,,1000000000,us,1000000000000,0,,excluded_unmeasured,linear_s8,M=1;K=1152;N=288,,,excluded_unmeasured,"the roccmoon kernel #includes a hart-0-executable fallback body, so this cell is physically possible -- but no board run in this tree has measured it, and inventing a number here would be fiction"
973,moonshine$dispatch_973_add_s8,,,0.084038655,ms,84038.655,0,,board_measured_b1_scaled_by_measured_region_factor_0.5883,add_s8,n=288,3362,pext_int_add[curated[pext_nl]],measured,
974,moonshine$dispatch_974_layernorm_s8,,,0.473287350,ms,473287.350,0,,board_measured_b1_scaled_by_measured_region_factor_0.5883,layernorm_s8,M=1;K=288,18931,pext_int_rsqrt[curated[pext_nl]],measured,
975,moonshine$dispatch_975_linear_s8,,,1000000000,us,1000000000000,0,,excluded_unmeasured,linear_s8,M=1;K=288;N=288,,,excluded_unmeasured,"the roccmoon kernel #includes a hart-0-executable fallback body, so this cell is physically possible -- but no board run in this tree has measured it, and inventing a number here would be fiction"
976,moonshine$dispatch_976_rope_s8,,,0.143618738,ms,143618.738,0,,board_measured_b1_scaled_by_measured_region_factor_0.5883,rope_s8,T=1;H=8;D=36;R=32,5745,pext_int_rot[curated[pext_nl]],measured,
977,moonshine$dispatch_977_linear_s8,,,1000000000,us,1000000000000,0,,excluded_unmeasured,linear_s8,M=1;K=288;N=288,,,excluded_unmeasured,"the roccmoon kernel #includes a hart-0-executable fallback body, so this cell is physically possible -- but no board run in this tree has measured it, and inventing a number here would be fiction"
978,moonshine$dispatch_978_rope_s8,,,0.126469793,ms,126469.793,0,,board_measured_b1_scaled_by_measured_region_factor_0.5883,rope_s8,T=1;H=8;D=36;R=32,5059,pext_int_rot[curated[pext_nl]],measured,
979,moonshine$dispatch_979_linear_s8,,,1000000000,us,1000000000000,0,,excluded_unmeasured,linear_s8,M=1;K=288;N=288,,,excluded_unmeasured,"the roccmoon kernel #includes a hart-0-executable fallback body, so this cell is physically possible -- but no board run in this tree has measured it, and inventing a number here would be fiction"
980,moonshine$dispatch_980_cat2_c1_s8,,,0.389351648,ms,389351.648,0,,board_measured_b1_scaled_by_measured_region_factor_0.5883,cat2_c1_s8,N=1;H=288;W=1;C_inputs=4|1;C_total=5,15574,pext_memo_lut[curated[pext_nl]],measured,
981,moonshine$dispatch_981_cat2_c1_s8,,,0.379703528,ms,379703.528,0,,board_measured_b1_scaled_by_measured_region_factor_0.5883,cat2_c1_s8,N=1;H=288;W=1;C_inputs=4|1;C_total=5,15188,pext_memo_lut[curated[pext_nl]],measured,
982,moonshine$dispatch_982_permute4_s8,,,0.067272105,ms,67272.105,0,,board_measured_b1_scaled_by_measured_region_factor_0.5883,permute4_s8,d0=1;d1=5;d2=8;d3=36;p0=0;p1=2;p2=1;p3=3,2691,pext_block[curated[pext_nl]],measured,
983,moonshine$dispatch_983_permute4_s8,,,0.056844488,ms,56844.488,0,,board_measured_b1_scaled_by_measured_region_factor_0.5883,permute4_s8,d0=1;d1=5;d2=8;d3=36;p0=0;p1=2;p2=1;p3=3,2274,pext_block[curated[pext_nl]],measured,
984,moonshine$dispatch_984_matmul_b_s8,,,0.149531153,ms,149531.153,0,,board_measured_b1_scaled_by_measured_region_factor_0.5883,matmul_b_s8,B=8;M=1;K=36;N=5;transpose_b=1,5981,pext_dot8_exact[curated[pext_nl]],measured,
985,moonshine$dispatch_985_softmax_s8,,,0.221818515,ms,221818.515,0,,board_measured_b1_scaled_by_measured_region_factor_0.5883,softmax_s8,M=8;K=5,8873,pext_int_memo2[curated[pext_nl]],measured,
986,moonshine$dispatch_986_matmul_b_s8,,,0.422487645,ms,422487.645,0,,board_measured_b1_scaled_by_measured_region_factor_0.5883,matmul_b_s8,B=8;M=1;K=5;N=36;transpose_b=0,16900,pext_dot8_exact[curated[pext_nl]],measured,
987,moonshine$dispatch_987_linear_s8,,,1000000000,us,1000000000000,0,,excluded_unmeasured,linear_s8,M=1;K=288;N=288,,,excluded_unmeasured,"the roccmoon kernel #includes a hart-0-executable fallback body, so this cell is physically possible -- but no board run in this tree has measured it, and inventing a number here would be fiction"
988,moonshine$dispatch_988_add_s8,,,0.084347513,ms,84347.513,0,,board_measured_b1_scaled_by_measured_region_factor_0.5883,add_s8,n=288,3374,pext_int_add[curated[pext_nl]],measured,
989,moonshine$dispatch_989_layernorm_s8,,,0.472772588,ms,472772.588,0,,board_measured_b1_scaled_by_measured_region_factor_0.5883,layernorm_s8,M=1;K=288,18911,pext_int_rsqrt[curated[pext_nl]],measured,
990,moonshine$dispatch_990_linear_s8,,,1000000000,us,1000000000000,0,,excluded_unmeasured,linear_s8,M=1;K=288;N=288,,,excluded_unmeasured,"the roccmoon kernel #includes a hart-0-executable fallback body, so this cell is physically possible -- but no board run in this tree has measured it, and inventing a number here would be fiction"
991,moonshine$dispatch_991_matmul_b_s8,,,1.641695273,ms,1641695.273,0,,board_measured_b1_scaled_by_measured_region_factor_0.5883,matmul_b_s8,B=8;M=1;K=36;N=165;transpose_b=1,65668,pext_dot8_exact[curated[pext_nl]],measured,
992,moonshine$dispatch_992_softmax_s8,,,0.924395790,ms,924395.790,0,,board_measured_b1_scaled_by_measured_region_factor_0.5883,softmax_s8,M=8;K=165,36976,pext_int_memo2[curated[pext_nl]],measured,
993,moonshine$dispatch_993_matmul_b_s8,,,1.522726305,ms,1522726.305,0,,board_measured_b1_scaled_by_measured_region_factor_0.5883,matmul_b_s8,B=8;M=1;K=165;N=36;transpose_b=1,60909,pext_dot8_exact[curated[pext_nl]],measured,
994,moonshine$dispatch_994_linear_s8,,,1000000000,us,1000000000000,0,,excluded_unmeasured,linear_s8,M=1;K=288;N=288,,,excluded_unmeasured,"the roccmoon kernel #includes a hart-0-executable fallback body, so this cell is physically possible -- but no board run in this tree has measured it, and inventing a number here would be fiction"
995,moonshine$dispatch_995_add_s8,,,0.080832420,ms,80832.420,0,,board_measured_b1_scaled_by_measured_region_factor_0.5883,add_s8,n=288,3233,pext_int_add[curated[pext_nl]],measured,
996,moonshine$dispatch_996_layernorm_s8,,,0.469095712,ms,469095.712,0,,board_measured_b1_scaled_by_measured_region_factor_0.5883,layernorm_s8,M=1;K=288,18764,pext_int_rsqrt[curated[pext_nl]],measured,
997,moonshine$dispatch_997_linear_s8,,,1000000000,us,1000000000000,0,,excluded_unmeasured,linear_s8,M=1;K=288;N=1152,,,excluded_unmeasured,"the roccmoon kernel #includes a hart-0-executable fallback body, so this cell is physically possible -- but no board run in this tree has measured it, and inventing a number here would be fiction"
998,moonshine$dispatch_998_silu_s8,,,0.896833935,ms,896833.935,0,,board_measured_b1_scaled_by_measured_region_factor_0.5883,silu_s8,n=1152,35873,pext_int_lut[curated[pext_nl]],measured,
999,moonshine$dispatch_999_linear_s8,,,1000000000,us,1000000000000,0,,excluded_unmeasured,linear_s8,M=1;K=288;N=1152,,,excluded_unmeasured,"the roccmoon kernel #includes a hart-0-executable fallback body, so this cell is physically possible -- but no board run in this tree has measured it, and inventing a number here would be fiction"
1000,moonshine$dispatch_1000_mul_s8,,,0.721799978,ms,721799.978,0,,board_measured_b1_scaled_by_measured_region_factor_0.5883,mul_s8,n=1152,28872,pext_int_mul[curated[pext_nl]],measured,
1001,moonshine$dispatch_1001_linear_s8,,,1000000000,us,1000000000000,0,,excluded_unmeasured,linear_s8,M=1;K=1152;N=288,,,excluded_unmeasured,"the roccmoon kernel #includes a hart-0-executable fallback body, so this cell is physically possible -- but no board run in this tree has measured it, and inventing a number here would be fiction"
1002,moonshine$dispatch_1002_add_s8,,,0.081406012,ms,81406.012,0,,board_measured_b1_scaled_by_measured_region_factor_0.5883,add_s8,n=288,3256,pext_int_add[curated[pext_nl]],measured,
1003,moonshine$dispatch_1003_layernorm_s8,,,0.462624413,ms,462624.413,0,,board_measured_b1_scaled_by_measured_region_factor_0.5883,layernorm_s8,M=1;K=288,18505,pext_int_rsqrt[curated[pext_nl]],measured,
1004,moonshine$dispatch_1004_linear_s8,,,1000000000,us,1000000000000,0,,excluded_unmeasured,linear_s8,M=1;K=288;N=16384,,,excluded_unmeasured,"the roccmoon kernel #includes a hart-0-executable fallback body, so this cell is physically possible -- but no board run in this tree has measured it, and inventing a number here would be fiction"
1005,moonshine$dispatch_1005_linear_s8,,,1000000000,us,1000000000000,0,,excluded_unmeasured,linear_s8,M=1;K=288;N=16384,,,excluded_unmeasured,"the roccmoon kernel #includes a hart-0-executable fallback body, so this cell is physically possible -- but no board run in this tree has measured it, and inventing a number here would be fiction"
1006,moonshine$dispatch_1006_cat2_c1_s8,,,0.776747197,ms,776747.198,0,,board_measured_b1_scaled_by_measured_region_factor_0.5883,cat2_c1_s8,N=1;H=1;W=1;C_inputs=16384|16384;C_total=32768,31070,pext_memo_lut[curated[pext_nl]],measured,
1007,moonshine$dispatch_1007_layernorm_s8,,,0.473331473,ms,473331.473,0,,board_measured_b1_scaled_by_measured_region_factor_0.5883,layernorm_s8,M=1;K=288,18933,pext_int_rsqrt[curated[pext_nl]],measured,
1008,moonshine$dispatch_1008_linear_s8,,,1000000000,us,1000000000000,0,,excluded_unmeasured,linear_s8,M=1;K=288;N=288,,,excluded_unmeasured,"the roccmoon kernel #includes a hart-0-executable fallback body, so this cell is physically possible -- but no board run in this tree has measured it, and inventing a number here would be fiction"
1009,moonshine$dispatch_1009_rope_s8,,,0.144765923,ms,144765.923,0,,board_measured_b1_scaled_by_measured_region_factor_0.5883,rope_s8,T=1;H=8;D=36;R=32,5791,pext_int_rot[curated[pext_nl]],measured,
1010,moonshine$dispatch_1010_linear_s8,,,1000000000,us,1000000000000,0,,excluded_unmeasured,linear_s8,M=1;K=288;N=288,,,excluded_unmeasured,"the roccmoon kernel #includes a hart-0-executable fallback body, so this cell is physically possible -- but no board run in this tree has measured it, and inventing a number here would be fiction"
1011,moonshine$dispatch_1011_rope_s8,,,0.124293083,ms,124293.083,0,,board_measured_b1_scaled_by_measured_region_factor_0.5883,rope_s8,T=1;H=8;D=36;R=32,4972,pext_int_rot[curated[pext_nl]],measured,
1012,moonshine$dispatch_1012_linear_s8,,,1000000000,us,1000000000000,0,,excluded_unmeasured,linear_s8,M=1;K=288;N=288,,,excluded_unmeasured,"the roccmoon kernel #includes a hart-0-executable fallback body, so this cell is physically possible -- but no board run in this tree has measured it, and inventing a number here would be fiction"
1013,moonshine$dispatch_1013_cat2_c1_s8,,,0.437386343,ms,437386.343,0,,board_measured_b1_scaled_by_measured_region_factor_0.5883,cat2_c1_s8,N=1;H=288;W=1;C_inputs=5|1;C_total=6,17495,pext_memo_lut[curated[pext_nl]],measured,
1014,moonshine$dispatch_1014_cat2_c1_s8,,,0.421413998,ms,421413.997,0,,board_measured_b1_scaled_by_measured_region_factor_0.5883,cat2_c1_s8,N=1;H=288;W=1;C_inputs=5|1;C_total=6,16857,pext_memo_lut[curated[pext_nl]],measured,
1015,moonshine$dispatch_1015_permute4_s8,,,0.072493267,ms,72493.268,0,,board_measured_b1_scaled_by_measured_region_factor_0.5883,permute4_s8,d0=1;d1=6;d2=8;d3=36;p0=0;p1=2;p2=1;p3=3,2900,pext_block[curated[pext_nl]],measured,
1016,moonshine$dispatch_1016_permute4_s8,,,0.068331045,ms,68331.045,0,,board_measured_b1_scaled_by_measured_region_factor_0.5883,permute4_s8,d0=1;d1=6;d2=8;d3=36;p0=0;p1=2;p2=1;p3=3,2733,pext_block[curated[pext_nl]],measured,
1017,moonshine$dispatch_1017_matmul_b_s8,,,0.166253580,ms,166253.580,0,,board_measured_b1_scaled_by_measured_region_factor_0.5883,matmul_b_s8,B=8;M=1;K=36;N=6;transpose_b=1,6650,pext_dot8_exact[curated[pext_nl]],measured,
1018,moonshine$dispatch_1018_softmax_s8,,,0.217862197,ms,217862.197,0,,board_measured_b1_scaled_by_measured_region_factor_0.5883,softmax_s8,M=8;K=6,8714,pext_int_memo2[curated[pext_nl]],measured,
1019,moonshine$dispatch_1019_matmul_b_s8,,,0.439827788,ms,439827.788,0,,board_measured_b1_scaled_by_measured_region_factor_0.5883,matmul_b_s8,B=8;M=1;K=6;N=36;transpose_b=0,17593,pext_dot8_exact[curated[pext_nl]],measured,
1020,moonshine$dispatch_1020_linear_s8,,,1000000000,us,1000000000000,0,,excluded_unmeasured,linear_s8,M=1;K=288;N=288,,,excluded_unmeasured,"the roccmoon kernel #includes a hart-0-executable fallback body, so this cell is physically possible -- but no board run in this tree has measured it, and inventing a number here would be fiction"
1021,moonshine$dispatch_1021_add_s8,,,0.091348283,ms,91348.283,0,,board_measured_b1_scaled_by_measured_region_factor_0.5883,add_s8,n=288,3654,pext_int_add[curated[pext_nl]],measured,
1022,moonshine$dispatch_1022_layernorm_s8,,,0.468198555,ms,468198.555,0,,board_measured_b1_scaled_by_measured_region_factor_0.5883,layernorm_s8,M=1;K=288,18728,pext_int_rsqrt[curated[pext_nl]],measured,
1023,moonshine$dispatch_1023_linear_s8,,,1000000000,us,1000000000000,0,,excluded_unmeasured,linear_s8,M=1;K=288;N=288,,,excluded_unmeasured,"the roccmoon kernel #includes a hart-0-executable fallback body, so this cell is physically possible -- but no board run in this tree has measured it, and inventing a number here would be fiction"
1024,moonshine$dispatch_1024_matmul_b_s8,,,1.688906348,ms,1688906.348,0,,board_measured_b1_scaled_by_measured_region_factor_0.5883,matmul_b_s8,B=8;M=1;K=36;N=165;transpose_b=1,67556,pext_dot8_exact[curated[pext_nl]],measured,
1025,moonshine$dispatch_1025_softmax_s8,,,1.224531743,ms,1224531.743,0,,board_measured_b1_scaled_by_measured_region_factor_0.5883,softmax_s8,M=8;K=165,48981,pext_int_memo2[curated[pext_nl]],measured,
1026,moonshine$dispatch_1026_matmul_b_s8,,,1.521976222,ms,1521976.222,0,,board_measured_b1_scaled_by_measured_region_factor_0.5883,matmul_b_s8,B=8;M=1;K=165;N=36;transpose_b=1,60879,pext_dot8_exact[curated[pext_nl]],measured,
1027,moonshine$dispatch_1027_linear_s8,,,1000000000,us,1000000000000,0,,excluded_unmeasured,linear_s8,M=1;K=288;N=288,,,excluded_unmeasured,"the roccmoon kernel #includes a hart-0-executable fallback body, so this cell is physically possible -- but no board run in this tree has measured it, and inventing a number here would be fiction"
1028,moonshine$dispatch_1028_add_s8,,,0.083053253,ms,83053.253,0,,board_measured_b1_scaled_by_measured_region_factor_0.5883,add_s8,n=288,3322,pext_int_add[curated[pext_nl]],measured,
1029,moonshine$dispatch_1029_layernorm_s8,,,0.468389753,ms,468389.753,0,,board_measured_b1_scaled_by_measured_region_factor_0.5883,layernorm_s8,M=1;K=288,18736,pext_int_rsqrt[curated[pext_nl]],measured,
1030,moonshine$dispatch_1030_linear_s8,,,1000000000,us,1000000000000,0,,excluded_unmeasured,linear_s8,M=1;K=288;N=1152,,,excluded_unmeasured,"the roccmoon kernel #includes a hart-0-executable fallback body, so this cell is physically possible -- but no board run in this tree has measured it, and inventing a number here would be fiction"
1031,moonshine$dispatch_1031_silu_s8,,,1.018082565,ms,1018082.565,0,,board_measured_b1_scaled_by_measured_region_factor_0.5883,silu_s8,n=1152,40723,pext_int_lut[curated[pext_nl]],measured,
1032,moonshine$dispatch_1032_linear_s8,,,1000000000,us,1000000000000,0,,excluded_unmeasured,linear_s8,M=1;K=288;N=1152,,,excluded_unmeasured,"the roccmoon kernel #includes a hart-0-executable fallback body, so this cell is physically possible -- but no board run in this tree has measured it, and inventing a number here would be fiction"
1033,moonshine$dispatch_1033_mul_s8,,,0.724006103,ms,724006.103,0,,board_measured_b1_scaled_by_measured_region_factor_0.5883,mul_s8,n=1152,28960,pext_int_mul[curated[pext_nl]],measured,
1034,moonshine$dispatch_1034_linear_s8,,,1000000000,us,1000000000000,0,,excluded_unmeasured,linear_s8,M=1;K=1152;N=288,,,excluded_unmeasured,"the roccmoon kernel #includes a hart-0-executable fallback body, so this cell is physically possible -- but no board run in this tree has measured it, and inventing a number here would be fiction"
1035,moonshine$dispatch_1035_add_s8,,,0.079229303,ms,79229.303,0,,board_measured_b1_scaled_by_measured_region_factor_0.5883,add_s8,n=288,3169,pext_int_add[curated[pext_nl]],measured,
1036,moonshine$dispatch_1036_layernorm_s8,,,0.468889808,ms,468889.808,0,,board_measured_b1_scaled_by_measured_region_factor_0.5883,layernorm_s8,M=1;K=288,18756,pext_int_rsqrt[curated[pext_nl]],measured,
1037,moonshine$dispatch_1037_linear_s8,,,1000000000,us,1000000000000,0,,excluded_unmeasured,linear_s8,M=1;K=288;N=288,,,excluded_unmeasured,"the roccmoon kernel #includes a hart-0-executable fallback body, so this cell is physically possible -- but no board run in this tree has measured it, and inventing a number here would be fiction"
1038,moonshine$dispatch_1038_rope_s8,,,0.144810045,ms,144810.045,0,,board_measured_b1_scaled_by_measured_region_factor_0.5883,rope_s8,T=1;H=8;D=36;R=32,5792,pext_int_rot[curated[pext_nl]],measured,
1039,moonshine$dispatch_1039_linear_s8,,,1000000000,us,1000000000000,0,,excluded_unmeasured,linear_s8,M=1;K=288;N=288,,,excluded_unmeasured,"the roccmoon kernel #includes a hart-0-executable fallback body, so this cell is physically possible -- but no board run in this tree has measured it, and inventing a number here would be fiction"
1040,moonshine$dispatch_1040_rope_s8,,,0.126925725,ms,126925.725,0,,board_measured_b1_scaled_by_measured_region_factor_0.5883,rope_s8,T=1;H=8;D=36;R=32,5077,pext_int_rot[curated[pext_nl]],measured,
1041,moonshine$dispatch_1041_linear_s8,,,1000000000,us,1000000000000,0,,excluded_unmeasured,linear_s8,M=1;K=288;N=288,,,excluded_unmeasured,"the roccmoon kernel #includes a hart-0-executable fallback body, so this cell is physically possible -- but no board run in this tree has measured it, and inventing a number here would be fiction"
1042,moonshine$dispatch_1042_cat2_c1_s8,,,0.436165620,ms,436165.620,0,,board_measured_b1_scaled_by_measured_region_factor_0.5883,cat2_c1_s8,N=1;H=288;W=1;C_inputs=5|1;C_total=6,17447,pext_memo_lut[curated[pext_nl]],measured,
1043,moonshine$dispatch_1043_cat2_c1_s8,,,0.420840405,ms,420840.405,0,,board_measured_b1_scaled_by_measured_region_factor_0.5883,cat2_c1_s8,N=1;H=288;W=1;C_inputs=5|1;C_total=6,16834,pext_memo_lut[curated[pext_nl]],measured,
1044,moonshine$dispatch_1044_permute4_s8,,,0.076199558,ms,76199.557,0,,board_measured_b1_scaled_by_measured_region_factor_0.5883,permute4_s8,d0=1;d1=6;d2=8;d3=36;p0=0;p1=2;p2=1;p3=3,3048,pext_block[curated[pext_nl]],measured,
1045,moonshine$dispatch_1045_permute4_s8,,,0.068948760,ms,68948.760,0,,board_measured_b1_scaled_by_measured_region_factor_0.5883,permute4_s8,d0=1;d1=6;d2=8;d3=36;p0=0;p1=2;p2=1;p3=3,2758,pext_block[curated[pext_nl]],measured,
1046,moonshine$dispatch_1046_matmul_b_s8,,,0.163591523,ms,163591.522,0,,board_measured_b1_scaled_by_measured_region_factor_0.5883,matmul_b_s8,B=8;M=1;K=36;N=6;transpose_b=1,6544,pext_dot8_exact[curated[pext_nl]],measured,
1047,moonshine$dispatch_1047_softmax_s8,,,0.220009493,ms,220009.493,0,,board_measured_b1_scaled_by_measured_region_factor_0.5883,softmax_s8,M=8;K=6,8800,pext_int_memo2[curated[pext_nl]],measured,
1048,moonshine$dispatch_1048_matmul_b_s8,,,0.438386453,ms,438386.453,0,,board_measured_b1_scaled_by_measured_region_factor_0.5883,matmul_b_s8,B=8;M=1;K=6;N=36;transpose_b=0,17535,pext_dot8_exact[curated[pext_nl]],measured,
1049,moonshine$dispatch_1049_linear_s8,,,1000000000,us,1000000000000,0,,excluded_unmeasured,linear_s8,M=1;K=288;N=288,,,excluded_unmeasured,"the roccmoon kernel #includes a hart-0-executable fallback body, so this cell is physically possible -- but no board run in this tree has measured it, and inventing a number here would be fiction"
1050,moonshine$dispatch_1050_add_s8,,,0.084818153,ms,84818.153,0,,board_measured_b1_scaled_by_measured_region_factor_0.5883,add_s8,n=288,3393,pext_int_add[curated[pext_nl]],measured,
1051,moonshine$dispatch_1051_layernorm_s8,,,0.469110420,ms,469110.420,0,,board_measured_b1_scaled_by_measured_region_factor_0.5883,layernorm_s8,M=1;K=288,18764,pext_int_rsqrt[curated[pext_nl]],measured,
1052,moonshine$dispatch_1052_linear_s8,,,1000000000,us,1000000000000,0,,excluded_unmeasured,linear_s8,M=1;K=288;N=288,,,excluded_unmeasured,"the roccmoon kernel #includes a hart-0-executable fallback body, so this cell is physically possible -- but no board run in this tree has measured it, and inventing a number here would be fiction"
1053,moonshine$dispatch_1053_matmul_b_s8,,,1.685729527,ms,1685729.527,0,,board_measured_b1_scaled_by_measured_region_factor_0.5883,matmul_b_s8,B=8;M=1;K=36;N=165;transpose_b=1,67429,pext_dot8_exact[curated[pext_nl]],measured,
1054,moonshine$dispatch_1054_softmax_s8,,,1.118652450,ms,1118652.450,0,,board_measured_b1_scaled_by_measured_region_factor_0.5883,softmax_s8,M=8;K=165,44746,pext_int_memo2[curated[pext_nl]],measured,
1055,moonshine$dispatch_1055_matmul_b_s8,,,1.519623023,ms,1519623.022,0,,board_measured_b1_scaled_by_measured_region_factor_0.5883,matmul_b_s8,B=8;M=1;K=165;N=36;transpose_b=1,60785,pext_dot8_exact[curated[pext_nl]],measured,
1056,moonshine$dispatch_1056_linear_s8,,,1000000000,us,1000000000000,0,,excluded_unmeasured,linear_s8,M=1;K=288;N=288,,,excluded_unmeasured,"the roccmoon kernel #includes a hart-0-executable fallback body, so this cell is physically possible -- but no board run in this tree has measured it, and inventing a number here would be fiction"
1057,moonshine$dispatch_1057_add_s8,,,0.082156095,ms,82156.095,0,,board_measured_b1_scaled_by_measured_region_factor_0.5883,add_s8,n=288,3286,pext_int_add[curated[pext_nl]],measured,
1058,moonshine$dispatch_1058_layernorm_s8,,,0.467713208,ms,467713.208,0,,board_measured_b1_scaled_by_measured_region_factor_0.5883,layernorm_s8,M=1;K=288,18709,pext_int_rsqrt[curated[pext_nl]],measured,
1059,moonshine$dispatch_1059_linear_s8,,,1000000000,us,1000000000000,0,,excluded_unmeasured,linear_s8,M=1;K=288;N=1152,,,excluded_unmeasured,"the roccmoon kernel #includes a hart-0-executable fallback body, so this cell is physically possible -- but no board run in this tree has measured it, and inventing a number here would be fiction"
1060,moonshine$dispatch_1060_silu_s8,,,0.865992308,ms,865992.308,0,,board_measured_b1_scaled_by_measured_region_factor_0.5883,silu_s8,n=1152,34640,pext_int_lut[curated[pext_nl]],measured,
1061,moonshine$dispatch_1061_linear_s8,,,1000000000,us,1000000000000,0,,excluded_unmeasured,linear_s8,M=1;K=288;N=1152,,,excluded_unmeasured,"the roccmoon kernel #includes a hart-0-executable fallback body, so this cell is physically possible -- but no board run in this tree has measured it, and inventing a number here would be fiction"
1062,moonshine$dispatch_1062_mul_s8,,,0.728903700,ms,728903.700,0,,board_measured_b1_scaled_by_measured_region_factor_0.5883,mul_s8,n=1152,29156,pext_int_mul[curated[pext_nl]],measured,
1063,moonshine$dispatch_1063_linear_s8,,,1000000000,us,1000000000000,0,,excluded_unmeasured,linear_s8,M=1;K=1152;N=288,,,excluded_unmeasured,"the roccmoon kernel #includes a hart-0-executable fallback body, so this cell is physically possible -- but no board run in this tree has measured it, and inventing a number here would be fiction"
1064,moonshine$dispatch_1064_add_s8,,,0.078199777,ms,78199.777,0,,board_measured_b1_scaled_by_measured_region_factor_0.5883,add_s8,n=288,3128,pext_int_add[curated[pext_nl]],measured,
1065,moonshine$dispatch_1065_layernorm_s8,,,0.463050930,ms,463050.930,0,,board_measured_b1_scaled_by_measured_region_factor_0.5883,layernorm_s8,M=1;K=288,18522,pext_int_rsqrt[curated[pext_nl]],measured,
1066,moonshine$dispatch_1066_linear_s8,,,1000000000,us,1000000000000,0,,excluded_unmeasured,linear_s8,M=1;K=288;N=288,,,excluded_unmeasured,"the roccmoon kernel #includes a hart-0-executable fallback body, so this cell is physically possible -- but no board run in this tree has measured it, and inventing a number here would be fiction"
1067,moonshine$dispatch_1067_rope_s8,,,0.142603920,ms,142603.920,0,,board_measured_b1_scaled_by_measured_region_factor_0.5883,rope_s8,T=1;H=8;D=36;R=32,5704,pext_int_rot[curated[pext_nl]],measured,
1068,moonshine$dispatch_1068_linear_s8,,,1000000000,us,1000000000000,0,,excluded_unmeasured,linear_s8,M=1;K=288;N=288,,,excluded_unmeasured,"the roccmoon kernel #includes a hart-0-executable fallback body, so this cell is physically possible -- but no board run in this tree has measured it, and inventing a number here would be fiction"
1069,moonshine$dispatch_1069_rope_s8,,,0.125999153,ms,125999.153,0,,board_measured_b1_scaled_by_measured_region_factor_0.5883,rope_s8,T=1;H=8;D=36;R=32,5040,pext_int_rot[curated[pext_nl]],measured,
1070,moonshine$dispatch_1070_linear_s8,,,1000000000,us,1000000000000,0,,excluded_unmeasured,linear_s8,M=1;K=288;N=288,,,excluded_unmeasured,"the roccmoon kernel #includes a hart-0-executable fallback body, so this cell is physically possible -- but no board run in this tree has measured it, and inventing a number here would be fiction"
1071,moonshine$dispatch_1071_cat2_c1_s8,,,0.437930520,ms,437930.520,0,,board_measured_b1_scaled_by_measured_region_factor_0.5883,cat2_c1_s8,N=1;H=288;W=1;C_inputs=5|1;C_total=6,17517,pext_memo_lut[curated[pext_nl]],measured,
1072,moonshine$dispatch_1072_cat2_c1_s8,,,0.422340570,ms,422340.570,0,,board_measured_b1_scaled_by_measured_region_factor_0.5883,cat2_c1_s8,N=1;H=288;W=1;C_inputs=5|1;C_total=6,16894,pext_memo_lut[curated[pext_nl]],measured,
1073,moonshine$dispatch_1073_permute4_s8,,,0.075008250,ms,75008.250,0,,board_measured_b1_scaled_by_measured_region_factor_0.5883,permute4_s8,d0=1;d1=6;d2=8;d3=36;p0=0;p1=2;p2=1;p3=3,3000,pext_block[curated[pext_nl]],measured,
1074,moonshine$dispatch_1074_permute4_s8,,,0.066772050,ms,66772.050,0,,board_measured_b1_scaled_by_measured_region_factor_0.5883,permute4_s8,d0=1;d1=6;d2=8;d3=36;p0=0;p1=2;p2=1;p3=3,2671,pext_block[curated[pext_nl]],measured,
1075,moonshine$dispatch_1075_matmul_b_s8,,,0.161561888,ms,161561.888,0,,board_measured_b1_scaled_by_measured_region_factor_0.5883,matmul_b_s8,B=8;M=1;K=36;N=6;transpose_b=1,6462,pext_dot8_exact[curated[pext_nl]],measured,
1076,moonshine$dispatch_1076_softmax_s8,,,0.229054605,ms,229054.605,0,,board_measured_b1_scaled_by_measured_region_factor_0.5883,softmax_s8,M=8;K=6,9162,pext_int_memo2[curated[pext_nl]],measured,
1077,moonshine$dispatch_1077_matmul_b_s8,,,0.437709907,ms,437709.907,0,,board_measured_b1_scaled_by_measured_region_factor_0.5883,matmul_b_s8,B=8;M=1;K=6;N=36;transpose_b=0,17508,pext_dot8_exact[curated[pext_nl]],measured,
1078,moonshine$dispatch_1078_linear_s8,,,1000000000,us,1000000000000,0,,excluded_unmeasured,linear_s8,M=1;K=288;N=288,,,excluded_unmeasured,"the roccmoon kernel #includes a hart-0-executable fallback body, so this cell is physically possible -- but no board run in this tree has measured it, and inventing a number here would be fiction"
1079,moonshine$dispatch_1079_add_s8,,,0.084744615,ms,84744.615,0,,board_measured_b1_scaled_by_measured_region_factor_0.5883,add_s8,n=288,3390,pext_int_add[curated[pext_nl]],measured,
1080,moonshine$dispatch_1080_layernorm_s8,,,0.473713867,ms,473713.867,0,,board_measured_b1_scaled_by_measured_region_factor_0.5883,layernorm_s8,M=1;K=288,18949,pext_int_rsqrt[curated[pext_nl]],measured,
1081,moonshine$dispatch_1081_linear_s8,,,1000000000,us,1000000000000,0,,excluded_unmeasured,linear_s8,M=1;K=288;N=288,,,excluded_unmeasured,"the roccmoon kernel #includes a hart-0-executable fallback body, so this cell is physically possible -- but no board run in this tree has measured it, and inventing a number here would be fiction"
1082,moonshine$dispatch_1082_matmul_b_s8,,,1.658638313,ms,1658638.313,0,,board_measured_b1_scaled_by_measured_region_factor_0.5883,matmul_b_s8,B=8;M=1;K=36;N=165;transpose_b=1,66346,pext_dot8_exact[curated[pext_nl]],measured,
1083,moonshine$dispatch_1083_softmax_s8,,,1.016052930,ms,1016052.930,0,,board_measured_b1_scaled_by_measured_region_factor_0.5883,softmax_s8,M=8;K=165,40642,pext_int_memo2[curated[pext_nl]],measured,
1084,moonshine$dispatch_1084_matmul_b_s8,,,1.504577250,ms,1504577.250,0,,board_measured_b1_scaled_by_measured_region_factor_0.5883,matmul_b_s8,B=8;M=1;K=165;N=36;transpose_b=1,60183,pext_dot8_exact[curated[pext_nl]],measured,
1085,moonshine$dispatch_1085_linear_s8,,,1000000000,us,1000000000000,0,,excluded_unmeasured,linear_s8,M=1;K=288;N=288,,,excluded_unmeasured,"the roccmoon kernel #includes a hart-0-executable fallback body, so this cell is physically possible -- but no board run in this tree has measured it, and inventing a number here would be fiction"
1086,moonshine$dispatch_1086_add_s8,,,0.083082667,ms,83082.667,0,,board_measured_b1_scaled_by_measured_region_factor_0.5883,add_s8,n=288,3323,pext_int_add[curated[pext_nl]],measured,
1087,moonshine$dispatch_1087_layernorm_s8,,,0.471595988,ms,471595.988,0,,board_measured_b1_scaled_by_measured_region_factor_0.5883,layernorm_s8,M=1;K=288,18864,pext_int_rsqrt[curated[pext_nl]],measured,
1088,moonshine$dispatch_1088_linear_s8,,,1000000000,us,1000000000000,0,,excluded_unmeasured,linear_s8,M=1;K=288;N=1152,,,excluded_unmeasured,"the roccmoon kernel #includes a hart-0-executable fallback body, so this cell is physically possible -- but no board run in this tree has measured it, and inventing a number here would be fiction"
1089,moonshine$dispatch_1089_silu_s8,,,0.815163188,ms,815163.188,0,,board_measured_b1_scaled_by_measured_region_factor_0.5883,silu_s8,n=1152,32607,pext_int_lut[curated[pext_nl]],measured,
1090,moonshine$dispatch_1090_linear_s8,,,1000000000,us,1000000000000,0,,excluded_unmeasured,linear_s8,M=1;K=288;N=1152,,,excluded_unmeasured,"the roccmoon kernel #includes a hart-0-executable fallback body, so this cell is physically possible -- but no board run in this tree has measured it, and inventing a number here would be fiction"
1091,moonshine$dispatch_1091_mul_s8,,,0.722241203,ms,722241.203,0,,board_measured_b1_scaled_by_measured_region_factor_0.5883,mul_s8,n=1152,28890,pext_int_mul[curated[pext_nl]],measured,
1092,moonshine$dispatch_1092_linear_s8,,,1000000000,us,1000000000000,0,,excluded_unmeasured,linear_s8,M=1;K=1152;N=288,,,excluded_unmeasured,"the roccmoon kernel #includes a hart-0-executable fallback body, so this cell is physically possible -- but no board run in this tree has measured it, and inventing a number here would be fiction"
1093,moonshine$dispatch_1093_add_s8,,,0.081611918,ms,81611.918,0,,board_measured_b1_scaled_by_measured_region_factor_0.5883,add_s8,n=288,3264,pext_int_add[curated[pext_nl]],measured,
1094,moonshine$dispatch_1094_layernorm_s8,,,0.471948968,ms,471948.968,0,,board_measured_b1_scaled_by_measured_region_factor_0.5883,layernorm_s8,M=1;K=288,18878,pext_int_rsqrt[curated[pext_nl]],measured,
1095,moonshine$dispatch_1095_linear_s8,,,1000000000,us,1000000000000,0,,excluded_unmeasured,linear_s8,M=1;K=288;N=288,,,excluded_unmeasured,"the roccmoon kernel #includes a hart-0-executable fallback body, so this cell is physically possible -- but no board run in this tree has measured it, and inventing a number here would be fiction"
1096,moonshine$dispatch_1096_rope_s8,,,0.139633005,ms,139633.005,0,,board_measured_b1_scaled_by_measured_region_factor_0.5883,rope_s8,T=1;H=8;D=36;R=32,5585,pext_int_rot[curated[pext_nl]],measured,
1097,moonshine$dispatch_1097_linear_s8,,,1000000000,us,1000000000000,0,,excluded_unmeasured,linear_s8,M=1;K=288;N=288,,,excluded_unmeasured,"the roccmoon kernel #includes a hart-0-executable fallback body, so this cell is physically possible -- but no board run in this tree has measured it, and inventing a number here would be fiction"
1098,moonshine$dispatch_1098_rope_s8,,,0.125749125,ms,125749.125,0,,board_measured_b1_scaled_by_measured_region_factor_0.5883,rope_s8,T=1;H=8;D=36;R=32,5030,pext_int_rot[curated[pext_nl]],measured,
1099,moonshine$dispatch_1099_linear_s8,,,1000000000,us,1000000000000,0,,excluded_unmeasured,linear_s8,M=1;K=288;N=288,,,excluded_unmeasured,"the roccmoon kernel #includes a hart-0-executable fallback body, so this cell is physically possible -- but no board run in this tree has measured it, and inventing a number here would be fiction"
1100,moonshine$dispatch_1100_cat2_c1_s8,,,0.436709798,ms,436709.798,0,,board_measured_b1_scaled_by_measured_region_factor_0.5883,cat2_c1_s8,N=1;H=288;W=1;C_inputs=5|1;C_total=6,17468,pext_memo_lut[curated[pext_nl]],measured,
1101,moonshine$dispatch_1101_cat2_c1_s8,,,0.423031822,ms,423031.823,0,,board_measured_b1_scaled_by_measured_region_factor_0.5883,cat2_c1_s8,N=1;H=288;W=1;C_inputs=5|1;C_total=6,16921,pext_memo_lut[curated[pext_nl]],measured,
1102,moonshine$dispatch_1102_permute4_s8,,,0.076567245,ms,76567.245,0,,board_measured_b1_scaled_by_measured_region_factor_0.5883,permute4_s8,d0=1;d1=6;d2=8;d3=36;p0=0;p1=2;p2=1;p3=3,3063,pext_block[curated[pext_nl]],measured,
1103,moonshine$dispatch_1103_permute4_s8,,,0.066169042,ms,66169.042,0,,board_measured_b1_scaled_by_measured_region_factor_0.5883,permute4_s8,d0=1;d1=6;d2=8;d3=36;p0=0;p1=2;p2=1;p3=3,2647,pext_block[curated[pext_nl]],measured,
1104,moonshine$dispatch_1104_matmul_b_s8,,,0.162679658,ms,162679.658,0,,board_measured_b1_scaled_by_measured_region_factor_0.5883,matmul_b_s8,B=8;M=1;K=36;N=6;transpose_b=1,6507,pext_dot8_exact[curated[pext_nl]],measured,
1105,moonshine$dispatch_1105_softmax_s8,,,0.234128693,ms,234128.693,0,,board_measured_b1_scaled_by_measured_region_factor_0.5883,softmax_s8,M=8;K=6,9365,pext_int_memo2[curated[pext_nl]],measured,
1106,moonshine$dispatch_1106_matmul_b_s8,,,0.434180108,ms,434180.108,0,,board_measured_b1_scaled_by_measured_region_factor_0.5883,matmul_b_s8,B=8;M=1;K=6;N=36;transpose_b=0,17367,pext_dot8_exact[curated[pext_nl]],measured,
1107,moonshine$dispatch_1107_linear_s8,,,1000000000,us,1000000000000,0,,excluded_unmeasured,linear_s8,M=1;K=288;N=288,,,excluded_unmeasured,"the roccmoon kernel #includes a hart-0-executable fallback body, so this cell is physically possible -- but no board run in this tree has measured it, and inventing a number here would be fiction"
1108,moonshine$dispatch_1108_add_s8,,,0.122660550,ms,122660.550,0,,board_measured_b1_scaled_by_measured_region_factor_0.5883,add_s8,n=288,4906,pext_int_add[curated[pext_nl]],measured,
1109,moonshine$dispatch_1109_layernorm_s8,,,0.478670295,ms,478670.295,0,,board_measured_b1_scaled_by_measured_region_factor_0.5883,layernorm_s8,M=1;K=288,19147,pext_int_rsqrt[curated[pext_nl]],measured,
1110,moonshine$dispatch_1110_linear_s8,,,1000000000,us,1000000000000,0,,excluded_unmeasured,linear_s8,M=1;K=288;N=288,,,excluded_unmeasured,"the roccmoon kernel #includes a hart-0-executable fallback body, so this cell is physically possible -- but no board run in this tree has measured it, and inventing a number here would be fiction"
1111,moonshine$dispatch_1111_matmul_b_s8,,,1.656741045,ms,1656741.045,0,,board_measured_b1_scaled_by_measured_region_factor_0.5883,matmul_b_s8,B=8;M=1;K=36;N=165;transpose_b=1,66270,pext_dot8_exact[curated[pext_nl]],measured,
1112,moonshine$dispatch_1112_softmax_s8,,,0.960061478,ms,960061.478,0,,board_measured_b1_scaled_by_measured_region_factor_0.5883,softmax_s8,M=8;K=165,38402,pext_int_memo2[curated[pext_nl]],measured,
1113,moonshine$dispatch_1113_matmul_b_s8,,,1.509092453,ms,1509092.453,0,,board_measured_b1_scaled_by_measured_region_factor_0.5883,matmul_b_s8,B=8;M=1;K=165;N=36;transpose_b=1,60364,pext_dot8_exact[curated[pext_nl]],measured,
1114,moonshine$dispatch_1114_linear_s8,,,1000000000,us,1000000000000,0,,excluded_unmeasured,linear_s8,M=1;K=288;N=288,,,excluded_unmeasured,"the roccmoon kernel #includes a hart-0-executable fallback body, so this cell is physically possible -- but no board run in this tree has measured it, and inventing a number here would be fiction"
1115,moonshine$dispatch_1115_add_s8,,,0.084803445,ms,84803.445,0,,board_measured_b1_scaled_by_measured_region_factor_0.5883,add_s8,n=288,3392,pext_int_add[curated[pext_nl]],measured,
1116,moonshine$dispatch_1116_layernorm_s8,,,0.472963785,ms,472963.785,0,,board_measured_b1_scaled_by_measured_region_factor_0.5883,layernorm_s8,M=1;K=288,18919,pext_int_rsqrt[curated[pext_nl]],measured,
1117,moonshine$dispatch_1117_linear_s8,,,1000000000,us,1000000000000,0,,excluded_unmeasured,linear_s8,M=1;K=288;N=1152,,,excluded_unmeasured,"the roccmoon kernel #includes a hart-0-executable fallback body, so this cell is physically possible -- but no board run in this tree has measured it, and inventing a number here would be fiction"
1118,moonshine$dispatch_1118_silu_s8,,,0.868433753,ms,868433.753,0,,board_measured_b1_scaled_by_measured_region_factor_0.5883,silu_s8,n=1152,34737,pext_int_lut[curated[pext_nl]],measured,
1119,moonshine$dispatch_1119_linear_s8,,,1000000000,us,1000000000000,0,,excluded_unmeasured,linear_s8,M=1;K=288;N=1152,,,excluded_unmeasured,"the roccmoon kernel #includes a hart-0-executable fallback body, so this cell is physically possible -- but no board run in this tree has measured it, and inventing a number here would be fiction"
1120,moonshine$dispatch_1120_mul_s8,,,0.722844210,ms,722844.210,0,,board_measured_b1_scaled_by_measured_region_factor_0.5883,mul_s8,n=1152,28914,pext_int_mul[curated[pext_nl]],measured,
1121,moonshine$dispatch_1121_linear_s8,,,1000000000,us,1000000000000,0,,excluded_unmeasured,linear_s8,M=1;K=1152;N=288,,,excluded_unmeasured,"the roccmoon kernel #includes a hart-0-executable fallback body, so this cell is physically possible -- but no board run in this tree has measured it, and inventing a number here would be fiction"
1122,moonshine$dispatch_1122_add_s8,,,0.082803225,ms,82803.225,0,,board_measured_b1_scaled_by_measured_region_factor_0.5883,add_s8,n=288,3312,pext_int_add[curated[pext_nl]],measured,
1123,moonshine$dispatch_1123_layernorm_s8,,,0.466110090,ms,466110.090,0,,board_measured_b1_scaled_by_measured_region_factor_0.5883,layernorm_s8,M=1;K=288,18644,pext_int_rsqrt[curated[pext_nl]],measured,
1124,moonshine$dispatch_1124_linear_s8,,,1000000000,us,1000000000000,0,,excluded_unmeasured,linear_s8,M=1;K=288;N=288,,,excluded_unmeasured,"the roccmoon kernel #includes a hart-0-executable fallback body, so this cell is physically possible -- but no board run in this tree has measured it, and inventing a number here would be fiction"
1125,moonshine$dispatch_1125_rope_s8,,,0.189756165,ms,189756.165,0,,board_measured_b1_scaled_by_measured_region_factor_0.5883,rope_s8,T=1;H=8;D=36;R=32,7590,pext_int_rot[curated[pext_nl]],measured,
1126,moonshine$dispatch_1126_linear_s8,,,1000000000,us,1000000000000,0,,excluded_unmeasured,linear_s8,M=1;K=288;N=288,,,excluded_unmeasured,"the roccmoon kernel #includes a hart-0-executable fallback body, so this cell is physically possible -- but no board run in this tree has measured it, and inventing a number here would be fiction"
1127,moonshine$dispatch_1127_rope_s8,,,0.123528293,ms,123528.293,0,,board_measured_b1_scaled_by_measured_region_factor_0.5883,rope_s8,T=1;H=8;D=36;R=32,4941,pext_int_rot[curated[pext_nl]],measured,
1128,moonshine$dispatch_1128_linear_s8,,,1000000000,us,1000000000000,0,,excluded_unmeasured,linear_s8,M=1;K=288;N=288,,,excluded_unmeasured,"the roccmoon kernel #includes a hart-0-executable fallback body, so this cell is physically possible -- but no board run in this tree has measured it, and inventing a number here would be fiction"
1129,moonshine$dispatch_1129_cat2_c1_s8,,,0.439165950,ms,439165.950,0,,board_measured_b1_scaled_by_measured_region_factor_0.5883,cat2_c1_s8,N=1;H=288;W=1;C_inputs=5|1;C_total=6,17567,pext_memo_lut[curated[pext_nl]],measured,
1130,moonshine$dispatch_1130_cat2_c1_s8,,,0.420031493,ms,420031.493,0,,board_measured_b1_scaled_by_measured_region_factor_0.5883,cat2_c1_s8,N=1;H=288;W=1;C_inputs=5|1;C_total=6,16801,pext_memo_lut[curated[pext_nl]],measured,
1131,moonshine$dispatch_1131_permute4_s8,,,0.078758663,ms,78758.663,0,,board_measured_b1_scaled_by_measured_region_factor_0.5883,permute4_s8,d0=1;d1=6;d2=8;d3=36;p0=0;p1=2;p2=1;p3=3,3150,pext_block[curated[pext_nl]],measured,
1132,moonshine$dispatch_1132_permute4_s8,,,0.069581183,ms,69581.183,0,,board_measured_b1_scaled_by_measured_region_factor_0.5883,permute4_s8,d0=1;d1=6;d2=8;d3=36;p0=0;p1=2;p2=1;p3=3,2783,pext_block[curated[pext_nl]],measured,
1133,moonshine$dispatch_1133_matmul_b_s8,,,0.173019030,ms,173019.030,0,,board_measured_b1_scaled_by_measured_region_factor_0.5883,matmul_b_s8,B=8;M=1;K=36;N=6;transpose_b=1,6921,pext_dot8_exact[curated[pext_nl]],measured,
1134,moonshine$dispatch_1134_softmax_s8,,,0.236511308,ms,236511.308,0,,board_measured_b1_scaled_by_measured_region_factor_0.5883,softmax_s8,M=8;K=6,9460,pext_int_memo2[curated[pext_nl]],measured,
1135,moonshine$dispatch_1135_matmul_b_s8,,,0.441798592,ms,441798.592,0,,board_measured_b1_scaled_by_measured_region_factor_0.5883,matmul_b_s8,B=8;M=1;K=6;N=36;transpose_b=0,17672,pext_dot8_exact[curated[pext_nl]],measured,
1136,moonshine$dispatch_1136_linear_s8,,,1000000000,us,1000000000000,0,,excluded_unmeasured,linear_s8,M=1;K=288;N=288,,,excluded_unmeasured,"the roccmoon kernel #includes a hart-0-executable fallback body, so this cell is physically possible -- but no board run in this tree has measured it, and inventing a number here would be fiction"
1137,moonshine$dispatch_1137_add_s8,,,0.089274525,ms,89274.525,0,,board_measured_b1_scaled_by_measured_region_factor_0.5883,add_s8,n=288,3571,pext_int_add[curated[pext_nl]],measured,
1138,moonshine$dispatch_1138_layernorm_s8,,,0.480038093,ms,480038.093,0,,board_measured_b1_scaled_by_measured_region_factor_0.5883,layernorm_s8,M=1;K=288,19202,pext_int_rsqrt[curated[pext_nl]],measured,
1139,moonshine$dispatch_1139_linear_s8,,,1000000000,us,1000000000000,0,,excluded_unmeasured,linear_s8,M=1;K=288;N=288,,,excluded_unmeasured,"the roccmoon kernel #includes a hart-0-executable fallback body, so this cell is physically possible -- but no board run in this tree has measured it, and inventing a number here would be fiction"
1140,moonshine$dispatch_1140_matmul_b_s8,,,1.647019388,ms,1647019.388,0,,board_measured_b1_scaled_by_measured_region_factor_0.5883,matmul_b_s8,B=8;M=1;K=36;N=165;transpose_b=1,65881,pext_dot8_exact[curated[pext_nl]],measured,
1141,moonshine$dispatch_1141_softmax_s8,,,0.917395020,ms,917395.020,0,,board_measured_b1_scaled_by_measured_region_factor_0.5883,softmax_s8,M=8;K=165,36696,pext_int_memo2[curated[pext_nl]],measured,
1142,moonshine$dispatch_1142_matmul_b_s8,,,1.509033623,ms,1509033.623,0,,board_measured_b1_scaled_by_measured_region_factor_0.5883,matmul_b_s8,B=8;M=1;K=165;N=36;transpose_b=1,60361,pext_dot8_exact[curated[pext_nl]],measured,
1143,moonshine$dispatch_1143_linear_s8,,,1000000000,us,1000000000000,0,,excluded_unmeasured,linear_s8,M=1;K=288;N=288,,,excluded_unmeasured,"the roccmoon kernel #includes a hart-0-executable fallback body, so this cell is physically possible -- but no board run in this tree has measured it, and inventing a number here would be fiction"
1144,moonshine$dispatch_1144_add_s8,,,0.087259598,ms,87259.598,0,,board_measured_b1_scaled_by_measured_region_factor_0.5883,add_s8,n=288,3490,pext_int_add[curated[pext_nl]],measured,
1145,moonshine$dispatch_1145_layernorm_s8,,,0.465212933,ms,465212.933,0,,board_measured_b1_scaled_by_measured_region_factor_0.5883,layernorm_s8,M=1;K=288,18609,pext_int_rsqrt[curated[pext_nl]],measured,
1146,moonshine$dispatch_1146_linear_s8,,,1000000000,us,1000000000000,0,,excluded_unmeasured,linear_s8,M=1;K=288;N=1152,,,excluded_unmeasured,"the roccmoon kernel #includes a hart-0-executable fallback body, so this cell is physically possible -- but no board run in this tree has measured it, and inventing a number here would be fiction"
1147,moonshine$dispatch_1147_silu_s8,,,0.840886605,ms,840886.605,0,,board_measured_b1_scaled_by_measured_region_factor_0.5883,silu_s8,n=1152,33635,pext_int_lut[curated[pext_nl]],measured,
1148,moonshine$dispatch_1148_linear_s8,,,1000000000,us,1000000000000,0,,excluded_unmeasured,linear_s8,M=1;K=288;N=1152,,,excluded_unmeasured,"the roccmoon kernel #includes a hart-0-executable fallback body, so this cell is physically possible -- but no board run in this tree has measured it, and inventing a number here would be fiction"
1149,moonshine$dispatch_1149_mul_s8,,,0.725270948,ms,725270.948,0,,board_measured_b1_scaled_by_measured_region_factor_0.5883,mul_s8,n=1152,29011,pext_int_mul[curated[pext_nl]],measured,
1150,moonshine$dispatch_1150_linear_s8,,,1000000000,us,1000000000000,0,,excluded_unmeasured,linear_s8,M=1;K=1152;N=288,,,excluded_unmeasured,"the roccmoon kernel #includes a hart-0-executable fallback body, so this cell is physically possible -- but no board run in this tree has measured it, and inventing a number here would be fiction"
1151,moonshine$dispatch_1151_add_s8,,,0.080788298,ms,80788.298,0,,board_measured_b1_scaled_by_measured_region_factor_0.5883,add_s8,n=288,3232,pext_int_add[curated[pext_nl]],measured,
1152,moonshine$dispatch_1152_layernorm_s8,,,0.470772368,ms,470772.367,0,,board_measured_b1_scaled_by_measured_region_factor_0.5883,layernorm_s8,M=1;K=288,18831,pext_int_rsqrt[curated[pext_nl]],measured,
1153,moonshine$dispatch_1153_linear_s8,,,1000000000,us,1000000000000,0,,excluded_unmeasured,linear_s8,M=1;K=288;N=288,,,excluded_unmeasured,"the roccmoon kernel #includes a hart-0-executable fallback body, so this cell is physically possible -- but no board run in this tree has measured it, and inventing a number here would be fiction"
1154,moonshine$dispatch_1154_rope_s8,,,0.145736618,ms,145736.618,0,,board_measured_b1_scaled_by_measured_region_factor_0.5883,rope_s8,T=1;H=8;D=36;R=32,5829,pext_int_rot[curated[pext_nl]],measured,
1155,moonshine$dispatch_1155_linear_s8,,,1000000000,us,1000000000000,0,,excluded_unmeasured,linear_s8,M=1;K=288;N=288,,,excluded_unmeasured,"the roccmoon kernel #includes a hart-0-executable fallback body, so this cell is physically possible -- but no board run in this tree has measured it, and inventing a number here would be fiction"
1156,moonshine$dispatch_1156_rope_s8,,,0.124543110,ms,124543.110,0,,board_measured_b1_scaled_by_measured_region_factor_0.5883,rope_s8,T=1;H=8;D=36;R=32,4982,pext_int_rot[curated[pext_nl]],measured,
1157,moonshine$dispatch_1157_linear_s8,,,1000000000,us,1000000000000,0,,excluded_unmeasured,linear_s8,M=1;K=288;N=288,,,excluded_unmeasured,"the roccmoon kernel #includes a hart-0-executable fallback body, so this cell is physically possible -- but no board run in this tree has measured it, and inventing a number here would be fiction"
1158,moonshine$dispatch_1158_cat2_c1_s8,,,0.440386673,ms,440386.673,0,,board_measured_b1_scaled_by_measured_region_factor_0.5883,cat2_c1_s8,N=1;H=288;W=1;C_inputs=5|1;C_total=6,17615,pext_memo_lut[curated[pext_nl]],measured,
1159,moonshine$dispatch_1159_cat2_c1_s8,,,0.420560963,ms,420560.963,0,,board_measured_b1_scaled_by_measured_region_factor_0.5883,cat2_c1_s8,N=1;H=288;W=1;C_inputs=5|1;C_total=6,16822,pext_memo_lut[curated[pext_nl]],measured,
1160,moonshine$dispatch_1160_permute4_s8,,,0.074640563,ms,74640.562,0,,board_measured_b1_scaled_by_measured_region_factor_0.5883,permute4_s8,d0=1;d1=6;d2=8;d3=36;p0=0;p1=2;p2=1;p3=3,2986,pext_block[curated[pext_nl]],measured,
1161,moonshine$dispatch_1161_permute4_s8,,,0.068007480,ms,68007.480,0,,board_measured_b1_scaled_by_measured_region_factor_0.5883,permute4_s8,d0=1;d1=6;d2=8;d3=36;p0=0;p1=2;p2=1;p3=3,2720,pext_block[curated[pext_nl]],measured,
1162,moonshine$dispatch_1162_matmul_b_s8,,,0.158502727,ms,158502.728,0,,board_measured_b1_scaled_by_measured_region_factor_0.5883,matmul_b_s8,B=8;M=1;K=36;N=6;transpose_b=1,6340,pext_dot8_exact[curated[pext_nl]],measured,
1163,moonshine$dispatch_1163_softmax_s8,,,0.227274998,ms,227274.998,0,,board_measured_b1_scaled_by_measured_region_factor_0.5883,softmax_s8,M=8;K=6,9091,pext_int_memo2[curated[pext_nl]],measured,
1164,moonshine$dispatch_1164_matmul_b_s8,,,0.442989900,ms,442989.900,0,,board_measured_b1_scaled_by_measured_region_factor_0.5883,matmul_b_s8,B=8;M=1;K=6;N=36;transpose_b=0,17720,pext_dot8_exact[curated[pext_nl]],measured,
1165,moonshine$dispatch_1165_linear_s8,,,1000000000,us,1000000000000,0,,excluded_unmeasured,linear_s8,M=1;K=288;N=288,,,excluded_unmeasured,"the roccmoon kernel #includes a hart-0-executable fallback body, so this cell is physically possible -- but no board run in this tree has measured it, and inventing a number here would be fiction"
1166,moonshine$dispatch_1166_add_s8,,,0.085141718,ms,85141.717,0,,board_measured_b1_scaled_by_measured_region_factor_0.5883,add_s8,n=288,3406,pext_int_add[curated[pext_nl]],measured,
1167,moonshine$dispatch_1167_layernorm_s8,,,0.472860832,ms,472860.833,0,,board_measured_b1_scaled_by_measured_region_factor_0.5883,layernorm_s8,M=1;K=288,18914,pext_int_rsqrt[curated[pext_nl]],measured,
1168,moonshine$dispatch_1168_linear_s8,,,1000000000,us,1000000000000,0,,excluded_unmeasured,linear_s8,M=1;K=288;N=288,,,excluded_unmeasured,"the roccmoon kernel #includes a hart-0-executable fallback body, so this cell is physically possible -- but no board run in this tree has measured it, and inventing a number here would be fiction"
1169,moonshine$dispatch_1169_matmul_b_s8,,,1.645180950,ms,1645180.950,0,,board_measured_b1_scaled_by_measured_region_factor_0.5883,matmul_b_s8,B=8;M=1;K=36;N=165;transpose_b=1,65807,pext_dot8_exact[curated[pext_nl]],measured,
1170,moonshine$dispatch_1170_softmax_s8,,,0.936573600,ms,936573.600,0,,board_measured_b1_scaled_by_measured_region_factor_0.5883,softmax_s8,M=8;K=165,37463,pext_int_memo2[curated[pext_nl]],measured,
1171,moonshine$dispatch_1171_matmul_b_s8,,,1.501988730,ms,1501988.730,0,,board_measured_b1_scaled_by_measured_region_factor_0.5883,matmul_b_s8,B=8;M=1;K=165;N=36;transpose_b=1,60080,pext_dot8_exact[curated[pext_nl]],measured,
1172,moonshine$dispatch_1172_linear_s8,,,1000000000,us,1000000000000,0,,excluded_unmeasured,linear_s8,M=1;K=288;N=288,,,excluded_unmeasured,"the roccmoon kernel #includes a hart-0-executable fallback body, so this cell is physically possible -- but no board run in this tree has measured it, and inventing a number here would be fiction"
1173,moonshine$dispatch_1173_add_s8,,,0.081597210,ms,81597.210,0,,board_measured_b1_scaled_by_measured_region_factor_0.5883,add_s8,n=288,3264,pext_int_add[curated[pext_nl]],measured,
1174,moonshine$dispatch_1174_layernorm_s8,,,0.472904955,ms,472904.955,0,,board_measured_b1_scaled_by_measured_region_factor_0.5883,layernorm_s8,M=1;K=288,18916,pext_int_rsqrt[curated[pext_nl]],measured,
1175,moonshine$dispatch_1175_linear_s8,,,1000000000,us,1000000000000,0,,excluded_unmeasured,linear_s8,M=1;K=288;N=1152,,,excluded_unmeasured,"the roccmoon kernel #includes a hart-0-executable fallback body, so this cell is physically possible -- but no board run in this tree has measured it, and inventing a number here would be fiction"
1176,moonshine$dispatch_1176_silu_s8,,,0.826473255,ms,826473.255,0,,board_measured_b1_scaled_by_measured_region_factor_0.5883,silu_s8,n=1152,33059,pext_int_lut[curated[pext_nl]],measured,
1177,moonshine$dispatch_1177_linear_s8,,,1000000000,us,1000000000000,0,,excluded_unmeasured,linear_s8,M=1;K=288;N=1152,,,excluded_unmeasured,"the roccmoon kernel #includes a hart-0-executable fallback body, so this cell is physically possible -- but no board run in this tree has measured it, and inventing a number here would be fiction"
1178,moonshine$dispatch_1178_mul_s8,,,0.729668490,ms,729668.490,0,,board_measured_b1_scaled_by_measured_region_factor_0.5883,mul_s8,n=1152,29187,pext_int_mul[curated[pext_nl]],measured,
1179,moonshine$dispatch_1179_linear_s8,,,1000000000,us,1000000000000,0,,excluded_unmeasured,linear_s8,M=1;K=1152;N=288,,,excluded_unmeasured,"the roccmoon kernel #includes a hart-0-executable fallback body, so this cell is physically possible -- but no board run in this tree has measured it, and inventing a number here would be fiction"
1180,moonshine$dispatch_1180_add_s8,,,0.080832420,ms,80832.420,0,,board_measured_b1_scaled_by_measured_region_factor_0.5883,add_s8,n=288,3233,pext_int_add[curated[pext_nl]],measured,
1181,moonshine$dispatch_1181_layernorm_s8,,,0.461962575,ms,461962.575,0,,board_measured_b1_scaled_by_measured_region_factor_0.5883,layernorm_s8,M=1;K=288,18479,pext_int_rsqrt[curated[pext_nl]],measured,
1182,moonshine$dispatch_1182_linear_s8,,,1000000000,us,1000000000000,0,,excluded_unmeasured,linear_s8,M=1;K=288;N=16384,,,excluded_unmeasured,"the roccmoon kernel #includes a hart-0-executable fallback body, so this cell is physically possible -- but no board run in this tree has measured it, and inventing a number here would be fiction"
1183,moonshine$dispatch_1183_linear_s8,,,1000000000,us,1000000000000,0,,excluded_unmeasured,linear_s8,M=1;K=288;N=16384,,,excluded_unmeasured,"the roccmoon kernel #includes a hart-0-executable fallback body, so this cell is physically possible -- but no board run in this tree has measured it, and inventing a number here would be fiction"
1184,moonshine$dispatch_1184_cat2_c1_s8,,,0.777320790,ms,777320.790,0,,board_measured_b1_scaled_by_measured_region_factor_0.5883,cat2_c1_s8,N=1;H=1;W=1;C_inputs=16384|16384;C_total=32768,31093,pext_memo_lut[curated[pext_nl]],measured,
1185,moonshine$dispatch_1185_layernorm_s8,,,0.473934480,ms,473934.480,0,,board_measured_b1_scaled_by_measured_region_factor_0.5883,layernorm_s8,M=1;K=288,18957,pext_int_rsqrt[curated[pext_nl]],measured,
1186,moonshine$dispatch_1186_linear_s8,,,1000000000,us,1000000000000,0,,excluded_unmeasured,linear_s8,M=1;K=288;N=288,,,excluded_unmeasured,"the roccmoon kernel #includes a hart-0-executable fallback body, so this cell is physically possible -- but no board run in this tree has measured it, and inventing a number here would be fiction"
1187,moonshine$dispatch_1187_rope_s8,,,0.147133830,ms,147133.830,0,,board_measured_b1_scaled_by_measured_region_factor_0.5883,rope_s8,T=1;H=8;D=36;R=32,5885,pext_int_rot[curated[pext_nl]],measured,
1188,moonshine$dispatch_1188_linear_s8,,,1000000000,us,1000000000000,0,,excluded_unmeasured,linear_s8,M=1;K=288;N=288,,,excluded_unmeasured,"the roccmoon kernel #includes a hart-0-executable fallback body, so this cell is physically possible -- but no board run in this tree has measured it, and inventing a number here would be fiction"
1189,moonshine$dispatch_1189_rope_s8,,,0.127808175,ms,127808.175,0,,board_measured_b1_scaled_by_measured_region_factor_0.5883,rope_s8,T=1;H=8;D=36;R=32,5112,pext_int_rot[curated[pext_nl]],measured,
1190,moonshine$dispatch_1190_linear_s8,,,1000000000,us,1000000000000,0,,excluded_unmeasured,linear_s8,M=1;K=288;N=288,,,excluded_unmeasured,"the roccmoon kernel #includes a hart-0-executable fallback body, so this cell is physically possible -- but no board run in this tree has measured it, and inventing a number here would be fiction"
1191,moonshine$dispatch_1191_cat2_c1_s8,,,0.483097253,ms,483097.253,0,,board_measured_b1_scaled_by_measured_region_factor_0.5883,cat2_c1_s8,N=1;H=288;W=1;C_inputs=6|1;C_total=7,19324,pext_memo_lut[curated[pext_nl]],measured,
1192,moonshine$dispatch_1192_cat2_c1_s8,,,0.469492815,ms,469492.815,0,,board_measured_b1_scaled_by_measured_region_factor_0.5883,cat2_c1_s8,N=1;H=288;W=1;C_inputs=6|1;C_total=7,18780,pext_memo_lut[curated[pext_nl]],measured,
1193,moonshine$dispatch_1193_permute4_s8,,,0.090039315,ms,90039.315,0,,board_measured_b1_scaled_by_measured_region_factor_0.5883,permute4_s8,d0=1;d1=7;d2=8;d3=36;p0=0;p1=2;p2=1;p3=3,3602,pext_block[curated[pext_nl]],measured,
1194,moonshine$dispatch_1194_permute4_s8,,,0.079494038,ms,79494.038,0,,board_measured_b1_scaled_by_measured_region_factor_0.5883,permute4_s8,d0=1;d1=7;d2=8;d3=36;p0=0;p1=2;p2=1;p3=3,3180,pext_block[curated[pext_nl]],measured,
1195,moonshine$dispatch_1195_matmul_b_s8,,,0.175784040,ms,175784.040,0,,board_measured_b1_scaled_by_measured_region_factor_0.5883,matmul_b_s8,B=8;M=1;K=36;N=7;transpose_b=1,7031,pext_dot8_exact[curated[pext_nl]],measured,
1196,moonshine$dispatch_1196_softmax_s8,,,0.238232085,ms,238232.085,0,,board_measured_b1_scaled_by_measured_region_factor_0.5883,softmax_s8,M=8;K=7,9529,pext_int_memo2[curated[pext_nl]],measured,
1197,moonshine$dispatch_1197_matmul_b_s8,,,0.487244768,ms,487244.768,0,,board_measured_b1_scaled_by_measured_region_factor_0.5883,matmul_b_s8,B=8;M=1;K=7;N=36;transpose_b=0,19490,pext_dot8_exact[curated[pext_nl]],measured,
1198,moonshine$dispatch_1198_linear_s8,,,1000000000,us,1000000000000,0,,excluded_unmeasured,linear_s8,M=1;K=288;N=288,,,excluded_unmeasured,"the roccmoon kernel #includes a hart-0-executable fallback body, so this cell is physically possible -- but no board run in this tree has measured it, and inventing a number here would be fiction"
1199,moonshine$dispatch_1199_add_s8,,,0.091892460,ms,91892.460,0,,board_measured_b1_scaled_by_measured_region_factor_0.5883,add_s8,n=288,3676,pext_int_add[curated[pext_nl]],measured,
1200,moonshine$dispatch_1200_layernorm_s8,,,0.472022505,ms,472022.505,0,,board_measured_b1_scaled_by_measured_region_factor_0.5883,layernorm_s8,M=1;K=288,18881,pext_int_rsqrt[curated[pext_nl]],measured,
1201,moonshine$dispatch_1201_linear_s8,,,1000000000,us,1000000000000,0,,excluded_unmeasured,linear_s8,M=1;K=288;N=288,,,excluded_unmeasured,"the roccmoon kernel #includes a hart-0-executable fallback body, so this cell is physically possible -- but no board run in this tree has measured it, and inventing a number here would be fiction"
1202,moonshine$dispatch_1202_matmul_b_s8,,,1.688185680,ms,1688185.680,0,,board_measured_b1_scaled_by_measured_region_factor_0.5883,matmul_b_s8,B=8;M=1;K=36;N=165;transpose_b=1,67527,pext_dot8_exact[curated[pext_nl]],measured,
1203,moonshine$dispatch_1203_softmax_s8,,,1.245004583,ms,1245004.583,0,,board_measured_b1_scaled_by_measured_region_factor_0.5883,softmax_s8,M=8;K=165,49800,pext_int_memo2[curated[pext_nl]],measured,
1204,moonshine$dispatch_1204_matmul_b_s8,,,1.516166760,ms,1516166.760,0,,board_measured_b1_scaled_by_measured_region_factor_0.5883,matmul_b_s8,B=8;M=1;K=165;N=36;transpose_b=1,60647,pext_dot8_exact[curated[pext_nl]],measured,
1205,moonshine$dispatch_1205_linear_s8,,,1000000000,us,1000000000000,0,,excluded_unmeasured,linear_s8,M=1;K=288;N=288,,,excluded_unmeasured,"the roccmoon kernel #includes a hart-0-executable fallback body, so this cell is physically possible -- but no board run in this tree has measured it, and inventing a number here would be fiction"
1206,moonshine$dispatch_1206_add_s8,,,0.083568015,ms,83568.015,0,,board_measured_b1_scaled_by_measured_region_factor_0.5883,add_s8,n=288,3343,pext_int_add[curated[pext_nl]],measured,
1207,moonshine$dispatch_1207_layernorm_s8,,,0.470522340,ms,470522.340,0,,board_measured_b1_scaled_by_measured_region_factor_0.5883,layernorm_s8,M=1;K=288,18821,pext_int_rsqrt[curated[pext_nl]],measured,
1208,moonshine$dispatch_1208_linear_s8,,,1000000000,us,1000000000000,0,,excluded_unmeasured,linear_s8,M=1;K=288;N=1152,,,excluded_unmeasured,"the roccmoon kernel #includes a hart-0-executable fallback body, so this cell is physically possible -- but no board run in this tree has measured it, and inventing a number here would be fiction"
1209,moonshine$dispatch_1209_silu_s8,,,0.946015815,ms,946015.815,0,,board_measured_b1_scaled_by_measured_region_factor_0.5883,silu_s8,n=1152,37841,pext_int_lut[curated[pext_nl]],measured,
1210,moonshine$dispatch_1210_linear_s8,,,1000000000,us,1000000000000,0,,excluded_unmeasured,linear_s8,M=1;K=288;N=1152,,,excluded_unmeasured,"the roccmoon kernel #includes a hart-0-executable fallback body, so this cell is physically possible -- but no board run in this tree has measured it, and inventing a number here would be fiction"
1211,moonshine$dispatch_1211_mul_s8,,,0.726359303,ms,726359.302,0,,board_measured_b1_scaled_by_measured_region_factor_0.5883,mul_s8,n=1152,29054,pext_int_mul[curated[pext_nl]],measured,
1212,moonshine$dispatch_1212_linear_s8,,,1000000000,us,1000000000000,0,,excluded_unmeasured,linear_s8,M=1;K=1152;N=288,,,excluded_unmeasured,"the roccmoon kernel #includes a hart-0-executable fallback body, so this cell is physically possible -- but no board run in this tree has measured it, and inventing a number here would be fiction"
1213,moonshine$dispatch_1213_add_s8,,,0.079302840,ms,79302.840,0,,board_measured_b1_scaled_by_measured_region_factor_0.5883,add_s8,n=288,3172,pext_int_add[curated[pext_nl]],measured,
1214,moonshine$dispatch_1214_layernorm_s8,,,0.468330922,ms,468330.922,0,,board_measured_b1_scaled_by_measured_region_factor_0.5883,layernorm_s8,M=1;K=288,18733,pext_int_rsqrt[curated[pext_nl]],measured,
1215,moonshine$dispatch_1215_linear_s8,,,1000000000,us,1000000000000,0,,excluded_unmeasured,linear_s8,M=1;K=288;N=288,,,excluded_unmeasured,"the roccmoon kernel #includes a hart-0-executable fallback body, so this cell is physically possible -- but no board run in this tree has measured it, and inventing a number here would be fiction"
1216,moonshine$dispatch_1216_rope_s8,,,0.143442248,ms,143442.247,0,,board_measured_b1_scaled_by_measured_region_factor_0.5883,rope_s8,T=1;H=8;D=36;R=32,5738,pext_int_rot[curated[pext_nl]],measured,
1217,moonshine$dispatch_1217_linear_s8,,,1000000000,us,1000000000000,0,,excluded_unmeasured,linear_s8,M=1;K=288;N=288,,,excluded_unmeasured,"the roccmoon kernel #includes a hart-0-executable fallback body, so this cell is physically possible -- but no board run in this tree has measured it, and inventing a number here would be fiction"
1218,moonshine$dispatch_1218_rope_s8,,,0.172871955,ms,172871.955,0,,board_measured_b1_scaled_by_measured_region_factor_0.5883,rope_s8,T=1;H=8;D=36;R=32,6915,pext_int_rot[curated[pext_nl]],measured,
1219,moonshine$dispatch_1219_linear_s8,,,1000000000,us,1000000000000,0,,excluded_unmeasured,linear_s8,M=1;K=288;N=288,,,excluded_unmeasured,"the roccmoon kernel #includes a hart-0-executable fallback body, so this cell is physically possible -- but no board run in this tree has measured it, and inventing a number here would be fiction"
1220,moonshine$dispatch_1220_cat2_c1_s8,,,0.483773797,ms,483773.797,0,,board_measured_b1_scaled_by_measured_region_factor_0.5883,cat2_c1_s8,N=1;H=288;W=1;C_inputs=6|1;C_total=7,19351,pext_memo_lut[curated[pext_nl]],measured,
1221,moonshine$dispatch_1221_cat2_c1_s8,,,0.468036773,ms,468036.773,0,,board_measured_b1_scaled_by_measured_region_factor_0.5883,cat2_c1_s8,N=1;H=288;W=1;C_inputs=6|1;C_total=7,18721,pext_memo_lut[curated[pext_nl]],measured,
1222,moonshine$dispatch_1222_permute4_s8,,,0.086230073,ms,86230.073,0,,board_measured_b1_scaled_by_measured_region_factor_0.5883,permute4_s8,d0=1;d1=7;d2=8;d3=36;p0=0;p1=2;p2=1;p3=3,3449,pext_block[curated[pext_nl]],measured,
1223,moonshine$dispatch_1223_permute4_s8,,,0.078420390,ms,78420.390,0,,board_measured_b1_scaled_by_measured_region_factor_0.5883,permute4_s8,d0=1;d1=7;d2=8;d3=36;p0=0;p1=2;p2=1;p3=3,3137,pext_block[curated[pext_nl]],measured,
1224,moonshine$dispatch_1224_matmul_b_s8,,,0.176210558,ms,176210.557,0,,board_measured_b1_scaled_by_measured_region_factor_0.5883,matmul_b_s8,B=8;M=1;K=36;N=7;transpose_b=1,7048,pext_dot8_exact[curated[pext_nl]],measured,
1225,moonshine$dispatch_1225_softmax_s8,,,0.239158658,ms,239158.658,0,,board_measured_b1_scaled_by_measured_region_factor_0.5883,softmax_s8,M=8;K=7,9566,pext_int_memo2[curated[pext_nl]],measured,
1226,moonshine$dispatch_1226_matmul_b_s8,,,0.483111960,ms,483111.960,0,,board_measured_b1_scaled_by_measured_region_factor_0.5883,matmul_b_s8,B=8;M=1;K=7;N=36;transpose_b=0,19324,pext_dot8_exact[curated[pext_nl]],measured,
1227,moonshine$dispatch_1227_linear_s8,,,1000000000,us,1000000000000,0,,excluded_unmeasured,linear_s8,M=1;K=288;N=288,,,excluded_unmeasured,"the roccmoon kernel #includes a hart-0-executable fallback body, so this cell is physically possible -- but no board run in this tree has measured it, and inventing a number here would be fiction"
1228,moonshine$dispatch_1228_add_s8,,,0.089156865,ms,89156.865,0,,board_measured_b1_scaled_by_measured_region_factor_0.5883,add_s8,n=288,3566,pext_int_add[curated[pext_nl]],measured,
1229,moonshine$dispatch_1229_layernorm_s8,,,0.477787845,ms,477787.845,0,,board_measured_b1_scaled_by_measured_region_factor_0.5883,layernorm_s8,M=1;K=288,19112,pext_int_rsqrt[curated[pext_nl]],measured,
1230,moonshine$dispatch_1230_linear_s8,,,1000000000,us,1000000000000,0,,excluded_unmeasured,linear_s8,M=1;K=288;N=288,,,excluded_unmeasured,"the roccmoon kernel #includes a hart-0-executable fallback body, so this cell is physically possible -- but no board run in this tree has measured it, and inventing a number here would be fiction"
1231,moonshine$dispatch_1231_matmul_b_s8,,,1.684655880,ms,1684655.880,0,,board_measured_b1_scaled_by_measured_region_factor_0.5883,matmul_b_s8,B=8;M=1;K=36;N=165;transpose_b=1,67386,pext_dot8_exact[curated[pext_nl]],measured,
1232,moonshine$dispatch_1232_softmax_s8,,,1.113975465,ms,1113975.465,0,,board_measured_b1_scaled_by_measured_region_factor_0.5883,softmax_s8,M=8;K=165,44559,pext_int_memo2[curated[pext_nl]],measured,
1233,moonshine$dispatch_1233_matmul_b_s8,,,1.516343250,ms,1516343.250,0,,board_measured_b1_scaled_by_measured_region_factor_0.5883,matmul_b_s8,B=8;M=1;K=165;N=36;transpose_b=1,60654,pext_dot8_exact[curated[pext_nl]],measured,
1234,moonshine$dispatch_1234_linear_s8,,,1000000000,us,1000000000000,0,,excluded_unmeasured,linear_s8,M=1;K=288;N=288,,,excluded_unmeasured,"the roccmoon kernel #includes a hart-0-executable fallback body, so this cell is physically possible -- but no board run in this tree has measured it, and inventing a number here would be fiction"
1235,moonshine$dispatch_1235_add_s8,,,0.085053473,ms,85053.473,0,,board_measured_b1_scaled_by_measured_region_factor_0.5883,add_s8,n=288,3402,pext_int_add[curated[pext_nl]],measured,
1236,moonshine$dispatch_1236_layernorm_s8,,,0.468066188,ms,468066.188,0,,board_measured_b1_scaled_by_measured_region_factor_0.5883,layernorm_s8,M=1;K=288,18723,pext_int_rsqrt[curated[pext_nl]],measured,
1237,moonshine$dispatch_1237_linear_s8,,,1000000000,us,1000000000000,0,,excluded_unmeasured,linear_s8,M=1;K=288;N=1152,,,excluded_unmeasured,"the roccmoon kernel #includes a hart-0-executable fallback body, so this cell is physically possible -- but no board run in this tree has measured it, and inventing a number here would be fiction"
1238,moonshine$dispatch_1238_silu_s8,,,0.916218420,ms,916218.420,0,,board_measured_b1_scaled_by_measured_region_factor_0.5883,silu_s8,n=1152,36649,pext_int_lut[curated[pext_nl]],measured,
1239,moonshine$dispatch_1239_linear_s8,,,1000000000,us,1000000000000,0,,excluded_unmeasured,linear_s8,M=1;K=288;N=1152,,,excluded_unmeasured,"the roccmoon kernel #includes a hart-0-executable fallback body, so this cell is physically possible -- but no board run in this tree has measured it, and inventing a number here would be fiction"
1240,moonshine$dispatch_1240_mul_s8,,,0.720491010,ms,720491.010,0,,board_measured_b1_scaled_by_measured_region_factor_0.5883,mul_s8,n=1152,28820,pext_int_mul[curated[pext_nl]],measured,
1241,moonshine$dispatch_1241_linear_s8,,,1000000000,us,1000000000000,0,,excluded_unmeasured,linear_s8,M=1;K=1152;N=288,,,excluded_unmeasured,"the roccmoon kernel #includes a hart-0-executable fallback body, so this cell is physically possible -- but no board run in this tree has measured it, and inventing a number here would be fiction"
1242,moonshine$dispatch_1242_add_s8,,,0.083259158,ms,83259.158,0,,board_measured_b1_scaled_by_measured_region_factor_0.5883,add_s8,n=288,3330,pext_int_add[curated[pext_nl]],measured,
1243,moonshine$dispatch_1243_layernorm_s8,,,0.464433435,ms,464433.435,0,,board_measured_b1_scaled_by_measured_region_factor_0.5883,layernorm_s8,M=1;K=288,18577,pext_int_rsqrt[curated[pext_nl]],measured,
1244,moonshine$dispatch_1244_linear_s8,,,1000000000,us,1000000000000,0,,excluded_unmeasured,linear_s8,M=1;K=288;N=288,,,excluded_unmeasured,"the roccmoon kernel #includes a hart-0-executable fallback body, so this cell is physically possible -- but no board run in this tree has measured it, and inventing a number here would be fiction"
1245,moonshine$dispatch_1245_rope_s8,,,0.144339405,ms,144339.405,0,,board_measured_b1_scaled_by_measured_region_factor_0.5883,rope_s8,T=1;H=8;D=36;R=32,5774,pext_int_rot[curated[pext_nl]],measured,
1246,moonshine$dispatch_1246_linear_s8,,,1000000000,us,1000000000000,0,,excluded_unmeasured,linear_s8,M=1;K=288;N=288,,,excluded_unmeasured,"the roccmoon kernel #includes a hart-0-executable fallback body, so this cell is physically possible -- but no board run in this tree has measured it, and inventing a number here would be fiction"
1247,moonshine$dispatch_1247_rope_s8,,,0.123190020,ms,123190.020,0,,board_measured_b1_scaled_by_measured_region_factor_0.5883,rope_s8,T=1;H=8;D=36;R=32,4928,pext_int_rot[curated[pext_nl]],measured,
1248,moonshine$dispatch_1248_linear_s8,,,1000000000,us,1000000000000,0,,excluded_unmeasured,linear_s8,M=1;K=288;N=288,,,excluded_unmeasured,"the roccmoon kernel #includes a hart-0-executable fallback body, so this cell is physically possible -- but no board run in this tree has measured it, and inventing a number here would be fiction"
1249,moonshine$dispatch_1249_cat2_c1_s8,,,0.484317975,ms,484317.975,0,,board_measured_b1_scaled_by_measured_region_factor_0.5883,cat2_c1_s8,N=1;H=288;W=1;C_inputs=6|1;C_total=7,19373,pext_memo_lut[curated[pext_nl]],measured,
1250,moonshine$dispatch_1250_cat2_c1_s8,,,0.469875210,ms,469875.210,0,,board_measured_b1_scaled_by_measured_region_factor_0.5883,cat2_c1_s8,N=1;H=288;W=1;C_inputs=6|1;C_total=7,18795,pext_memo_lut[curated[pext_nl]],measured,
1251,moonshine$dispatch_1251_permute4_s8,,,0.086377148,ms,86377.148,0,,board_measured_b1_scaled_by_measured_region_factor_0.5883,permute4_s8,d0=1;d1=7;d2=8;d3=36;p0=0;p1=2;p2=1;p3=3,3455,pext_block[curated[pext_nl]],measured,
1252,moonshine$dispatch_1252_permute4_s8,,,0.080950080,ms,80950.080,0,,board_measured_b1_scaled_by_measured_region_factor_0.5883,permute4_s8,d0=1;d1=7;d2=8;d3=36;p0=0;p1=2;p2=1;p3=3,3238,pext_block[curated[pext_nl]],measured,
1253,moonshine$dispatch_1253_matmul_b_s8,,,0.173151397,ms,173151.397,0,,board_measured_b1_scaled_by_measured_region_factor_0.5883,matmul_b_s8,B=8;M=1;K=36;N=7;transpose_b=1,6926,pext_dot8_exact[curated[pext_nl]],measured,
1254,moonshine$dispatch_1254_softmax_s8,,,0.241850130,ms,241850.130,0,,board_measured_b1_scaled_by_measured_region_factor_0.5883,softmax_s8,M=8;K=7,9674,pext_int_memo2[curated[pext_nl]],measured,
1255,moonshine$dispatch_1255_matmul_b_s8,,,0.485847555,ms,485847.555,0,,board_measured_b1_scaled_by_measured_region_factor_0.5883,matmul_b_s8,B=8;M=1;K=7;N=36;transpose_b=0,19434,pext_dot8_exact[curated[pext_nl]],measured,
1256,moonshine$dispatch_1256_linear_s8,,,1000000000,us,1000000000000,0,,excluded_unmeasured,linear_s8,M=1;K=288;N=288,,,excluded_unmeasured,"the roccmoon kernel #includes a hart-0-executable fallback body, so this cell is physically possible -- but no board run in this tree has measured it, and inventing a number here would be fiction"
1257,moonshine$dispatch_1257_add_s8,,,0.086494808,ms,86494.808,0,,board_measured_b1_scaled_by_measured_region_factor_0.5883,add_s8,n=288,3460,pext_int_add[curated[pext_nl]],measured,
1258,moonshine$dispatch_1258_layernorm_s8,,,0.473463840,ms,473463.840,0,,board_measured_b1_scaled_by_measured_region_factor_0.5883,layernorm_s8,M=1;K=288,18939,pext_int_rsqrt[curated[pext_nl]],measured,
1259,moonshine$dispatch_1259_linear_s8,,,1000000000,us,1000000000000,0,,excluded_unmeasured,linear_s8,M=1;K=288;N=288,,,excluded_unmeasured,"the roccmoon kernel #includes a hart-0-executable fallback body, so this cell is physically possible -- but no board run in this tree has measured it, and inventing a number here would be fiction"
1260,moonshine$dispatch_1260_matmul_b_s8,,,1.657947060,ms,1657947.060,0,,board_measured_b1_scaled_by_measured_region_factor_0.5883,matmul_b_s8,B=8;M=1;K=36;N=165;transpose_b=1,66318,pext_dot8_exact[curated[pext_nl]],measured,
1261,moonshine$dispatch_1261_softmax_s8,,,0.992947448,ms,992947.448,0,,board_measured_b1_scaled_by_measured_region_factor_0.5883,softmax_s8,M=8;K=165,39718,pext_int_memo2[curated[pext_nl]],measured,
1262,moonshine$dispatch_1262_matmul_b_s8,,,1.509754290,ms,1509754.290,0,,board_measured_b1_scaled_by_measured_region_factor_0.5883,matmul_b_s8,B=8;M=1;K=165;N=36;transpose_b=1,60390,pext_dot8_exact[curated[pext_nl]],measured,
1263,moonshine$dispatch_1263_linear_s8,,,1000000000,us,1000000000000,0,,excluded_unmeasured,linear_s8,M=1;K=288;N=288,,,excluded_unmeasured,"the roccmoon kernel #includes a hart-0-executable fallback body, so this cell is physically possible -- but no board run in this tree has measured it, and inventing a number here would be fiction"
1264,moonshine$dispatch_1264_add_s8,,,0.088759763,ms,88759.763,0,,board_measured_b1_scaled_by_measured_region_factor_0.5883,add_s8,n=288,3550,pext_int_add[curated[pext_nl]],measured,
1265,moonshine$dispatch_1265_layernorm_s8,,,0.470051700,ms,470051.700,0,,board_measured_b1_scaled_by_measured_region_factor_0.5883,layernorm_s8,M=1;K=288,18802,pext_int_rsqrt[curated[pext_nl]],measured,
1266,moonshine$dispatch_1266_linear_s8,,,1000000000,us,1000000000000,0,,excluded_unmeasured,linear_s8,M=1;K=288;N=1152,,,excluded_unmeasured,"the roccmoon kernel #includes a hart-0-executable fallback body, so this cell is physically possible -- but no board run in this tree has measured it, and inventing a number here would be fiction"
1267,moonshine$dispatch_1267_silu_s8,,,0.839607053,ms,839607.053,0,,board_measured_b1_scaled_by_measured_region_factor_0.5883,silu_s8,n=1152,33584,pext_int_lut[curated[pext_nl]],measured,
1268,moonshine$dispatch_1268_linear_s8,,,1000000000,us,1000000000000,0,,excluded_unmeasured,linear_s8,M=1;K=288;N=1152,,,excluded_unmeasured,"the roccmoon kernel #includes a hart-0-executable fallback body, so this cell is physically possible -- but no board run in this tree has measured it, and inventing a number here would be fiction"
1269,moonshine$dispatch_1269_mul_s8,,,0.718431960,ms,718431.960,0,,board_measured_b1_scaled_by_measured_region_factor_0.5883,mul_s8,n=1152,28737,pext_int_mul[curated[pext_nl]],measured,
1270,moonshine$dispatch_1270_linear_s8,,,1000000000,us,1000000000000,0,,excluded_unmeasured,linear_s8,M=1;K=1152;N=288,,,excluded_unmeasured,"the roccmoon kernel #includes a hart-0-executable fallback body, so this cell is physically possible -- but no board run in this tree has measured it, and inventing a number here would be fiction"
1271,moonshine$dispatch_1271_add_s8,,,0.083950410,ms,83950.410,0,,board_measured_b1_scaled_by_measured_region_factor_0.5883,add_s8,n=288,3358,pext_int_add[curated[pext_nl]],measured,
1272,moonshine$dispatch_1272_layernorm_s8,,,0.464374605,ms,464374.605,0,,board_measured_b1_scaled_by_measured_region_factor_0.5883,layernorm_s8,M=1;K=288,18575,pext_int_rsqrt[curated[pext_nl]],measured,
1273,moonshine$dispatch_1273_linear_s8,,,1000000000,us,1000000000000,0,,excluded_unmeasured,linear_s8,M=1;K=288;N=288,,,excluded_unmeasured,"the roccmoon kernel #includes a hart-0-executable fallback body, so this cell is physically possible -- but no board run in this tree has measured it, and inventing a number here would be fiction"
1274,moonshine$dispatch_1274_rope_s8,,,0.142206818,ms,142206.818,0,,board_measured_b1_scaled_by_measured_region_factor_0.5883,rope_s8,T=1;H=8;D=36;R=32,5688,pext_int_rot[curated[pext_nl]],measured,
1275,moonshine$dispatch_1275_linear_s8,,,1000000000,us,1000000000000,0,,excluded_unmeasured,linear_s8,M=1;K=288;N=288,,,excluded_unmeasured,"the roccmoon kernel #includes a hart-0-executable fallback body, so this cell is physically possible -- but no board run in this tree has measured it, and inventing a number here would be fiction"
1276,moonshine$dispatch_1276_rope_s8,,,0.125175533,ms,125175.533,0,,board_measured_b1_scaled_by_measured_region_factor_0.5883,rope_s8,T=1;H=8;D=36;R=32,5007,pext_int_rot[curated[pext_nl]],measured,
1277,moonshine$dispatch_1277_linear_s8,,,1000000000,us,1000000000000,0,,excluded_unmeasured,linear_s8,M=1;K=288;N=288,,,excluded_unmeasured,"the roccmoon kernel #includes a hart-0-executable fallback body, so this cell is physically possible -- but no board run in this tree has measured it, and inventing a number here would be fiction"
1278,moonshine$dispatch_1278_cat2_c1_s8,,,0.513983003,ms,513983.003,0,,board_measured_b1_scaled_by_measured_region_factor_0.5883,cat2_c1_s8,N=1;H=288;W=1;C_inputs=6|1;C_total=7,20559,pext_memo_lut[curated[pext_nl]],measured,
1279,moonshine$dispatch_1279_cat2_c1_s8,,,0.468007358,ms,468007.358,0,,board_measured_b1_scaled_by_measured_region_factor_0.5883,cat2_c1_s8,N=1;H=288;W=1;C_inputs=6|1;C_total=7,18720,pext_memo_lut[curated[pext_nl]],measured,
1280,moonshine$dispatch_1280_permute4_s8,,,0.083141497,ms,83141.497,0,,board_measured_b1_scaled_by_measured_region_factor_0.5883,permute4_s8,d0=1;d1=7;d2=8;d3=36;p0=0;p1=2;p2=1;p3=3,3326,pext_block[curated[pext_nl]],measured,
1281,moonshine$dispatch_1281_permute4_s8,,,0.078729248,ms,78729.248,0,,board_measured_b1_scaled_by_measured_region_factor_0.5883,permute4_s8,d0=1;d1=7;d2=8;d3=36;p0=0;p1=2;p2=1;p3=3,3149,pext_block[curated[pext_nl]],measured,
1282,moonshine$dispatch_1282_matmul_b_s8,,,0.170827613,ms,170827.613,0,,board_measured_b1_scaled_by_measured_region_factor_0.5883,matmul_b_s8,B=8;M=1;K=36;N=7;transpose_b=1,6833,pext_dot8_exact[curated[pext_nl]],measured,
1283,moonshine$dispatch_1283_softmax_s8,,,0.253763205,ms,253763.205,0,,board_measured_b1_scaled_by_measured_region_factor_0.5883,softmax_s8,M=8;K=7,10151,pext_int_memo2[curated[pext_nl]],measured,
1284,moonshine$dispatch_1284_matmul_b_s8,,,0.483141375,ms,483141.375,0,,board_measured_b1_scaled_by_measured_region_factor_0.5883,matmul_b_s8,B=8;M=1;K=7;N=36;transpose_b=0,19326,pext_dot8_exact[curated[pext_nl]],measured,
1285,moonshine$dispatch_1285_linear_s8,,,1000000000,us,1000000000000,0,,excluded_unmeasured,linear_s8,M=1;K=288;N=288,,,excluded_unmeasured,"the roccmoon kernel #includes a hart-0-executable fallback body, so this cell is physically possible -- but no board run in this tree has measured it, and inventing a number here would be fiction"
1286,moonshine$dispatch_1286_add_s8,,,0.088862715,ms,88862.715,0,,board_measured_b1_scaled_by_measured_region_factor_0.5883,add_s8,n=288,3555,pext_int_add[curated[pext_nl]],measured,
1287,moonshine$dispatch_1287_layernorm_s8,,,0.471934260,ms,471934.260,0,,board_measured_b1_scaled_by_measured_region_factor_0.5883,layernorm_s8,M=1;K=288,18877,pext_int_rsqrt[curated[pext_nl]],measured,
1288,moonshine$dispatch_1288_linear_s8,,,1000000000,us,1000000000000,0,,excluded_unmeasured,linear_s8,M=1;K=288;N=288,,,excluded_unmeasured,"the roccmoon kernel #includes a hart-0-executable fallback body, so this cell is physically possible -- but no board run in this tree has measured it, and inventing a number here would be fiction"
1289,moonshine$dispatch_1289_matmul_b_s8,,,1.642857165,ms,1642857.165,0,,board_measured_b1_scaled_by_measured_region_factor_0.5883,matmul_b_s8,B=8;M=1;K=36;N=165;transpose_b=1,65714,pext_dot8_exact[curated[pext_nl]],measured,
1290,moonshine$dispatch_1290_softmax_s8,,,0.940691700,ms,940691.700,0,,board_measured_b1_scaled_by_measured_region_factor_0.5883,softmax_s8,M=8;K=165,37628,pext_int_memo2[curated[pext_nl]],measured,
1291,moonshine$dispatch_1291_matmul_b_s8,,,1.516710938,ms,1516710.938,0,,board_measured_b1_scaled_by_measured_region_factor_0.5883,matmul_b_s8,B=8;M=1;K=165;N=36;transpose_b=1,60668,pext_dot8_exact[curated[pext_nl]],measured,
1292,moonshine$dispatch_1292_linear_s8,,,1000000000,us,1000000000000,0,,excluded_unmeasured,linear_s8,M=1;K=288;N=288,,,excluded_unmeasured,"the roccmoon kernel #includes a hart-0-executable fallback body, so this cell is physically possible -- but no board run in this tree has measured it, and inventing a number here would be fiction"
1293,moonshine$dispatch_1293_add_s8,,,0.081847238,ms,81847.238,0,,board_measured_b1_scaled_by_measured_region_factor_0.5883,add_s8,n=288,3274,pext_int_add[curated[pext_nl]],measured,
1294,moonshine$dispatch_1294_layernorm_s8,,,0.469757550,ms,469757.550,0,,board_measured_b1_scaled_by_measured_region_factor_0.5883,layernorm_s8,M=1;K=288,18790,pext_int_rsqrt[curated[pext_nl]],measured,
1295,moonshine$dispatch_1295_linear_s8,,,1000000000,us,1000000000000,0,,excluded_unmeasured,linear_s8,M=1;K=288;N=1152,,,excluded_unmeasured,"the roccmoon kernel #includes a hart-0-executable fallback body, so this cell is physically possible -- but no board run in this tree has measured it, and inventing a number here would be fiction"
1296,moonshine$dispatch_1296_silu_s8,,,0.882097020,ms,882097.020,0,,board_measured_b1_scaled_by_measured_region_factor_0.5883,silu_s8,n=1152,35284,pext_int_lut[curated[pext_nl]],measured,
1297,moonshine$dispatch_1297_linear_s8,,,1000000000,us,1000000000000,0,,excluded_unmeasured,linear_s8,M=1;K=288;N=1152,,,excluded_unmeasured,"the roccmoon kernel #includes a hart-0-executable fallback body, so this cell is physically possible -- but no board run in this tree has measured it, and inventing a number here would be fiction"
1298,moonshine$dispatch_1298_mul_s8,,,0.723417802,ms,723417.802,0,,board_measured_b1_scaled_by_measured_region_factor_0.5883,mul_s8,n=1152,28937,pext_int_mul[curated[pext_nl]],measured,
1299,moonshine$dispatch_1299_linear_s8,,,1000000000,us,1000000000000,0,,excluded_unmeasured,linear_s8,M=1;K=1152;N=288,,,excluded_unmeasured,"the roccmoon kernel #includes a hart-0-executable fallback body, so this cell is physically possible -- but no board run in this tree has measured it, and inventing a number here would be fiction"
1300,moonshine$dispatch_1300_add_s8,,,0.079273425,ms,79273.425,0,,board_measured_b1_scaled_by_measured_region_factor_0.5883,add_s8,n=288,3171,pext_int_add[curated[pext_nl]],measured,
1301,moonshine$dispatch_1301_layernorm_s8,,,0.466757220,ms,466757.220,0,,board_measured_b1_scaled_by_measured_region_factor_0.5883,layernorm_s8,M=1;K=288,18670,pext_int_rsqrt[curated[pext_nl]],measured,
1302,moonshine$dispatch_1302_linear_s8,,,1000000000,us,1000000000000,0,,excluded_unmeasured,linear_s8,M=1;K=288;N=288,,,excluded_unmeasured,"the roccmoon kernel #includes a hart-0-executable fallback body, so this cell is physically possible -- but no board run in this tree has measured it, and inventing a number here would be fiction"
1303,moonshine$dispatch_1303_rope_s8,,,0.145868985,ms,145868.985,0,,board_measured_b1_scaled_by_measured_region_factor_0.5883,rope_s8,T=1;H=8;D=36;R=32,5835,pext_int_rot[curated[pext_nl]],measured,
1304,moonshine$dispatch_1304_linear_s8,,,1000000000,us,1000000000000,0,,excluded_unmeasured,linear_s8,M=1;K=288;N=288,,,excluded_unmeasured,"the roccmoon kernel #includes a hart-0-executable fallback body, so this cell is physically possible -- but no board run in this tree has measured it, and inventing a number here would be fiction"
1305,moonshine$dispatch_1305_rope_s8,,,0.170857028,ms,170857.027,0,,board_measured_b1_scaled_by_measured_region_factor_0.5883,rope_s8,T=1;H=8;D=36;R=32,6834,pext_int_rot[curated[pext_nl]],measured,
1306,moonshine$dispatch_1306_linear_s8,,,1000000000,us,1000000000000,0,,excluded_unmeasured,linear_s8,M=1;K=288;N=288,,,excluded_unmeasured,"the roccmoon kernel #includes a hart-0-executable fallback body, so this cell is physically possible -- but no board run in this tree has measured it, and inventing a number here would be fiction"
1307,moonshine$dispatch_1307_cat2_c1_s8,,,0.484582710,ms,484582.710,0,,board_measured_b1_scaled_by_measured_region_factor_0.5883,cat2_c1_s8,N=1;H=288;W=1;C_inputs=6|1;C_total=7,19383,pext_memo_lut[curated[pext_nl]],measured,
1308,moonshine$dispatch_1308_cat2_c1_s8,,,0.468772148,ms,468772.148,0,,board_measured_b1_scaled_by_measured_region_factor_0.5883,cat2_c1_s8,N=1;H=288;W=1;C_inputs=6|1;C_total=7,18751,pext_memo_lut[curated[pext_nl]],measured,
1309,moonshine$dispatch_1309_permute4_s8,,,0.085112303,ms,85112.303,0,,board_measured_b1_scaled_by_measured_region_factor_0.5883,permute4_s8,d0=1;d1=7;d2=8;d3=36;p0=0;p1=2;p2=1;p3=3,3404,pext_block[curated[pext_nl]],measured,
1310,moonshine$dispatch_1310_permute4_s8,,,0.079096935,ms,79096.935,0,,board_measured_b1_scaled_by_measured_region_factor_0.5883,permute4_s8,d0=1;d1=7;d2=8;d3=36;p0=0;p1=2;p2=1;p3=3,3164,pext_block[curated[pext_nl]],measured,
1311,moonshine$dispatch_1311_matmul_b_s8,,,0.171224715,ms,171224.715,0,,board_measured_b1_scaled_by_measured_region_factor_0.5883,matmul_b_s8,B=8;M=1;K=36;N=7;transpose_b=1,6849,pext_dot8_exact[curated[pext_nl]],measured,
1312,moonshine$dispatch_1312_softmax_s8,,,0.245629957,ms,245629.957,0,,board_measured_b1_scaled_by_measured_region_factor_0.5883,softmax_s8,M=8;K=7,9825,pext_int_memo2[curated[pext_nl]],measured,
1313,moonshine$dispatch_1313_matmul_b_s8,,,0.487685993,ms,487685.993,0,,board_measured_b1_scaled_by_measured_region_factor_0.5883,matmul_b_s8,B=8;M=1;K=7;N=36;transpose_b=0,19507,pext_dot8_exact[curated[pext_nl]],measured,
1314,moonshine$dispatch_1314_linear_s8,,,1000000000,us,1000000000000,0,,excluded_unmeasured,linear_s8,M=1;K=288;N=288,,,excluded_unmeasured,"the roccmoon kernel #includes a hart-0-executable fallback body, so this cell is physically possible -- but no board run in this tree has measured it, and inventing a number here would be fiction"
1315,moonshine$dispatch_1315_add_s8,,,0.089200988,ms,89200.988,0,,board_measured_b1_scaled_by_measured_region_factor_0.5883,add_s8,n=288,3568,pext_int_add[curated[pext_nl]],measured,
1316,moonshine$dispatch_1316_layernorm_s8,,,0.483479647,ms,483479.648,0,,board_measured_b1_scaled_by_measured_region_factor_0.5883,layernorm_s8,M=1;K=288,19339,pext_int_rsqrt[curated[pext_nl]],measured,
1317,moonshine$dispatch_1317_linear_s8,,,1000000000,us,1000000000000,0,,excluded_unmeasured,linear_s8,M=1;K=288;N=288,,,excluded_unmeasured,"the roccmoon kernel #includes a hart-0-executable fallback body, so this cell is physically possible -- but no board run in this tree has measured it, and inventing a number here would be fiction"
1318,moonshine$dispatch_1318_matmul_b_s8,,,1.648210695,ms,1648210.695,0,,board_measured_b1_scaled_by_measured_region_factor_0.5883,matmul_b_s8,B=8;M=1;K=36;N=165;transpose_b=1,65928,pext_dot8_exact[curated[pext_nl]],measured,
1319,moonshine$dispatch_1319_softmax_s8,,,0.909688290,ms,909688.290,0,,board_measured_b1_scaled_by_measured_region_factor_0.5883,softmax_s8,M=8;K=165,36388,pext_int_memo2[curated[pext_nl]],measured,
1320,moonshine$dispatch_1320_matmul_b_s8,,,1.523932320,ms,1523932.320,0,,board_measured_b1_scaled_by_measured_region_factor_0.5883,matmul_b_s8,B=8;M=1;K=165;N=36;transpose_b=1,60957,pext_dot8_exact[curated[pext_nl]],measured,
1321,moonshine$dispatch_1321_linear_s8,,,1000000000,us,1000000000000,0,,excluded_unmeasured,linear_s8,M=1;K=288;N=288,,,excluded_unmeasured,"the roccmoon kernel #includes a hart-0-executable fallback body, so this cell is physically possible -- but no board run in this tree has measured it, and inventing a number here would be fiction"
1322,moonshine$dispatch_1322_add_s8,,,0.084715200,ms,84715.200,0,,board_measured_b1_scaled_by_measured_region_factor_0.5883,add_s8,n=288,3389,pext_int_add[curated[pext_nl]],measured,
1323,moonshine$dispatch_1323_layernorm_s8,,,0.468566243,ms,468566.242,0,,board_measured_b1_scaled_by_measured_region_factor_0.5883,layernorm_s8,M=1;K=288,18743,pext_int_rsqrt[curated[pext_nl]],measured,
1324,moonshine$dispatch_1324_linear_s8,,,1000000000,us,1000000000000,0,,excluded_unmeasured,linear_s8,M=1;K=288;N=1152,,,excluded_unmeasured,"the roccmoon kernel #includes a hart-0-executable fallback body, so this cell is physically possible -- but no board run in this tree has measured it, and inventing a number here would be fiction"
1325,moonshine$dispatch_1325_silu_s8,,,0.767790330,ms,767790.330,0,,board_measured_b1_scaled_by_measured_region_factor_0.5883,silu_s8,n=1152,30712,pext_int_lut[curated[pext_nl]],measured,
1326,moonshine$dispatch_1326_linear_s8,,,1000000000,us,1000000000000,0,,excluded_unmeasured,linear_s8,M=1;K=288;N=1152,,,excluded_unmeasured,"the roccmoon kernel #includes a hart-0-executable fallback body, so this cell is physically possible -- but no board run in this tree has measured it, and inventing a number here would be fiction"
1327,moonshine$dispatch_1327_mul_s8,,,0.720770453,ms,720770.453,0,,board_measured_b1_scaled_by_measured_region_factor_0.5883,mul_s8,n=1152,28831,pext_int_mul[curated[pext_nl]],measured,
1328,moonshine$dispatch_1328_linear_s8,,,1000000000,us,1000000000000,0,,excluded_unmeasured,linear_s8,M=1;K=1152;N=288,,,excluded_unmeasured,"the roccmoon kernel #includes a hart-0-executable fallback body, so this cell is physically possible -- but no board run in this tree has measured it, and inventing a number here would be fiction"
1329,moonshine$dispatch_1329_add_s8,,,0.081817823,ms,81817.823,0,,board_measured_b1_scaled_by_measured_region_factor_0.5883,add_s8,n=288,3273,pext_int_add[curated[pext_nl]],measured,
1330,moonshine$dispatch_1330_layernorm_s8,,,0.469375155,ms,469375.155,0,,board_measured_b1_scaled_by_measured_region_factor_0.5883,layernorm_s8,M=1;K=288,18775,pext_int_rsqrt[curated[pext_nl]],measured,
1331,moonshine$dispatch_1331_linear_s8,,,1000000000,us,1000000000000,0,,excluded_unmeasured,linear_s8,M=1;K=288;N=288,,,excluded_unmeasured,"the roccmoon kernel #includes a hart-0-executable fallback body, so this cell is physically possible -- but no board run in this tree has measured it, and inventing a number here would be fiction"
1332,moonshine$dispatch_1332_rope_s8,,,0.143780520,ms,143780.520,0,,board_measured_b1_scaled_by_measured_region_factor_0.5883,rope_s8,T=1;H=8;D=36;R=32,5751,pext_int_rot[curated[pext_nl]],measured,
1333,moonshine$dispatch_1333_linear_s8,,,1000000000,us,1000000000000,0,,excluded_unmeasured,linear_s8,M=1;K=288;N=288,,,excluded_unmeasured,"the roccmoon kernel #includes a hart-0-executable fallback body, so this cell is physically possible -- but no board run in this tree has measured it, and inventing a number here would be fiction"
1334,moonshine$dispatch_1334_rope_s8,,,0.124984335,ms,124984.335,0,,board_measured_b1_scaled_by_measured_region_factor_0.5883,rope_s8,T=1;H=8;D=36;R=32,4999,pext_int_rot[curated[pext_nl]],measured,
1335,moonshine$dispatch_1335_linear_s8,,,1000000000,us,1000000000000,0,,excluded_unmeasured,linear_s8,M=1;K=288;N=288,,,excluded_unmeasured,"the roccmoon kernel #includes a hart-0-executable fallback body, so this cell is physically possible -- but no board run in this tree has measured it, and inventing a number here would be fiction"
1336,moonshine$dispatch_1336_cat2_c1_s8,,,0.487994850,ms,487994.850,0,,board_measured_b1_scaled_by_measured_region_factor_0.5883,cat2_c1_s8,N=1;H=288;W=1;C_inputs=6|1;C_total=7,19520,pext_memo_lut[curated[pext_nl]],measured,
1337,moonshine$dispatch_1337_cat2_c1_s8,,,0.472287240,ms,472287.240,0,,board_measured_b1_scaled_by_measured_region_factor_0.5883,cat2_c1_s8,N=1;H=288;W=1;C_inputs=6|1;C_total=7,18891,pext_memo_lut[curated[pext_nl]],measured,
1338,moonshine$dispatch_1338_permute4_s8,,,0.087215475,ms,87215.475,0,,board_measured_b1_scaled_by_measured_region_factor_0.5883,permute4_s8,d0=1;d1=7;d2=8;d3=36;p0=0;p1=2;p2=1;p3=3,3489,pext_block[curated[pext_nl]],measured,
1339,moonshine$dispatch_1339_permute4_s8,,,0.082597320,ms,82597.320,0,,board_measured_b1_scaled_by_measured_region_factor_0.5883,permute4_s8,d0=1;d1=7;d2=8;d3=36;p0=0;p1=2;p2=1;p3=3,3304,pext_block[curated[pext_nl]],measured,
1340,moonshine$dispatch_1340_matmul_b_s8,,,0.171445328,ms,171445.328,0,,board_measured_b1_scaled_by_measured_region_factor_0.5883,matmul_b_s8,B=8;M=1;K=36;N=7;transpose_b=1,6858,pext_dot8_exact[curated[pext_nl]],measured,
1341,moonshine$dispatch_1341_softmax_s8,,,0.247438980,ms,247438.980,0,,board_measured_b1_scaled_by_measured_region_factor_0.5883,softmax_s8,M=8;K=7,9898,pext_int_memo2[curated[pext_nl]],measured,
1342,moonshine$dispatch_1342_matmul_b_s8,,,0.484656248,ms,484656.248,0,,board_measured_b1_scaled_by_measured_region_factor_0.5883,matmul_b_s8,B=8;M=1;K=7;N=36;transpose_b=0,19386,pext_dot8_exact[curated[pext_nl]],measured,
1343,moonshine$dispatch_1343_linear_s8,,,1000000000,us,1000000000000,0,,excluded_unmeasured,linear_s8,M=1;K=288;N=288,,,excluded_unmeasured,"the roccmoon kernel #includes a hart-0-executable fallback body, so this cell is physically possible -- but no board run in this tree has measured it, and inventing a number here would be fiction"
1344,moonshine$dispatch_1344_add_s8,,,0.084950520,ms,84950.520,0,,board_measured_b1_scaled_by_measured_region_factor_0.5883,add_s8,n=288,3398,pext_int_add[curated[pext_nl]],measured,
1345,moonshine$dispatch_1345_layernorm_s8,,,0.473022615,ms,473022.615,0,,board_measured_b1_scaled_by_measured_region_factor_0.5883,layernorm_s8,M=1;K=288,18921,pext_int_rsqrt[curated[pext_nl]],measured,
1346,moonshine$dispatch_1346_linear_s8,,,1000000000,us,1000000000000,0,,excluded_unmeasured,linear_s8,M=1;K=288;N=288,,,excluded_unmeasured,"the roccmoon kernel #includes a hart-0-executable fallback body, so this cell is physically possible -- but no board run in this tree has measured it, and inventing a number here would be fiction"
1347,moonshine$dispatch_1347_matmul_b_s8,,,1.646445795,ms,1646445.795,0,,board_measured_b1_scaled_by_measured_region_factor_0.5883,matmul_b_s8,B=8;M=1;K=36;N=165;transpose_b=1,65858,pext_dot8_exact[curated[pext_nl]],measured,
1348,moonshine$dispatch_1348_softmax_s8,,,0.947074755,ms,947074.755,0,,board_measured_b1_scaled_by_measured_region_factor_0.5883,softmax_s8,M=8;K=165,37883,pext_int_memo2[curated[pext_nl]],measured,
1349,moonshine$dispatch_1349_matmul_b_s8,,,1.508592398,ms,1508592.398,0,,board_measured_b1_scaled_by_measured_region_factor_0.5883,matmul_b_s8,B=8;M=1;K=165;N=36;transpose_b=1,60344,pext_dot8_exact[curated[pext_nl]],measured,
1350,moonshine$dispatch_1350_linear_s8,,,1000000000,us,1000000000000,0,,excluded_unmeasured,linear_s8,M=1;K=288;N=288,,,excluded_unmeasured,"the roccmoon kernel #includes a hart-0-executable fallback body, so this cell is physically possible -- but no board run in this tree has measured it, and inventing a number here would be fiction"
1351,moonshine$dispatch_1351_add_s8,,,0.083670967,ms,83670.967,0,,board_measured_b1_scaled_by_measured_region_factor_0.5883,add_s8,n=288,3347,pext_int_add[curated[pext_nl]],measured,
1352,moonshine$dispatch_1352_layernorm_s8,,,0.470890028,ms,470890.028,0,,board_measured_b1_scaled_by_measured_region_factor_0.5883,layernorm_s8,M=1;K=288,18836,pext_int_rsqrt[curated[pext_nl]],measured,
1353,moonshine$dispatch_1353_linear_s8,,,1000000000,us,1000000000000,0,,excluded_unmeasured,linear_s8,M=1;K=288;N=1152,,,excluded_unmeasured,"the roccmoon kernel #includes a hart-0-executable fallback body, so this cell is physically possible -- but no board run in this tree has measured it, and inventing a number here would be fiction"
1354,moonshine$dispatch_1354_silu_s8,,,0.792322440,ms,792322.440,0,,board_measured_b1_scaled_by_measured_region_factor_0.5883,silu_s8,n=1152,31693,pext_int_lut[curated[pext_nl]],measured,
1355,moonshine$dispatch_1355_linear_s8,,,1000000000,us,1000000000000,0,,excluded_unmeasured,linear_s8,M=1;K=288;N=1152,,,excluded_unmeasured,"the roccmoon kernel #includes a hart-0-executable fallback body, so this cell is physically possible -- but no board run in this tree has measured it, and inventing a number here would be fiction"
1356,moonshine$dispatch_1356_mul_s8,,,0.723859028,ms,723859.028,0,,board_measured_b1_scaled_by_measured_region_factor_0.5883,mul_s8,n=1152,28954,pext_int_mul[curated[pext_nl]],measured,
1357,moonshine$dispatch_1357_linear_s8,,,1000000000,us,1000000000000,0,,excluded_unmeasured,linear_s8,M=1;K=1152;N=288,,,excluded_unmeasured,"the roccmoon kernel #includes a hart-0-executable fallback body, so this cell is physically possible -- but no board run in this tree has measured it, and inventing a number here would be fiction"
1358,moonshine$dispatch_1358_add_s8,,,0.082656150,ms,82656.150,0,,board_measured_b1_scaled_by_measured_region_factor_0.5883,add_s8,n=288,3306,pext_int_add[curated[pext_nl]],measured,
1359,moonshine$dispatch_1359_layernorm_s8,,,0.463227420,ms,463227.420,0,,board_measured_b1_scaled_by_measured_region_factor_0.5883,layernorm_s8,M=1;K=288,18529,pext_int_rsqrt[curated[pext_nl]],measured,
1360,moonshine$dispatch_1360_linear_s8,,,1000000000,us,1000000000000,0,,excluded_unmeasured,linear_s8,M=1;K=288;N=16384,,,excluded_unmeasured,"the roccmoon kernel #includes a hart-0-executable fallback body, so this cell is physically possible -- but no board run in this tree has measured it, and inventing a number here would be fiction"
1361,moonshine$dispatch_1361_linear_s8,,,1000000000,us,1000000000000,0,,excluded_unmeasured,linear_s8,M=1;K=288;N=16384,,,excluded_unmeasured,"the roccmoon kernel #includes a hart-0-executable fallback body, so this cell is physically possible -- but no board run in this tree has measured it, and inventing a number here would be fiction"
1362,moonshine$dispatch_1362_cat2_c1_s8,,,0.794793300,ms,794793.300,0,,board_measured_b1_scaled_by_measured_region_factor_0.5883,cat2_c1_s8,N=1;H=1;W=1;C_inputs=16384|16384;C_total=32768,31792,pext_memo_lut[curated[pext_nl]],measured,
1363,moonshine$dispatch_1363_layernorm_s8,,,0.474463950,ms,474463.950,0,,board_measured_b1_scaled_by_measured_region_factor_0.5883,layernorm_s8,M=1;K=288,18979,pext_int_rsqrt[curated[pext_nl]],measured,
1364,moonshine$dispatch_1364_linear_s8,,,1000000000,us,1000000000000,0,,excluded_unmeasured,linear_s8,M=1;K=288;N=288,,,excluded_unmeasured,"the roccmoon kernel #includes a hart-0-executable fallback body, so this cell is physically possible -- but no board run in this tree has measured it, and inventing a number here would be fiction"
1365,moonshine$dispatch_1365_rope_s8,,,0.148472212,ms,148472.212,0,,board_measured_b1_scaled_by_measured_region_factor_0.5883,rope_s8,T=1;H=8;D=36;R=32,5939,pext_int_rot[curated[pext_nl]],measured,
1366,moonshine$dispatch_1366_linear_s8,,,1000000000,us,1000000000000,0,,excluded_unmeasured,linear_s8,M=1;K=288;N=288,,,excluded_unmeasured,"the roccmoon kernel #includes a hart-0-executable fallback body, so this cell is physically possible -- but no board run in this tree has measured it, and inventing a number here would be fiction"
1367,moonshine$dispatch_1367_rope_s8,,,0.129293633,ms,129293.633,0,,board_measured_b1_scaled_by_measured_region_factor_0.5883,rope_s8,T=1;H=8;D=36;R=32,5172,pext_int_rot[curated[pext_nl]],measured,
1368,moonshine$dispatch_1368_linear_s8,,,1000000000,us,1000000000000,0,,excluded_unmeasured,linear_s8,M=1;K=288;N=288,,,excluded_unmeasured,"the roccmoon kernel #includes a hart-0-executable fallback body, so this cell is physically possible -- but no board run in this tree has measured it, and inventing a number here would be fiction"
1369,moonshine$dispatch_1369_cat2_c1_s8,,,0.533720468,ms,533720.468,0,,board_measured_b1_scaled_by_measured_region_factor_0.5883,cat2_c1_s8,N=1;H=288;W=1;C_inputs=7|1;C_total=8,21349,pext_memo_lut[curated[pext_nl]],measured,
1370,moonshine$dispatch_1370_cat2_c1_s8,,,0.517453973,ms,517453.973,0,,board_measured_b1_scaled_by_measured_region_factor_0.5883,cat2_c1_s8,N=1;H=288;W=1;C_inputs=7|1;C_total=8,20698,pext_memo_lut[curated[pext_nl]],measured,
1371,moonshine$dispatch_1371_permute4_s8,,,0.096745935,ms,96745.935,0,,board_measured_b1_scaled_by_measured_region_factor_0.5883,permute4_s8,d0=1;d1=8;d2=8;d3=36;p0=0;p1=2;p2=1;p3=3,3870,pext_block[curated[pext_nl]],measured,
1372,moonshine$dispatch_1372_permute4_s8,,,0.089877533,ms,89877.533,0,,board_measured_b1_scaled_by_measured_region_factor_0.5883,permute4_s8,d0=1;d1=8;d2=8;d3=36;p0=0;p1=2;p2=1;p3=3,3595,pext_block[curated[pext_nl]],measured,
1373,moonshine$dispatch_1373_matmul_b_s8,,,0.190182683,ms,190182.682,0,,board_measured_b1_scaled_by_measured_region_factor_0.5883,matmul_b_s8,B=8;M=1;K=36;N=8;transpose_b=1,7607,pext_dot8_exact[curated[pext_nl]],measured,
1374,moonshine$dispatch_1374_softmax_s8,,,0.244438650,ms,244438.650,0,,board_measured_b1_scaled_by_measured_region_factor_0.5883,softmax_s8,M=8;K=8,9778,pext_int_memo2[curated[pext_nl]],measured,
1375,moonshine$dispatch_1375_matmul_b_s8,,,0.358407068,ms,358407.068,0,,board_measured_b1_scaled_by_measured_region_factor_0.5883,matmul_b_s8,B=8;M=1;K=8;N=36;transpose_b=0,14336,pext_dot8_exact[curated[pext_nl]],measured,
1376,moonshine$dispatch_1376_linear_s8,,,1000000000,us,1000000000000,0,,excluded_unmeasured,linear_s8,M=1;K=288;N=288,,,excluded_unmeasured,"the roccmoon kernel #includes a hart-0-executable fallback body, so this cell is physically possible -- but no board run in this tree has measured it, and inventing a number here would be fiction"
1377,moonshine$dispatch_1377_add_s8,,,0.088877423,ms,88877.423,0,,board_measured_b1_scaled_by_measured_region_factor_0.5883,add_s8,n=288,3555,pext_int_add[curated[pext_nl]],measured,
1378,moonshine$dispatch_1378_layernorm_s8,,,0.471698940,ms,471698.940,0,,board_measured_b1_scaled_by_measured_region_factor_0.5883,layernorm_s8,M=1;K=288,18868,pext_int_rsqrt[curated[pext_nl]],measured,
1379,moonshine$dispatch_1379_linear_s8,,,1000000000,us,1000000000000,0,,excluded_unmeasured,linear_s8,M=1;K=288;N=288,,,excluded_unmeasured,"the roccmoon kernel #includes a hart-0-executable fallback body, so this cell is physically possible -- but no board run in this tree has measured it, and inventing a number here would be fiction"
1380,moonshine$dispatch_1380_matmul_b_s8,,,1.690965398,ms,1690965.397,0,,board_measured_b1_scaled_by_measured_region_factor_0.5883,matmul_b_s8,B=8;M=1;K=36;N=165;transpose_b=1,67639,pext_dot8_exact[curated[pext_nl]],measured,
1381,moonshine$dispatch_1381_softmax_s8,,,1.224972968,ms,1224972.968,0,,board_measured_b1_scaled_by_measured_region_factor_0.5883,softmax_s8,M=8;K=165,48999,pext_int_memo2[curated[pext_nl]],measured,
1382,moonshine$dispatch_1382_matmul_b_s8,,,1.520299568,ms,1520299.568,0,,board_measured_b1_scaled_by_measured_region_factor_0.5883,matmul_b_s8,B=8;M=1;K=165;N=36;transpose_b=1,60812,pext_dot8_exact[curated[pext_nl]],measured,
1383,moonshine$dispatch_1383_linear_s8,,,1000000000,us,1000000000000,0,,excluded_unmeasured,linear_s8,M=1;K=288;N=288,,,excluded_unmeasured,"the roccmoon kernel #includes a hart-0-executable fallback body, so this cell is physically possible -- but no board run in this tree has measured it, and inventing a number here would be fiction"
1384,moonshine$dispatch_1384_add_s8,,,0.083597430,ms,83597.430,0,,board_measured_b1_scaled_by_measured_region_factor_0.5883,add_s8,n=288,3344,pext_int_add[curated[pext_nl]],measured,
1385,moonshine$dispatch_1385_layernorm_s8,,,0.468125018,ms,468125.018,0,,board_measured_b1_scaled_by_measured_region_factor_0.5883,layernorm_s8,M=1;K=288,18725,pext_int_rsqrt[curated[pext_nl]],measured,
1386,moonshine$dispatch_1386_linear_s8,,,1000000000,us,1000000000000,0,,excluded_unmeasured,linear_s8,M=1;K=288;N=1152,,,excluded_unmeasured,"the roccmoon kernel #includes a hart-0-executable fallback body, so this cell is physically possible -- but no board run in this tree has measured it, and inventing a number here would be fiction"
1387,moonshine$dispatch_1387_silu_s8,,,0.791895923,ms,791895.923,0,,board_measured_b1_scaled_by_measured_region_factor_0.5883,silu_s8,n=1152,31676,pext_int_lut[curated[pext_nl]],measured,
1388,moonshine$dispatch_1388_linear_s8,,,1000000000,us,1000000000000,0,,excluded_unmeasured,linear_s8,M=1;K=288;N=1152,,,excluded_unmeasured,"the roccmoon kernel #includes a hart-0-executable fallback body, so this cell is physically possible -- but no board run in this tree has measured it, and inventing a number here would be fiction"
1389,moonshine$dispatch_1389_mul_s8,,,0.733286535,ms,733286.535,0,,board_measured_b1_scaled_by_measured_region_factor_0.5883,mul_s8,n=1152,29331,pext_int_mul[curated[pext_nl]],measured,
1390,moonshine$dispatch_1390_linear_s8,,,1000000000,us,1000000000000,0,,excluded_unmeasured,linear_s8,M=1;K=1152;N=288,,,excluded_unmeasured,"the roccmoon kernel #includes a hart-0-executable fallback body, so this cell is physically possible -- but no board run in this tree has measured it, and inventing a number here would be fiction"
1391,moonshine$dispatch_1391_add_s8,,,0.080082338,ms,80082.338,0,,board_measured_b1_scaled_by_measured_region_factor_0.5883,add_s8,n=288,3203,pext_int_add[curated[pext_nl]],measured,
1392,moonshine$dispatch_1392_layernorm_s8,,,0.470595877,ms,470595.878,0,,board_measured_b1_scaled_by_measured_region_factor_0.5883,layernorm_s8,M=1;K=288,18824,pext_int_rsqrt[curated[pext_nl]],measured,
1393,moonshine$dispatch_1393_linear_s8,,,1000000000,us,1000000000000,0,,excluded_unmeasured,linear_s8,M=1;K=288;N=288,,,excluded_unmeasured,"the roccmoon kernel #includes a hart-0-executable fallback body, so this cell is physically possible -- but no board run in this tree has measured it, and inventing a number here would be fiction"
1394,moonshine$dispatch_1394_rope_s8,,,0.140912558,ms,140912.557,0,,board_measured_b1_scaled_by_measured_region_factor_0.5883,rope_s8,T=1;H=8;D=36;R=32,5637,pext_int_rot[curated[pext_nl]],measured,
1395,moonshine$dispatch_1395_linear_s8,,,1000000000,us,1000000000000,0,,excluded_unmeasured,linear_s8,M=1;K=288;N=288,,,excluded_unmeasured,"the roccmoon kernel #includes a hart-0-executable fallback body, so this cell is physically possible -- but no board run in this tree has measured it, and inventing a number here would be fiction"
1396,moonshine$dispatch_1396_rope_s8,,,0.125660880,ms,125660.880,0,,board_measured_b1_scaled_by_measured_region_factor_0.5883,rope_s8,T=1;H=8;D=36;R=32,5026,pext_int_rot[curated[pext_nl]],measured,
1397,moonshine$dispatch_1397_linear_s8,,,1000000000,us,1000000000000,0,,excluded_unmeasured,linear_s8,M=1;K=288;N=288,,,excluded_unmeasured,"the roccmoon kernel #includes a hart-0-executable fallback body, so this cell is physically possible -- but no board run in this tree has measured it, and inventing a number here would be fiction"
1398,moonshine$dispatch_1398_cat2_c1_s8,,,0.533117460,ms,533117.460,0,,board_measured_b1_scaled_by_measured_region_factor_0.5883,cat2_c1_s8,N=1;H=288;W=1;C_inputs=7|1;C_total=8,21325,pext_memo_lut[curated[pext_nl]],measured,
1399,moonshine$dispatch_1399_cat2_c1_s8,,,0.515674365,ms,515674.365,0,,board_measured_b1_scaled_by_measured_region_factor_0.5883,cat2_c1_s8,N=1;H=288;W=1;C_inputs=7|1;C_total=8,20627,pext_memo_lut[curated[pext_nl]],measured,
1400,moonshine$dispatch_1400_permute4_s8,,,0.096834180,ms,96834.180,0,,board_measured_b1_scaled_by_measured_region_factor_0.5883,permute4_s8,d0=1;d1=8;d2=8;d3=36;p0=0;p1=2;p2=1;p3=3,3873,pext_block[curated[pext_nl]],measured,
1401,moonshine$dispatch_1401_permute4_s8,,,0.088215585,ms,88215.585,0,,board_measured_b1_scaled_by_measured_region_factor_0.5883,permute4_s8,d0=1;d1=8;d2=8;d3=36;p0=0;p1=2;p2=1;p3=3,3529,pext_block[curated[pext_nl]],measured,
1402,moonshine$dispatch_1402_matmul_b_s8,,,0.178166655,ms,178166.655,0,,board_measured_b1_scaled_by_measured_region_factor_0.5883,matmul_b_s8,B=8;M=1;K=36;N=8;transpose_b=1,7127,pext_dot8_exact[curated[pext_nl]],measured,
1403,moonshine$dispatch_1403_softmax_s8,,,0.257793060,ms,257793.060,0,,board_measured_b1_scaled_by_measured_region_factor_0.5883,softmax_s8,M=8;K=8,10312,pext_int_memo2[curated[pext_nl]],measured,
1404,moonshine$dispatch_1404_matmul_b_s8,,,0.358392360,ms,358392.360,0,,board_measured_b1_scaled_by_measured_region_factor_0.5883,matmul_b_s8,B=8;M=1;K=8;N=36;transpose_b=0,14336,pext_dot8_exact[curated[pext_nl]],measured,
1405,moonshine$dispatch_1405_linear_s8,,,1000000000,us,1000000000000,0,,excluded_unmeasured,linear_s8,M=1;K=288;N=288,,,excluded_unmeasured,"the roccmoon kernel #includes a hart-0-executable fallback body, so this cell is physically possible -- but no board run in this tree has measured it, and inventing a number here would be fiction"
1406,moonshine$dispatch_1406_add_s8,,,0.088774470,ms,88774.470,0,,board_measured_b1_scaled_by_measured_region_factor_0.5883,add_s8,n=288,3551,pext_int_add[curated[pext_nl]],measured,
1407,moonshine$dispatch_1407_layernorm_s8,,,0.469963455,ms,469963.455,0,,board_measured_b1_scaled_by_measured_region_factor_0.5883,layernorm_s8,M=1;K=288,18799,pext_int_rsqrt[curated[pext_nl]],measured,
1408,moonshine$dispatch_1408_linear_s8,,,1000000000,us,1000000000000,0,,excluded_unmeasured,linear_s8,M=1;K=288;N=288,,,excluded_unmeasured,"the roccmoon kernel #includes a hart-0-executable fallback body, so this cell is physically possible -- but no board run in this tree has measured it, and inventing a number here would be fiction"
1409,moonshine$dispatch_1409_matmul_b_s8,,,1.687406183,ms,1687406.183,0,,board_measured_b1_scaled_by_measured_region_factor_0.5883,matmul_b_s8,B=8;M=1;K=36;N=165;transpose_b=1,67496,pext_dot8_exact[curated[pext_nl]],measured,
1410,moonshine$dispatch_1410_softmax_s8,,,1.153818083,ms,1153818.083,0,,board_measured_b1_scaled_by_measured_region_factor_0.5883,softmax_s8,M=8;K=165,46153,pext_int_memo2[curated[pext_nl]],measured,
1411,moonshine$dispatch_1411_matmul_b_s8,,,1.517975783,ms,1517975.783,0,,board_measured_b1_scaled_by_measured_region_factor_0.5883,matmul_b_s8,B=8;M=1;K=165;N=36;transpose_b=1,60719,pext_dot8_exact[curated[pext_nl]],measured,
1412,moonshine$dispatch_1412_linear_s8,,,1000000000,us,1000000000000,0,,excluded_unmeasured,linear_s8,M=1;K=288;N=288,,,excluded_unmeasured,"the roccmoon kernel #includes a hart-0-executable fallback body, so this cell is physically possible -- but no board run in this tree has measured it, and inventing a number here would be fiction"
1413,moonshine$dispatch_1413_add_s8,,,0.083670967,ms,83670.967,0,,board_measured_b1_scaled_by_measured_region_factor_0.5883,add_s8,n=288,3347,pext_int_add[curated[pext_nl]],measured,
1414,moonshine$dispatch_1414_layernorm_s8,,,0.464962905,ms,464962.905,0,,board_measured_b1_scaled_by_measured_region_factor_0.5883,layernorm_s8,M=1;K=288,18599,pext_int_rsqrt[curated[pext_nl]],measured,
1415,moonshine$dispatch_1415_linear_s8,,,1000000000,us,1000000000000,0,,excluded_unmeasured,linear_s8,M=1;K=288;N=1152,,,excluded_unmeasured,"the roccmoon kernel #includes a hart-0-executable fallback body, so this cell is physically possible -- but no board run in this tree has measured it, and inventing a number here would be fiction"
1416,moonshine$dispatch_1416_silu_s8,,,0.787733700,ms,787733.700,0,,board_measured_b1_scaled_by_measured_region_factor_0.5883,silu_s8,n=1152,31509,pext_int_lut[curated[pext_nl]],measured,
1417,moonshine$dispatch_1417_linear_s8,,,1000000000,us,1000000000000,0,,excluded_unmeasured,linear_s8,M=1;K=288;N=1152,,,excluded_unmeasured,"the roccmoon kernel #includes a hart-0-executable fallback body, so this cell is physically possible -- but no board run in this tree has measured it, and inventing a number here would be fiction"
1418,moonshine$dispatch_1418_mul_s8,,,0.725726880,ms,725726.880,0,,board_measured_b1_scaled_by_measured_region_factor_0.5883,mul_s8,n=1152,29029,pext_int_mul[curated[pext_nl]],measured,
1419,moonshine$dispatch_1419_linear_s8,,,1000000000,us,1000000000000,0,,excluded_unmeasured,linear_s8,M=1;K=1152;N=288,,,excluded_unmeasured,"the roccmoon kernel #includes a hart-0-executable fallback body, so this cell is physically possible -- but no board run in this tree has measured it, and inventing a number here would be fiction"
1420,moonshine$dispatch_1420_add_s8,,,0.082994422,ms,82994.423,0,,board_measured_b1_scaled_by_measured_region_factor_0.5883,add_s8,n=288,3320,pext_int_add[curated[pext_nl]],measured,
1421,moonshine$dispatch_1421_layernorm_s8,,,0.462006698,ms,462006.698,0,,board_measured_b1_scaled_by_measured_region_factor_0.5883,layernorm_s8,M=1;K=288,18480,pext_int_rsqrt[curated[pext_nl]],measured,
1422,moonshine$dispatch_1422_linear_s8,,,1000000000,us,1000000000000,0,,excluded_unmeasured,linear_s8,M=1;K=288;N=288,,,excluded_unmeasured,"the roccmoon kernel #includes a hart-0-executable fallback body, so this cell is physically possible -- but no board run in this tree has measured it, and inventing a number here would be fiction"
1423,moonshine$dispatch_1423_rope_s8,,,0.139897740,ms,139897.740,0,,board_measured_b1_scaled_by_measured_region_factor_0.5883,rope_s8,T=1;H=8;D=36;R=32,5596,pext_int_rot[curated[pext_nl]],measured,
1424,moonshine$dispatch_1424_linear_s8,,,1000000000,us,1000000000000,0,,excluded_unmeasured,linear_s8,M=1;K=288;N=288,,,excluded_unmeasured,"the roccmoon kernel #includes a hart-0-executable fallback body, so this cell is physically possible -- but no board run in this tree has measured it, and inventing a number here would be fiction"
1425,moonshine$dispatch_1425_rope_s8,,,0.124425450,ms,124425.450,0,,board_measured_b1_scaled_by_measured_region_factor_0.5883,rope_s8,T=1;H=8;D=36;R=32,4977,pext_int_rot[curated[pext_nl]],measured,
1426,moonshine$dispatch_1426_linear_s8,,,1000000000,us,1000000000000,0,,excluded_unmeasured,linear_s8,M=1;K=288;N=288,,,excluded_unmeasured,"the roccmoon kernel #includes a hart-0-executable fallback body, so this cell is physically possible -- but no board run in this tree has measured it, and inventing a number here would be fiction"
1427,moonshine$dispatch_1427_cat2_c1_s8,,,0.530484817,ms,530484.818,0,,board_measured_b1_scaled_by_measured_region_factor_0.5883,cat2_c1_s8,N=1;H=288;W=1;C_inputs=7|1;C_total=8,21219,pext_memo_lut[curated[pext_nl]],measured,
1428,moonshine$dispatch_1428_cat2_c1_s8,,,0.544324575,ms,544324.575,0,,board_measured_b1_scaled_by_measured_region_factor_0.5883,cat2_c1_s8,N=1;H=288;W=1;C_inputs=7|1;C_total=8,21773,pext_memo_lut[curated[pext_nl]],measured,
1429,moonshine$dispatch_1429_permute4_s8,,,0.093657360,ms,93657.360,0,,board_measured_b1_scaled_by_measured_region_factor_0.5883,permute4_s8,d0=1;d1=8;d2=8;d3=36;p0=0;p1=2;p2=1;p3=3,3746,pext_block[curated[pext_nl]],measured,
1430,moonshine$dispatch_1430_permute4_s8,,,0.090142268,ms,90142.268,0,,board_measured_b1_scaled_by_measured_region_factor_0.5883,permute4_s8,d0=1;d1=8;d2=8;d3=36;p0=0;p1=2;p2=1;p3=3,3606,pext_block[curated[pext_nl]],measured,
1431,moonshine$dispatch_1431_matmul_b_s8,,,0.178093118,ms,178093.118,0,,board_measured_b1_scaled_by_measured_region_factor_0.5883,matmul_b_s8,B=8;M=1;K=36;N=8;transpose_b=1,7124,pext_dot8_exact[curated[pext_nl]],measured,
1432,moonshine$dispatch_1432_softmax_s8,,,0.255028050,ms,255028.050,0,,board_measured_b1_scaled_by_measured_region_factor_0.5883,softmax_s8,M=8;K=8,10201,pext_int_memo2[curated[pext_nl]],measured,
1433,moonshine$dispatch_1433_matmul_b_s8,,,0.358318823,ms,358318.823,0,,board_measured_b1_scaled_by_measured_region_factor_0.5883,matmul_b_s8,B=8;M=1;K=8;N=36;transpose_b=0,14333,pext_dot8_exact[curated[pext_nl]],measured,
1434,moonshine$dispatch_1434_linear_s8,,,1000000000,us,1000000000000,0,,excluded_unmeasured,linear_s8,M=1;K=288;N=288,,,excluded_unmeasured,"the roccmoon kernel #includes a hart-0-executable fallback body, so this cell is physically possible -- but no board run in this tree has measured it, and inventing a number here would be fiction"
1435,moonshine$dispatch_1435_add_s8,,,0.086053583,ms,86053.583,0,,board_measured_b1_scaled_by_measured_region_factor_0.5883,add_s8,n=288,3442,pext_int_add[curated[pext_nl]],measured,
1436,moonshine$dispatch_1436_layernorm_s8,,,0.474655147,ms,474655.147,0,,board_measured_b1_scaled_by_measured_region_factor_0.5883,layernorm_s8,M=1;K=288,18986,pext_int_rsqrt[curated[pext_nl]],measured,
1437,moonshine$dispatch_1437_linear_s8,,,1000000000,us,1000000000000,0,,excluded_unmeasured,linear_s8,M=1;K=288;N=288,,,excluded_unmeasured,"the roccmoon kernel #includes a hart-0-executable fallback body, so this cell is physically possible -- but no board run in this tree has measured it, and inventing a number here would be fiction"
1438,moonshine$dispatch_1438_matmul_b_s8,,,1.650696262,ms,1650696.262,0,,board_measured_b1_scaled_by_measured_region_factor_0.5883,matmul_b_s8,B=8;M=1;K=36;N=165;transpose_b=1,66028,pext_dot8_exact[curated[pext_nl]],measured,
1439,moonshine$dispatch_1439_softmax_s8,,,1.005345870,ms,1005345.870,0,,board_measured_b1_scaled_by_measured_region_factor_0.5883,softmax_s8,M=8;K=165,40214,pext_int_memo2[curated[pext_nl]],measured,
1440,moonshine$dispatch_1440_matmul_b_s8,,,1.517622803,ms,1517622.802,0,,board_measured_b1_scaled_by_measured_region_factor_0.5883,matmul_b_s8,B=8;M=1;K=165;N=36;transpose_b=1,60705,pext_dot8_exact[curated[pext_nl]],measured,
1441,moonshine$dispatch_1441_linear_s8,,,1000000000,us,1000000000000,0,,excluded_unmeasured,linear_s8,M=1;K=288;N=288,,,excluded_unmeasured,"the roccmoon kernel #includes a hart-0-executable fallback body, so this cell is physically possible -- but no board run in this tree has measured it, and inventing a number here would be fiction"
1442,moonshine$dispatch_1442_add_s8,,,0.082597320,ms,82597.320,0,,board_measured_b1_scaled_by_measured_region_factor_0.5883,add_s8,n=288,3304,pext_int_add[curated[pext_nl]],measured,
1443,moonshine$dispatch_1443_layernorm_s8,,,0.471419498,ms,471419.497,0,,board_measured_b1_scaled_by_measured_region_factor_0.5883,layernorm_s8,M=1;K=288,18857,pext_int_rsqrt[curated[pext_nl]],measured,
1444,moonshine$dispatch_1444_linear_s8,,,1000000000,us,1000000000000,0,,excluded_unmeasured,linear_s8,M=1;K=288;N=1152,,,excluded_unmeasured,"the roccmoon kernel #includes a hart-0-executable fallback body, so this cell is physically possible -- but no board run in this tree has measured it, and inventing a number here would be fiction"
1445,moonshine$dispatch_1445_silu_s8,,,0.760848390,ms,760848.390,0,,board_measured_b1_scaled_by_measured_region_factor_0.5883,silu_s8,n=1152,30434,pext_int_lut[curated[pext_nl]],measured,
1446,moonshine$dispatch_1446_linear_s8,,,1000000000,us,1000000000000,0,,excluded_unmeasured,linear_s8,M=1;K=288;N=1152,,,excluded_unmeasured,"the roccmoon kernel #includes a hart-0-executable fallback body, so this cell is physically possible -- but no board run in this tree has measured it, and inventing a number here would be fiction"
1447,moonshine$dispatch_1447_mul_s8,,,0.724153177,ms,724153.177,0,,board_measured_b1_scaled_by_measured_region_factor_0.5883,mul_s8,n=1152,28966,pext_int_mul[curated[pext_nl]],measured,
1448,moonshine$dispatch_1448_linear_s8,,,1000000000,us,1000000000000,0,,excluded_unmeasured,linear_s8,M=1;K=1152;N=288,,,excluded_unmeasured,"the roccmoon kernel #includes a hart-0-executable fallback body, so this cell is physically possible -- but no board run in this tree has measured it, and inventing a number here would be fiction"
1449,moonshine$dispatch_1449_add_s8,,,0.081523673,ms,81523.673,0,,board_measured_b1_scaled_by_measured_region_factor_0.5883,add_s8,n=288,3261,pext_int_add[curated[pext_nl]],measured,
1450,moonshine$dispatch_1450_layernorm_s8,,,0.468566243,ms,468566.242,0,,board_measured_b1_scaled_by_measured_region_factor_0.5883,layernorm_s8,M=1;K=288,18743,pext_int_rsqrt[curated[pext_nl]],measured,
1451,moonshine$dispatch_1451_linear_s8,,,1000000000,us,1000000000000,0,,excluded_unmeasured,linear_s8,M=1;K=288;N=288,,,excluded_unmeasured,"the roccmoon kernel #includes a hart-0-executable fallback body, so this cell is physically possible -- but no board run in this tree has measured it, and inventing a number here would be fiction"
1452,moonshine$dispatch_1452_rope_s8,,,0.145427760,ms,145427.760,0,,board_measured_b1_scaled_by_measured_region_factor_0.5883,rope_s8,T=1;H=8;D=36;R=32,5817,pext_int_rot[curated[pext_nl]],measured,
1453,moonshine$dispatch_1453_linear_s8,,,1000000000,us,1000000000000,0,,excluded_unmeasured,linear_s8,M=1;K=288;N=288,,,excluded_unmeasured,"the roccmoon kernel #includes a hart-0-executable fallback body, so this cell is physically possible -- but no board run in this tree has measured it, and inventing a number here would be fiction"
1454,moonshine$dispatch_1454_rope_s8,,,0.123734198,ms,123734.198,0,,board_measured_b1_scaled_by_measured_region_factor_0.5883,rope_s8,T=1;H=8;D=36;R=32,4949,pext_int_rot[curated[pext_nl]],measured,
1455,moonshine$dispatch_1455_linear_s8,,,1000000000,us,1000000000000,0,,excluded_unmeasured,linear_s8,M=1;K=288;N=288,,,excluded_unmeasured,"the roccmoon kernel #includes a hart-0-executable fallback body, so this cell is physically possible -- but no board run in this tree has measured it, and inventing a number here would be fiction"
1456,moonshine$dispatch_1456_cat2_c1_s8,,,0.535647150,ms,535647.150,0,,board_measured_b1_scaled_by_measured_region_factor_0.5883,cat2_c1_s8,N=1;H=288;W=1;C_inputs=7|1;C_total=8,21426,pext_memo_lut[curated[pext_nl]],measured,
1457,moonshine$dispatch_1457_cat2_c1_s8,,,0.519807172,ms,519807.172,0,,board_measured_b1_scaled_by_measured_region_factor_0.5883,cat2_c1_s8,N=1;H=288;W=1;C_inputs=7|1;C_total=8,20792,pext_memo_lut[curated[pext_nl]],measured,
1458,moonshine$dispatch_1458_permute4_s8,,,0.099143258,ms,99143.258,0,,board_measured_b1_scaled_by_measured_region_factor_0.5883,permute4_s8,d0=1;d1=8;d2=8;d3=36;p0=0;p1=2;p2=1;p3=3,3966,pext_block[curated[pext_nl]],measured,
1459,moonshine$dispatch_1459_permute4_s8,,,0.093319088,ms,93319.088,0,,board_measured_b1_scaled_by_measured_region_factor_0.5883,permute4_s8,d0=1;d1=8;d2=8;d3=36;p0=0;p1=2;p2=1;p3=3,3733,pext_block[curated[pext_nl]],measured,
1460,moonshine$dispatch_1460_matmul_b_s8,,,0.185196840,ms,185196.840,0,,board_measured_b1_scaled_by_measured_region_factor_0.5883,matmul_b_s8,B=8;M=1;K=36;N=8;transpose_b=1,7408,pext_dot8_exact[curated[pext_nl]],measured,
1461,moonshine$dispatch_1461_softmax_s8,,,0.267911820,ms,267911.820,0,,board_measured_b1_scaled_by_measured_region_factor_0.5883,softmax_s8,M=8;K=8,10716,pext_int_memo2[curated[pext_nl]],measured,
1462,moonshine$dispatch_1462_matmul_b_s8,,,0.356656875,ms,356656.875,0,,board_measured_b1_scaled_by_measured_region_factor_0.5883,matmul_b_s8,B=8;M=1;K=8;N=36;transpose_b=0,14266,pext_dot8_exact[curated[pext_nl]],measured,
1463,moonshine$dispatch_1463_linear_s8,,,1000000000,us,1000000000000,0,,excluded_unmeasured,linear_s8,M=1;K=288;N=288,,,excluded_unmeasured,"the roccmoon kernel #includes a hart-0-executable fallback body, so this cell is physically possible -- but no board run in this tree has measured it, and inventing a number here would be fiction"
1464,moonshine$dispatch_1464_add_s8,,,0.086215365,ms,86215.365,0,,board_measured_b1_scaled_by_measured_region_factor_0.5883,add_s8,n=288,3449,pext_int_add[curated[pext_nl]],measured,
1465,moonshine$dispatch_1465_layernorm_s8,,,0.472051920,ms,472051.920,0,,board_measured_b1_scaled_by_measured_region_factor_0.5883,layernorm_s8,M=1;K=288,18882,pext_int_rsqrt[curated[pext_nl]],measured,
1466,moonshine$dispatch_1466_linear_s8,,,1000000000,us,1000000000000,0,,excluded_unmeasured,linear_s8,M=1;K=288;N=288,,,excluded_unmeasured,"the roccmoon kernel #includes a hart-0-executable fallback body, so this cell is physically possible -- but no board run in this tree has measured it, and inventing a number here would be fiction"
1467,moonshine$dispatch_1467_matmul_b_s8,,,1.637312438,ms,1637312.438,0,,board_measured_b1_scaled_by_measured_region_factor_0.5883,matmul_b_s8,B=8;M=1;K=36;N=165;transpose_b=1,65492,pext_dot8_exact[curated[pext_nl]],measured,
1468,moonshine$dispatch_1468_softmax_s8,,,0.956664045,ms,956664.045,0,,board_measured_b1_scaled_by_measured_region_factor_0.5883,softmax_s8,M=8;K=165,38267,pext_int_memo2[curated[pext_nl]],measured,
1469,moonshine$dispatch_1469_matmul_b_s8,,,1.524623572,ms,1524623.573,0,,board_measured_b1_scaled_by_measured_region_factor_0.5883,matmul_b_s8,B=8;M=1;K=165;N=36;transpose_b=1,60985,pext_dot8_exact[curated[pext_nl]],measured,
1470,moonshine$dispatch_1470_linear_s8,,,1000000000,us,1000000000000,0,,excluded_unmeasured,linear_s8,M=1;K=288;N=288,,,excluded_unmeasured,"the roccmoon kernel #includes a hart-0-executable fallback body, so this cell is physically possible -- but no board run in this tree has measured it, and inventing a number here would be fiction"
1471,moonshine$dispatch_1471_add_s8,,,0.081347183,ms,81347.183,0,,board_measured_b1_scaled_by_measured_region_factor_0.5883,add_s8,n=288,3254,pext_int_add[curated[pext_nl]],measured,
1472,moonshine$dispatch_1472_layernorm_s8,,,0.469081005,ms,469081.005,0,,board_measured_b1_scaled_by_measured_region_factor_0.5883,layernorm_s8,M=1;K=288,18763,pext_int_rsqrt[curated[pext_nl]],measured,
1473,moonshine$dispatch_1473_linear_s8,,,1000000000,us,1000000000000,0,,excluded_unmeasured,linear_s8,M=1;K=288;N=1152,,,excluded_unmeasured,"the roccmoon kernel #includes a hart-0-executable fallback body, so this cell is physically possible -- but no board run in this tree has measured it, and inventing a number here would be fiction"
1474,moonshine$dispatch_1474_silu_s8,,,0.821781563,ms,821781.563,0,,board_measured_b1_scaled_by_measured_region_factor_0.5883,silu_s8,n=1152,32871,pext_int_lut[curated[pext_nl]],measured,
1475,moonshine$dispatch_1475_linear_s8,,,1000000000,us,1000000000000,0,,excluded_unmeasured,linear_s8,M=1;K=288;N=1152,,,excluded_unmeasured,"the roccmoon kernel #includes a hart-0-executable fallback body, so this cell is physically possible -- but no board run in this tree has measured it, and inventing a number here would be fiction"
1476,moonshine$dispatch_1476_mul_s8,,,0.728035958,ms,728035.958,0,,board_measured_b1_scaled_by_measured_region_factor_0.5883,mul_s8,n=1152,29121,pext_int_mul[curated[pext_nl]],measured,
1477,moonshine$dispatch_1477_linear_s8,,,1000000000,us,1000000000000,0,,excluded_unmeasured,linear_s8,M=1;K=1152;N=288,,,excluded_unmeasured,"the roccmoon kernel #includes a hart-0-executable fallback body, so this cell is physically possible -- but no board run in this tree has measured it, and inventing a number here would be fiction"
1478,moonshine$dispatch_1478_add_s8,,,0.084244560,ms,84244.560,0,,board_measured_b1_scaled_by_measured_region_factor_0.5883,add_s8,n=288,3370,pext_int_add[curated[pext_nl]],measured,
1479,moonshine$dispatch_1479_layernorm_s8,,,0.464109870,ms,464109.870,0,,board_measured_b1_scaled_by_measured_region_factor_0.5883,layernorm_s8,M=1;K=288,18564,pext_int_rsqrt[curated[pext_nl]],measured,
1480,moonshine$dispatch_1480_linear_s8,,,1000000000,us,1000000000000,0,,excluded_unmeasured,linear_s8,M=1;K=288;N=288,,,excluded_unmeasured,"the roccmoon kernel #includes a hart-0-executable fallback body, so this cell is physically possible -- but no board run in this tree has measured it, and inventing a number here would be fiction"
1481,moonshine$dispatch_1481_rope_s8,,,0.140927265,ms,140927.265,0,,board_measured_b1_scaled_by_measured_region_factor_0.5883,rope_s8,T=1;H=8;D=36;R=32,5637,pext_int_rot[curated[pext_nl]],measured,
1482,moonshine$dispatch_1482_linear_s8,,,1000000000,us,1000000000000,0,,excluded_unmeasured,linear_s8,M=1;K=288;N=288,,,excluded_unmeasured,"the roccmoon kernel #includes a hart-0-executable fallback body, so this cell is physically possible -- but no board run in this tree has measured it, and inventing a number here would be fiction"
1483,moonshine$dispatch_1483_rope_s8,,,0.124940212,ms,124940.212,0,,board_measured_b1_scaled_by_measured_region_factor_0.5883,rope_s8,T=1;H=8;D=36;R=32,4998,pext_int_rot[curated[pext_nl]],measured,
1484,moonshine$dispatch_1484_linear_s8,,,1000000000,us,1000000000000,0,,excluded_unmeasured,linear_s8,M=1;K=288;N=288,,,excluded_unmeasured,"the roccmoon kernel #includes a hart-0-executable fallback body, so this cell is physically possible -- but no board run in this tree has measured it, and inventing a number here would be fiction"
1485,moonshine$dispatch_1485_cat2_c1_s8,,,0.533896957,ms,533896.958,0,,board_measured_b1_scaled_by_measured_region_factor_0.5883,cat2_c1_s8,N=1;H=288;W=1;C_inputs=7|1;C_total=8,21356,pext_memo_lut[curated[pext_nl]],measured,
1486,moonshine$dispatch_1486_cat2_c1_s8,,,0.519410070,ms,519410.070,0,,board_measured_b1_scaled_by_measured_region_factor_0.5883,cat2_c1_s8,N=1;H=288;W=1;C_inputs=7|1;C_total=8,20776,pext_memo_lut[curated[pext_nl]],measured,
1487,moonshine$dispatch_1487_permute4_s8,,,0.100172783,ms,100172.783,0,,board_measured_b1_scaled_by_measured_region_factor_0.5883,permute4_s8,d0=1;d1=8;d2=8;d3=36;p0=0;p1=2;p2=1;p3=3,4007,pext_block[curated[pext_nl]],measured,
1488,moonshine$dispatch_1488_permute4_s8,,,0.090745275,ms,90745.275,0,,board_measured_b1_scaled_by_measured_region_factor_0.5883,permute4_s8,d0=1;d1=8;d2=8;d3=36;p0=0;p1=2;p2=1;p3=3,3630,pext_block[curated[pext_nl]],measured,
1489,moonshine$dispatch_1489_matmul_b_s8,,,0.183476063,ms,183476.062,0,,board_measured_b1_scaled_by_measured_region_factor_0.5883,matmul_b_s8,B=8;M=1;K=36;N=8;transpose_b=1,7339,pext_dot8_exact[curated[pext_nl]],measured,
1490,moonshine$dispatch_1490_softmax_s8,,,0.255425153,ms,255425.153,0,,board_measured_b1_scaled_by_measured_region_factor_0.5883,softmax_s8,M=8;K=8,10217,pext_int_memo2[curated[pext_nl]],measured,
1491,moonshine$dispatch_1491_matmul_b_s8,,,0.357083393,ms,357083.393,0,,board_measured_b1_scaled_by_measured_region_factor_0.5883,matmul_b_s8,B=8;M=1;K=8;N=36;transpose_b=0,14283,pext_dot8_exact[curated[pext_nl]],measured,
1492,moonshine$dispatch_1492_linear_s8,,,1000000000,us,1000000000000,0,,excluded_unmeasured,linear_s8,M=1;K=288;N=288,,,excluded_unmeasured,"the roccmoon kernel #includes a hart-0-executable fallback body, so this cell is physically possible -- but no board run in this tree has measured it, and inventing a number here would be fiction"
1493,moonshine$dispatch_1493_add_s8,,,0.083920995,ms,83920.995,0,,board_measured_b1_scaled_by_measured_region_factor_0.5883,add_s8,n=288,3357,pext_int_add[curated[pext_nl]],measured,
1494,moonshine$dispatch_1494_layernorm_s8,,,0.479170350,ms,479170.350,0,,board_measured_b1_scaled_by_measured_region_factor_0.5883,layernorm_s8,M=1;K=288,19167,pext_int_rsqrt[curated[pext_nl]],measured,
1495,moonshine$dispatch_1495_linear_s8,,,1000000000,us,1000000000000,0,,excluded_unmeasured,linear_s8,M=1;K=288;N=288,,,excluded_unmeasured,"the roccmoon kernel #includes a hart-0-executable fallback body, so this cell is physically possible -- but no board run in this tree has measured it, and inventing a number here would be fiction"
1496,moonshine$dispatch_1496_matmul_b_s8,,,1.648195988,ms,1648195.988,0,,board_measured_b1_scaled_by_measured_region_factor_0.5883,matmul_b_s8,B=8;M=1;K=36;N=165;transpose_b=1,65928,pext_dot8_exact[curated[pext_nl]],measured,
1497,moonshine$dispatch_1497_softmax_s8,,,0.966591608,ms,966591.608,0,,board_measured_b1_scaled_by_measured_region_factor_0.5883,softmax_s8,M=8;K=165,38664,pext_int_memo2[curated[pext_nl]],measured,
1498,moonshine$dispatch_1498_matmul_b_s8,,,1.517034503,ms,1517034.502,0,,board_measured_b1_scaled_by_measured_region_factor_0.5883,matmul_b_s8,B=8;M=1;K=165;N=36;transpose_b=1,60681,pext_dot8_exact[curated[pext_nl]],measured,
1499,moonshine$dispatch_1499_linear_s8,,,1000000000,us,1000000000000,0,,excluded_unmeasured,linear_s8,M=1;K=288;N=288,,,excluded_unmeasured,"the roccmoon kernel #includes a hart-0-executable fallback body, so this cell is physically possible -- but no board run in this tree has measured it, and inventing a number here would be fiction"
1500,moonshine$dispatch_1500_add_s8,,,0.084921105,ms,84921.105,0,,board_measured_b1_scaled_by_measured_region_factor_0.5883,add_s8,n=288,3397,pext_int_add[curated[pext_nl]],measured,
1501,moonshine$dispatch_1501_layernorm_s8,,,0.463595107,ms,463595.107,0,,board_measured_b1_scaled_by_measured_region_factor_0.5883,layernorm_s8,M=1;K=288,18544,pext_int_rsqrt[curated[pext_nl]],measured,
1502,moonshine$dispatch_1502_linear_s8,,,1000000000,us,1000000000000,0,,excluded_unmeasured,linear_s8,M=1;K=288;N=1152,,,excluded_unmeasured,"the roccmoon kernel #includes a hart-0-executable fallback body, so this cell is physically possible -- but no board run in this tree has measured it, and inventing a number here would be fiction"
1503,moonshine$dispatch_1503_silu_s8,,,0.793057815,ms,793057.815,0,,board_measured_b1_scaled_by_measured_region_factor_0.5883,silu_s8,n=1152,31722,pext_int_lut[curated[pext_nl]],measured,
1504,moonshine$dispatch_1504_linear_s8,,,1000000000,us,1000000000000,0,,excluded_unmeasured,linear_s8,M=1;K=288;N=1152,,,excluded_unmeasured,"the roccmoon kernel #includes a hart-0-executable fallback body, so this cell is physically possible -- but no board run in this tree has measured it, and inventing a number here would be fiction"
1505,moonshine$dispatch_1505_mul_s8,,,0.724064933,ms,724064.932,0,,board_measured_b1_scaled_by_measured_region_factor_0.5883,mul_s8,n=1152,28963,pext_int_mul[curated[pext_nl]],measured,
1506,moonshine$dispatch_1506_linear_s8,,,1000000000,us,1000000000000,0,,excluded_unmeasured,linear_s8,M=1;K=1152;N=288,,,excluded_unmeasured,"the roccmoon kernel #includes a hart-0-executable fallback body, so this cell is physically possible -- but no board run in this tree has measured it, and inventing a number here would be fiction"
1507,moonshine$dispatch_1507_add_s8,,,0.080670638,ms,80670.638,0,,board_measured_b1_scaled_by_measured_region_factor_0.5883,add_s8,n=288,3227,pext_int_add[curated[pext_nl]],measured,
1508,moonshine$dispatch_1508_layernorm_s8,,,0.468419168,ms,468419.168,0,,board_measured_b1_scaled_by_measured_region_factor_0.5883,layernorm_s8,M=1;K=288,18737,pext_int_rsqrt[curated[pext_nl]],measured,
1509,moonshine$dispatch_1509_linear_s8,,,1000000000,us,1000000000000,0,,excluded_unmeasured,linear_s8,M=1;K=288;N=288,,,excluded_unmeasured,"the roccmoon kernel #includes a hart-0-executable fallback body, so this cell is physically possible -- but no board run in this tree has measured it, and inventing a number here would be fiction"
1510,moonshine$dispatch_1510_rope_s8,,,0.189873825,ms,189873.825,0,,board_measured_b1_scaled_by_measured_region_factor_0.5883,rope_s8,T=1;H=8;D=36;R=32,7595,pext_int_rot[curated[pext_nl]],measured,
1511,moonshine$dispatch_1511_linear_s8,,,1000000000,us,1000000000000,0,,excluded_unmeasured,linear_s8,M=1;K=288;N=288,,,excluded_unmeasured,"the roccmoon kernel #includes a hart-0-executable fallback body, so this cell is physically possible -- but no board run in this tree has measured it, and inventing a number here would be fiction"
1512,moonshine$dispatch_1512_rope_s8,,,0.126808065,ms,126808.065,0,,board_measured_b1_scaled_by_measured_region_factor_0.5883,rope_s8,T=1;H=8;D=36;R=32,5072,pext_int_rot[curated[pext_nl]],measured,
1513,moonshine$dispatch_1513_linear_s8,,,1000000000,us,1000000000000,0,,excluded_unmeasured,linear_s8,M=1;K=288;N=288,,,excluded_unmeasured,"the roccmoon kernel #includes a hart-0-executable fallback body, so this cell is physically possible -- but no board run in this tree has measured it, and inventing a number here would be fiction"
1514,moonshine$dispatch_1514_cat2_c1_s8,,,0.532337963,ms,532337.963,0,,board_measured_b1_scaled_by_measured_region_factor_0.5883,cat2_c1_s8,N=1;H=288;W=1;C_inputs=7|1;C_total=8,21294,pext_memo_lut[curated[pext_nl]],measured,
1515,moonshine$dispatch_1515_cat2_c1_s8,,,0.517453973,ms,517453.973,0,,board_measured_b1_scaled_by_measured_region_factor_0.5883,cat2_c1_s8,N=1;H=288;W=1;C_inputs=7|1;C_total=8,20698,pext_memo_lut[curated[pext_nl]],measured,
1516,moonshine$dispatch_1516_permute4_s8,,,0.096084098,ms,96084.098,0,,board_measured_b1_scaled_by_measured_region_factor_0.5883,permute4_s8,d0=1;d1=8;d2=8;d3=36;p0=0;p1=2;p2=1;p3=3,3843,pext_block[curated[pext_nl]],measured,
1517,moonshine$dispatch_1517_permute4_s8,,,0.088745055,ms,88745.055,0,,board_measured_b1_scaled_by_measured_region_factor_0.5883,permute4_s8,d0=1;d1=8;d2=8;d3=36;p0=0;p1=2;p2=1;p3=3,3550,pext_block[curated[pext_nl]],measured,
1518,moonshine$dispatch_1518_matmul_b_s8,,,0.178666710,ms,178666.710,0,,board_measured_b1_scaled_by_measured_region_factor_0.5883,matmul_b_s8,B=8;M=1;K=36;N=8;transpose_b=1,7147,pext_dot8_exact[curated[pext_nl]],measured,
1519,moonshine$dispatch_1519_softmax_s8,,,0.263573108,ms,263573.108,0,,board_measured_b1_scaled_by_measured_region_factor_0.5883,softmax_s8,M=8;K=8,10543,pext_int_memo2[curated[pext_nl]],measured,
1520,moonshine$dispatch_1520_matmul_b_s8,,,0.361304445,ms,361304.445,0,,board_measured_b1_scaled_by_measured_region_factor_0.5883,matmul_b_s8,B=8;M=1;K=8;N=36;transpose_b=0,14452,pext_dot8_exact[curated[pext_nl]],measured,
1521,moonshine$dispatch_1521_linear_s8,,,1000000000,us,1000000000000,0,,excluded_unmeasured,linear_s8,M=1;K=288;N=288,,,excluded_unmeasured,"the roccmoon kernel #includes a hart-0-executable fallback body, so this cell is physically possible -- but no board run in this tree has measured it, and inventing a number here would be fiction"
1522,moonshine$dispatch_1522_add_s8,,,0.087480210,ms,87480.210,0,,board_measured_b1_scaled_by_measured_region_factor_0.5883,add_s8,n=288,3499,pext_int_add[curated[pext_nl]],measured,
1523,moonshine$dispatch_1523_layernorm_s8,,,0.473728575,ms,473728.575,0,,board_measured_b1_scaled_by_measured_region_factor_0.5883,layernorm_s8,M=1;K=288,18949,pext_int_rsqrt[curated[pext_nl]],measured,
1524,moonshine$dispatch_1524_linear_s8,,,1000000000,us,1000000000000,0,,excluded_unmeasured,linear_s8,M=1;K=288;N=288,,,excluded_unmeasured,"the roccmoon kernel #includes a hart-0-executable fallback body, so this cell is physically possible -- but no board run in this tree has measured it, and inventing a number here would be fiction"
1525,moonshine$dispatch_1525_matmul_b_s8,,,1.650313868,ms,1650313.868,0,,board_measured_b1_scaled_by_measured_region_factor_0.5883,matmul_b_s8,B=8;M=1;K=36;N=165;transpose_b=1,66013,pext_dot8_exact[curated[pext_nl]],measured,
1526,moonshine$dispatch_1526_softmax_s8,,,0.965267933,ms,965267.933,0,,board_measured_b1_scaled_by_measured_region_factor_0.5883,softmax_s8,M=8;K=165,38611,pext_int_memo2[curated[pext_nl]],measured,
1527,moonshine$dispatch_1527_matmul_b_s8,,,1.517269823,ms,1517269.823,0,,board_measured_b1_scaled_by_measured_region_factor_0.5883,matmul_b_s8,B=8;M=1;K=165;N=36;transpose_b=1,60691,pext_dot8_exact[curated[pext_nl]],measured,
1528,moonshine$dispatch_1528_linear_s8,,,1000000000,us,1000000000000,0,,excluded_unmeasured,linear_s8,M=1;K=288;N=288,,,excluded_unmeasured,"the roccmoon kernel #includes a hart-0-executable fallback body, so this cell is physically possible -- but no board run in this tree has measured it, and inventing a number here would be fiction"
1529,moonshine$dispatch_1529_add_s8,,,0.084744615,ms,84744.615,0,,board_measured_b1_scaled_by_measured_region_factor_0.5883,add_s8,n=288,3390,pext_int_add[curated[pext_nl]],measured,
1530,moonshine$dispatch_1530_layernorm_s8,,,0.473919773,ms,473919.773,0,,board_measured_b1_scaled_by_measured_region_factor_0.5883,layernorm_s8,M=1;K=288,18957,pext_int_rsqrt[curated[pext_nl]],measured,
1531,moonshine$dispatch_1531_linear_s8,,,1000000000,us,1000000000000,0,,excluded_unmeasured,linear_s8,M=1;K=288;N=1152,,,excluded_unmeasured,"the roccmoon kernel #includes a hart-0-executable fallback body, so this cell is physically possible -- but no board run in this tree has measured it, and inventing a number here would be fiction"
1532,moonshine$dispatch_1532_silu_s8,,,0.753053415,ms,753053.415,0,,board_measured_b1_scaled_by_measured_region_factor_0.5883,silu_s8,n=1152,30122,pext_int_lut[curated[pext_nl]],measured,
1533,moonshine$dispatch_1533_linear_s8,,,1000000000,us,1000000000000,0,,excluded_unmeasured,linear_s8,M=1;K=288;N=1152,,,excluded_unmeasured,"the roccmoon kernel #includes a hart-0-executable fallback body, so this cell is physically possible -- but no board run in this tree has measured it, and inventing a number here would be fiction"
1534,moonshine$dispatch_1534_mul_s8,,,0.722785380,ms,722785.380,0,,board_measured_b1_scaled_by_measured_region_factor_0.5883,mul_s8,n=1152,28911,pext_int_mul[curated[pext_nl]],measured,
1535,moonshine$dispatch_1535_linear_s8,,,1000000000,us,1000000000000,0,,excluded_unmeasured,linear_s8,M=1;K=1152;N=288,,,excluded_unmeasured,"the roccmoon kernel #includes a hart-0-executable fallback body, so this cell is physically possible -- but no board run in this tree has measured it, and inventing a number here would be fiction"
1536,moonshine$dispatch_1536_add_s8,,,0.081111863,ms,81111.863,0,,board_measured_b1_scaled_by_measured_region_factor_0.5883,add_s8,n=288,3244,pext_int_add[curated[pext_nl]],measured,
1537,moonshine$dispatch_1537_layernorm_s8,,,0.461889037,ms,461889.037,0,,board_measured_b1_scaled_by_measured_region_factor_0.5883,layernorm_s8,M=1;K=288,18476,pext_int_rsqrt[curated[pext_nl]],measured,
1538,moonshine$dispatch_1538_linear_s8,,,1000000000,us,1000000000000,0,,excluded_unmeasured,linear_s8,M=1;K=288;N=16384,,,excluded_unmeasured,"the roccmoon kernel #includes a hart-0-executable fallback body, so this cell is physically possible -- but no board run in this tree has measured it, and inventing a number here would be fiction"
1539,moonshine$dispatch_1539_linear_s8,,,1000000000,us,1000000000000,0,,excluded_unmeasured,linear_s8,M=1;K=288;N=16384,,,excluded_unmeasured,"the roccmoon kernel #includes a hart-0-executable fallback body, so this cell is physically possible -- but no board run in this tree has measured it, and inventing a number here would be fiction"
1540,moonshine$dispatch_1540_cat2_c1_s8,,,0.794543273,ms,794543.273,0,,board_measured_b1_scaled_by_measured_region_factor_0.5883,cat2_c1_s8,N=1;H=1;W=1;C_inputs=16384|16384;C_total=32768,31782,pext_memo_lut[curated[pext_nl]],measured,
1541,moonshine$dispatch_1541_layernorm_s8,,,0.468286800,ms,468286.800,0,,board_measured_b1_scaled_by_measured_region_factor_0.5883,layernorm_s8,M=1;K=288,18731,pext_int_rsqrt[curated[pext_nl]],measured,
1542,moonshine$dispatch_1542_linear_s8,,,1000000000,us,1000000000000,0,,excluded_unmeasured,linear_s8,M=1;K=288;N=288,,,excluded_unmeasured,"the roccmoon kernel #includes a hart-0-executable fallback body, so this cell is physically possible -- but no board run in this tree has measured it, and inventing a number here would be fiction"
1543,moonshine$dispatch_1543_rope_s8,,,0.140397795,ms,140397.795,0,,board_measured_b1_scaled_by_measured_region_factor_0.5883,rope_s8,T=1;H=8;D=36;R=32,5616,pext_int_rot[curated[pext_nl]],measured,
1544,moonshine$dispatch_1544_linear_s8,,,1000000000,us,1000000000000,0,,excluded_unmeasured,linear_s8,M=1;K=288;N=288,,,excluded_unmeasured,"the roccmoon kernel #includes a hart-0-executable fallback body, so this cell is physically possible -- but no board run in this tree has measured it, and inventing a number here would be fiction"
1545,moonshine$dispatch_1545_rope_s8,,,0.125381438,ms,125381.438,0,,board_measured_b1_scaled_by_measured_region_factor_0.5883,rope_s8,T=1;H=8;D=36;R=32,5015,pext_int_rot[curated[pext_nl]],measured,
1546,moonshine$dispatch_1546_linear_s8,,,1000000000,us,1000000000000,0,,excluded_unmeasured,linear_s8,M=1;K=288;N=288,,,excluded_unmeasured,"the roccmoon kernel #includes a hart-0-executable fallback body, so this cell is physically possible -- but no board run in this tree has measured it, and inventing a number here would be fiction"
1547,moonshine$dispatch_1547_cat2_c1_s8,,,0.580607978,ms,580607.978,0,,board_measured_b1_scaled_by_measured_region_factor_0.5883,cat2_c1_s8,N=1;H=288;W=1;C_inputs=8|1;C_total=9,23224,pext_memo_lut[curated[pext_nl]],measured,
1548,moonshine$dispatch_1548_cat2_c1_s8,,,0.569400862,ms,569400.863,0,,board_measured_b1_scaled_by_measured_region_factor_0.5883,cat2_c1_s8,N=1;H=288;W=1;C_inputs=8|1;C_total=9,22776,pext_memo_lut[curated[pext_nl]],measured,
1549,moonshine$dispatch_1549_permute4_s8,,,0.111012210,ms,111012.210,0,,board_measured_b1_scaled_by_measured_region_factor_0.5883,permute4_s8,d0=1;d1=9;d2=8;d3=36;p0=0;p1=2;p2=1;p3=3,4440,pext_block[curated[pext_nl]],measured,
1550,moonshine$dispatch_1550_permute4_s8,,,0.102923085,ms,102923.085,0,,board_measured_b1_scaled_by_measured_region_factor_0.5883,permute4_s8,d0=1;d1=9;d2=8;d3=36;p0=0;p1=2;p2=1;p3=3,4117,pext_block[curated[pext_nl]],measured,
1551,moonshine$dispatch_1551_matmul_b_s8,,,0.190535663,ms,190535.663,0,,board_measured_b1_scaled_by_measured_region_factor_0.5883,matmul_b_s8,B=8;M=1;K=36;N=9;transpose_b=1,7621,pext_dot8_exact[curated[pext_nl]],measured,
1552,moonshine$dispatch_1552_softmax_s8,,,0.256086990,ms,256086.990,0,,board_measured_b1_scaled_by_measured_region_factor_0.5883,softmax_s8,M=8;K=9,10243,pext_int_memo2[curated[pext_nl]],measured,
1553,moonshine$dispatch_1553_matmul_b_s8,,,0.450726045,ms,450726.045,0,,board_measured_b1_scaled_by_measured_region_factor_0.5883,matmul_b_s8,B=8;M=1;K=9;N=36;transpose_b=0,18029,pext_dot8_exact[curated[pext_nl]],measured,
1554,moonshine$dispatch_1554_linear_s8,,,1000000000,us,1000000000000,0,,excluded_unmeasured,linear_s8,M=1;K=288;N=288,,,excluded_unmeasured,"the roccmoon kernel #includes a hart-0-executable fallback body, so this cell is physically possible -- but no board run in this tree has measured it, and inventing a number here would be fiction"
1555,moonshine$dispatch_1555_add_s8,,,0.089377478,ms,89377.478,0,,board_measured_b1_scaled_by_measured_region_factor_0.5883,add_s8,n=288,3575,pext_int_add[curated[pext_nl]],measured,
1556,moonshine$dispatch_1556_layernorm_s8,,,0.473728575,ms,473728.575,0,,board_measured_b1_scaled_by_measured_region_factor_0.5883,layernorm_s8,M=1;K=288,18949,pext_int_rsqrt[curated[pext_nl]],measured,
1557,moonshine$dispatch_1557_linear_s8,,,1000000000,us,1000000000000,0,,excluded_unmeasured,linear_s8,M=1;K=288;N=288,,,excluded_unmeasured,"the roccmoon kernel #includes a hart-0-executable fallback body, so this cell is physically possible -- but no board run in this tree has measured it, and inventing a number here would be fiction"
1558,moonshine$dispatch_1558_matmul_b_s8,,,1.696951350,ms,1696951.350,0,,board_measured_b1_scaled_by_measured_region_factor_0.5883,matmul_b_s8,B=8;M=1;K=36;N=165;transpose_b=1,67878,pext_dot8_exact[curated[pext_nl]],measured,
1559,moonshine$dispatch_1559_softmax_s8,,,1.181468183,ms,1181468.183,0,,board_measured_b1_scaled_by_measured_region_factor_0.5883,softmax_s8,M=8;K=165,47259,pext_int_memo2[curated[pext_nl]],measured,
1560,moonshine$dispatch_1560_matmul_b_s8,,,1.521843855,ms,1521843.855,0,,board_measured_b1_scaled_by_measured_region_factor_0.5883,matmul_b_s8,B=8;M=1;K=165;N=36;transpose_b=1,60874,pext_dot8_exact[curated[pext_nl]],measured,
1561,moonshine$dispatch_1561_linear_s8,,,1000000000,us,1000000000000,0,,excluded_unmeasured,linear_s8,M=1;K=288;N=288,,,excluded_unmeasured,"the roccmoon kernel #includes a hart-0-executable fallback body, so this cell is physically possible -- but no board run in this tree has measured it, and inventing a number here would be fiction"
1562,moonshine$dispatch_1562_add_s8,,,0.084347513,ms,84347.513,0,,board_measured_b1_scaled_by_measured_region_factor_0.5883,add_s8,n=288,3374,pext_int_add[curated[pext_nl]],measured,
1563,moonshine$dispatch_1563_layernorm_s8,,,0.466860173,ms,466860.173,0,,board_measured_b1_scaled_by_measured_region_factor_0.5883,layernorm_s8,M=1;K=288,18674,pext_int_rsqrt[curated[pext_nl]],measured,
1564,moonshine$dispatch_1564_linear_s8,,,1000000000,us,1000000000000,0,,excluded_unmeasured,linear_s8,M=1;K=288;N=1152,,,excluded_unmeasured,"the roccmoon kernel #includes a hart-0-executable fallback body, so this cell is physically possible -- but no board run in this tree has measured it, and inventing a number here would be fiction"
1565,moonshine$dispatch_1565_silu_s8,,,0.802588275,ms,802588.275,0,,board_measured_b1_scaled_by_measured_region_factor_0.5883,silu_s8,n=1152,32104,pext_int_lut[curated[pext_nl]],measured,
1566,moonshine$dispatch_1566_linear_s8,,,1000000000,us,1000000000000,0,,excluded_unmeasured,linear_s8,M=1;K=288;N=1152,,,excluded_unmeasured,"the roccmoon kernel #includes a hart-0-executable fallback body, so this cell is physically possible -- but no board run in this tree has measured it, and inventing a number here would be fiction"
1567,moonshine$dispatch_1567_mul_s8,,,0.723388388,ms,723388.387,0,,board_measured_b1_scaled_by_measured_region_factor_0.5883,mul_s8,n=1152,28936,pext_int_mul[curated[pext_nl]],measured,
1568,moonshine$dispatch_1568_linear_s8,,,1000000000,us,1000000000000,0,,excluded_unmeasured,linear_s8,M=1;K=1152;N=288,,,excluded_unmeasured,"the roccmoon kernel #includes a hart-0-executable fallback body, so this cell is physically possible -- but no board run in this tree has measured it, and inventing a number here would be fiction"
1569,moonshine$dispatch_1569_add_s8,,,0.082906178,ms,82906.178,0,,board_measured_b1_scaled_by_measured_region_factor_0.5883,add_s8,n=288,3316,pext_int_add[curated[pext_nl]],measured,
1570,moonshine$dispatch_1570_layernorm_s8,,,0.471331253,ms,471331.253,0,,board_measured_b1_scaled_by_measured_region_factor_0.5883,layernorm_s8,M=1;K=288,18853,pext_int_rsqrt[curated[pext_nl]],measured,
1571,moonshine$dispatch_1571_linear_s8,,,1000000000,us,1000000000000,0,,excluded_unmeasured,linear_s8,M=1;K=288;N=288,,,excluded_unmeasured,"the roccmoon kernel #includes a hart-0-executable fallback body, so this cell is physically possible -- but no board run in this tree has measured it, and inventing a number here would be fiction"
1572,moonshine$dispatch_1572_rope_s8,,,0.142486260,ms,142486.260,0,,board_measured_b1_scaled_by_measured_region_factor_0.5883,rope_s8,T=1;H=8;D=36;R=32,5699,pext_int_rot[curated[pext_nl]],measured,
1573,moonshine$dispatch_1573_linear_s8,,,1000000000,us,1000000000000,0,,excluded_unmeasured,linear_s8,M=1;K=288;N=288,,,excluded_unmeasured,"the roccmoon kernel #includes a hart-0-executable fallback body, so this cell is physically possible -- but no board run in this tree has measured it, and inventing a number here would be fiction"
1574,moonshine$dispatch_1574_rope_s8,,,0.126969848,ms,126969.848,0,,board_measured_b1_scaled_by_measured_region_factor_0.5883,rope_s8,T=1;H=8;D=36;R=32,5079,pext_int_rot[curated[pext_nl]],measured,
1575,moonshine$dispatch_1575_linear_s8,,,1000000000,us,1000000000000,0,,excluded_unmeasured,linear_s8,M=1;K=288;N=288,,,excluded_unmeasured,"the roccmoon kernel #includes a hart-0-executable fallback body, so this cell is physically possible -- but no board run in this tree has measured it, and inventing a number here would be fiction"
1576,moonshine$dispatch_1576_cat2_c1_s8,,,0.575636843,ms,575636.843,0,,board_measured_b1_scaled_by_measured_region_factor_0.5883,cat2_c1_s8,N=1;H=288;W=1;C_inputs=8|1;C_total=9,23025,pext_memo_lut[curated[pext_nl]],measured,
1577,moonshine$dispatch_1577_cat2_c1_s8,,,0.566459363,ms,566459.363,0,,board_measured_b1_scaled_by_measured_region_factor_0.5883,cat2_c1_s8,N=1;H=288;W=1;C_inputs=8|1;C_total=9,22658,pext_memo_lut[curated[pext_nl]],measured,
1578,moonshine$dispatch_1578_permute4_s8,,,0.109276725,ms,109276.725,0,,board_measured_b1_scaled_by_measured_region_factor_0.5883,permute4_s8,d0=1;d1=9;d2=8;d3=36;p0=0;p1=2;p2=1;p3=3,4371,pext_block[curated[pext_nl]],measured,
1579,moonshine$dispatch_1579_permute4_s8,,,0.101761193,ms,101761.193,0,,board_measured_b1_scaled_by_measured_region_factor_0.5883,permute4_s8,d0=1;d1=9;d2=8;d3=36;p0=0;p1=2;p2=1;p3=3,4070,pext_block[curated[pext_nl]],measured,
1580,moonshine$dispatch_1580_matmul_b_s8,,,0.184667370,ms,184667.370,0,,board_measured_b1_scaled_by_measured_region_factor_0.5883,matmul_b_s8,B=8;M=1;K=36;N=9;transpose_b=1,7387,pext_dot8_exact[curated[pext_nl]],measured,
1581,moonshine$dispatch_1581_softmax_s8,,,0.264484973,ms,264484.973,0,,board_measured_b1_scaled_by_measured_region_factor_0.5883,softmax_s8,M=8;K=9,10579,pext_int_memo2[curated[pext_nl]],measured,
1582,moonshine$dispatch_1582_matmul_b_s8,,,0.450917243,ms,450917.243,0,,board_measured_b1_scaled_by_measured_region_factor_0.5883,matmul_b_s8,B=8;M=1;K=9;N=36;transpose_b=0,18037,pext_dot8_exact[curated[pext_nl]],measured,
1583,moonshine$dispatch_1583_linear_s8,,,1000000000,us,1000000000000,0,,excluded_unmeasured,linear_s8,M=1;K=288;N=288,,,excluded_unmeasured,"the roccmoon kernel #includes a hart-0-executable fallback body, so this cell is physically possible -- but no board run in this tree has measured it, and inventing a number here would be fiction"
1584,moonshine$dispatch_1584_add_s8,,,0.084406343,ms,84406.343,0,,board_measured_b1_scaled_by_measured_region_factor_0.5883,add_s8,n=288,3376,pext_int_add[curated[pext_nl]],measured,
1585,moonshine$dispatch_1585_layernorm_s8,,,0.470434095,ms,470434.095,0,,board_measured_b1_scaled_by_measured_region_factor_0.5883,layernorm_s8,M=1;K=288,18817,pext_int_rsqrt[curated[pext_nl]],measured,
1586,moonshine$dispatch_1586_linear_s8,,,1000000000,us,1000000000000,0,,excluded_unmeasured,linear_s8,M=1;K=288;N=288,,,excluded_unmeasured,"the roccmoon kernel #includes a hart-0-executable fallback body, so this cell is physically possible -- but no board run in this tree has measured it, and inventing a number here would be fiction"
1587,moonshine$dispatch_1587_matmul_b_s8,,,1.674257677,ms,1674257.677,0,,board_measured_b1_scaled_by_measured_region_factor_0.5883,matmul_b_s8,B=8;M=1;K=36;N=165;transpose_b=1,66970,pext_dot8_exact[curated[pext_nl]],measured,
1588,moonshine$dispatch_1588_softmax_s8,,,1.143714030,ms,1143714.030,0,,board_measured_b1_scaled_by_measured_region_factor_0.5883,softmax_s8,M=8;K=165,45749,pext_int_memo2[curated[pext_nl]],measured,
1589,moonshine$dispatch_1589_matmul_b_s8,,,1.504930230,ms,1504930.230,0,,board_measured_b1_scaled_by_measured_region_factor_0.5883,matmul_b_s8,B=8;M=1;K=165;N=36;transpose_b=1,60197,pext_dot8_exact[curated[pext_nl]],measured,
1590,moonshine$dispatch_1590_linear_s8,,,1000000000,us,1000000000000,0,,excluded_unmeasured,linear_s8,M=1;K=288;N=288,,,excluded_unmeasured,"the roccmoon kernel #includes a hart-0-executable fallback body, so this cell is physically possible -- but no board run in this tree has measured it, and inventing a number here would be fiction"
1591,moonshine$dispatch_1591_add_s8,,,0.079758773,ms,79758.773,0,,board_measured_b1_scaled_by_measured_region_factor_0.5883,add_s8,n=288,3190,pext_int_add[curated[pext_nl]],measured,
1592,moonshine$dispatch_1592_layernorm_s8,,,0.465565913,ms,465565.913,0,,board_measured_b1_scaled_by_measured_region_factor_0.5883,layernorm_s8,M=1;K=288,18623,pext_int_rsqrt[curated[pext_nl]],measured,
1593,moonshine$dispatch_1593_linear_s8,,,1000000000,us,1000000000000,0,,excluded_unmeasured,linear_s8,M=1;K=288;N=1152,,,excluded_unmeasured,"the roccmoon kernel #includes a hart-0-executable fallback body, so this cell is physically possible -- but no board run in this tree has measured it, and inventing a number here would be fiction"
1594,moonshine$dispatch_1594_silu_s8,,,0.862388970,ms,862388.970,0,,board_measured_b1_scaled_by_measured_region_factor_0.5883,silu_s8,n=1152,34496,pext_int_lut[curated[pext_nl]],measured,
1595,moonshine$dispatch_1595_linear_s8,,,1000000000,us,1000000000000,0,,excluded_unmeasured,linear_s8,M=1;K=288;N=1152,,,excluded_unmeasured,"the roccmoon kernel #includes a hart-0-executable fallback body, so this cell is physically possible -- but no board run in this tree has measured it, and inventing a number here would be fiction"
1596,moonshine$dispatch_1596_mul_s8,,,0.725285655,ms,725285.655,0,,board_measured_b1_scaled_by_measured_region_factor_0.5883,mul_s8,n=1152,29011,pext_int_mul[curated[pext_nl]],measured,
1597,moonshine$dispatch_1597_linear_s8,,,1000000000,us,1000000000000,0,,excluded_unmeasured,linear_s8,M=1;K=1152;N=288,,,excluded_unmeasured,"the roccmoon kernel #includes a hart-0-executable fallback body, so this cell is physically possible -- but no board run in this tree has measured it, and inventing a number here would be fiction"
1598,moonshine$dispatch_1598_add_s8,,,0.083112083,ms,83112.083,0,,board_measured_b1_scaled_by_measured_region_factor_0.5883,add_s8,n=288,3324,pext_int_add[curated[pext_nl]],measured,
1599,moonshine$dispatch_1599_layernorm_s8,,,0.462771488,ms,462771.488,0,,board_measured_b1_scaled_by_measured_region_factor_0.5883,layernorm_s8,M=1;K=288,18511,pext_int_rsqrt[curated[pext_nl]],measured,
1600,moonshine$dispatch_1600_linear_s8,,,1000000000,us,1000000000000,0,,excluded_unmeasured,linear_s8,M=1;K=288;N=288,,,excluded_unmeasured,"the roccmoon kernel #includes a hart-0-executable fallback body, so this cell is physically possible -- but no board run in this tree has measured it, and inventing a number here would be fiction"
1601,moonshine$dispatch_1601_rope_s8,,,0.140883143,ms,140883.143,0,,board_measured_b1_scaled_by_measured_region_factor_0.5883,rope_s8,T=1;H=8;D=36;R=32,5635,pext_int_rot[curated[pext_nl]],measured,
1602,moonshine$dispatch_1602_linear_s8,,,1000000000,us,1000000000000,0,,excluded_unmeasured,linear_s8,M=1;K=288;N=288,,,excluded_unmeasured,"the roccmoon kernel #includes a hart-0-executable fallback body, so this cell is physically possible -- but no board run in this tree has measured it, and inventing a number here would be fiction"
1603,moonshine$dispatch_1603_rope_s8,,,0.127352243,ms,127352.243,0,,board_measured_b1_scaled_by_measured_region_factor_0.5883,rope_s8,T=1;H=8;D=36;R=32,5094,pext_int_rot[curated[pext_nl]],measured,
1604,moonshine$dispatch_1604_linear_s8,,,1000000000,us,1000000000000,0,,excluded_unmeasured,linear_s8,M=1;K=288;N=288,,,excluded_unmeasured,"the roccmoon kernel #includes a hart-0-executable fallback body, so this cell is physically possible -- but no board run in this tree has measured it, and inventing a number here would be fiction"
1605,moonshine$dispatch_1605_cat2_c1_s8,,,0.577019348,ms,577019.348,0,,board_measured_b1_scaled_by_measured_region_factor_0.5883,cat2_c1_s8,N=1;H=288;W=1;C_inputs=8|1;C_total=9,23081,pext_memo_lut[curated[pext_nl]],measured,
1606,moonshine$dispatch_1606_cat2_c1_s8,,,0.566150505,ms,566150.505,0,,board_measured_b1_scaled_by_measured_region_factor_0.5883,cat2_c1_s8,N=1;H=288;W=1;C_inputs=8|1;C_total=9,22646,pext_memo_lut[curated[pext_nl]],measured,
1607,moonshine$dispatch_1607_permute4_s8,,,0.104526202,ms,104526.202,0,,board_measured_b1_scaled_by_measured_region_factor_0.5883,permute4_s8,d0=1;d1=9;d2=8;d3=36;p0=0;p1=2;p2=1;p3=3,4181,pext_block[curated[pext_nl]],measured,
1608,moonshine$dispatch_1608_permute4_s8,,,0.096584153,ms,96584.153,0,,board_measured_b1_scaled_by_measured_region_factor_0.5883,permute4_s8,d0=1;d1=9;d2=8;d3=36;p0=0;p1=2;p2=1;p3=3,3863,pext_block[curated[pext_nl]],measured,
1609,moonshine$dispatch_1609_matmul_b_s8,,,0.192447638,ms,192447.638,0,,board_measured_b1_scaled_by_measured_region_factor_0.5883,matmul_b_s8,B=8;M=1;K=36;N=9;transpose_b=1,7698,pext_dot8_exact[curated[pext_nl]],measured,
1610,moonshine$dispatch_1610_softmax_s8,,,0.267764745,ms,267764.745,0,,board_measured_b1_scaled_by_measured_region_factor_0.5883,softmax_s8,M=8;K=9,10711,pext_int_memo2[curated[pext_nl]],measured,
1611,moonshine$dispatch_1611_matmul_b_s8,,,0.451432005,ms,451432.005,0,,board_measured_b1_scaled_by_measured_region_factor_0.5883,matmul_b_s8,B=8;M=1;K=9;N=36;transpose_b=0,18057,pext_dot8_exact[curated[pext_nl]],measured,
1612,moonshine$dispatch_1612_linear_s8,,,1000000000,us,1000000000000,0,,excluded_unmeasured,linear_s8,M=1;K=288;N=288,,,excluded_unmeasured,"the roccmoon kernel #includes a hart-0-executable fallback body, so this cell is physically possible -- but no board run in this tree has measured it, and inventing a number here would be fiction"
1613,moonshine$dispatch_1613_add_s8,,,0.084803445,ms,84803.445,0,,board_measured_b1_scaled_by_measured_region_factor_0.5883,add_s8,n=288,3392,pext_int_add[curated[pext_nl]],measured,
1614,moonshine$dispatch_1614_layernorm_s8,,,0.478096702,ms,478096.702,0,,board_measured_b1_scaled_by_measured_region_factor_0.5883,layernorm_s8,M=1;K=288,19124,pext_int_rsqrt[curated[pext_nl]],measured,
1615,moonshine$dispatch_1615_linear_s8,,,1000000000,us,1000000000000,0,,excluded_unmeasured,linear_s8,M=1;K=288;N=288,,,excluded_unmeasured,"the roccmoon kernel #includes a hart-0-executable fallback body, so this cell is physically possible -- but no board run in this tree has measured it, and inventing a number here would be fiction"
1616,moonshine$dispatch_1616_matmul_b_s8,,,1.660226723,ms,1660226.722,0,,board_measured_b1_scaled_by_measured_region_factor_0.5883,matmul_b_s8,B=8;M=1;K=36;N=165;transpose_b=1,66409,pext_dot8_exact[curated[pext_nl]],measured,
1617,moonshine$dispatch_1617_softmax_s8,,,0.999565823,ms,999565.823,0,,board_measured_b1_scaled_by_measured_region_factor_0.5883,softmax_s8,M=8;K=165,39983,pext_int_memo2[curated[pext_nl]],measured,
1618,moonshine$dispatch_1618_matmul_b_s8,,,1.524138225,ms,1524138.225,0,,board_measured_b1_scaled_by_measured_region_factor_0.5883,matmul_b_s8,B=8;M=1;K=165;N=36;transpose_b=1,60966,pext_dot8_exact[curated[pext_nl]],measured,
1619,moonshine$dispatch_1619_linear_s8,,,1000000000,us,1000000000000,0,,excluded_unmeasured,linear_s8,M=1;K=288;N=288,,,excluded_unmeasured,"the roccmoon kernel #includes a hart-0-executable fallback body, so this cell is physically possible -- but no board run in this tree has measured it, and inventing a number here would be fiction"
1620,moonshine$dispatch_1620_add_s8,,,0.080111753,ms,80111.753,0,,board_measured_b1_scaled_by_measured_region_factor_0.5883,add_s8,n=288,3204,pext_int_add[curated[pext_nl]],measured,
1621,moonshine$dispatch_1621_layernorm_s8,,,0.471801893,ms,471801.893,0,,board_measured_b1_scaled_by_measured_region_factor_0.5883,layernorm_s8,M=1;K=288,18872,pext_int_rsqrt[curated[pext_nl]],measured,
1622,moonshine$dispatch_1622_linear_s8,,,1000000000,us,1000000000000,0,,excluded_unmeasured,linear_s8,M=1;K=288;N=1152,,,excluded_unmeasured,"the roccmoon kernel #includes a hart-0-executable fallback body, so this cell is physically possible -- but no board run in this tree has measured it, and inventing a number here would be fiction"
1623,moonshine$dispatch_1623_silu_s8,,,0.754818315,ms,754818.315,0,,board_measured_b1_scaled_by_measured_region_factor_0.5883,silu_s8,n=1152,30193,pext_int_lut[curated[pext_nl]],measured,
1624,moonshine$dispatch_1624_linear_s8,,,1000000000,us,1000000000000,0,,excluded_unmeasured,linear_s8,M=1;K=288;N=1152,,,excluded_unmeasured,"the roccmoon kernel #includes a hart-0-executable fallback body, so this cell is physically possible -- but no board run in this tree has measured it, and inventing a number here would be fiction"
1625,moonshine$dispatch_1625_mul_s8,,,0.730183253,ms,730183.253,0,,board_measured_b1_scaled_by_measured_region_factor_0.5883,mul_s8,n=1152,29207,pext_int_mul[curated[pext_nl]],measured,
1626,moonshine$dispatch_1626_linear_s8,,,1000000000,us,1000000000000,0,,excluded_unmeasured,linear_s8,M=1;K=1152;N=288,,,excluded_unmeasured,"the roccmoon kernel #includes a hart-0-executable fallback body, so this cell is physically possible -- but no board run in this tree has measured it, and inventing a number here would be fiction"
1627,moonshine$dispatch_1627_add_s8,,,0.081244230,ms,81244.230,0,,board_measured_b1_scaled_by_measured_region_factor_0.5883,add_s8,n=288,3250,pext_int_add[curated[pext_nl]],measured,
1628,moonshine$dispatch_1628_layernorm_s8,,,0.470272313,ms,470272.312,0,,board_measured_b1_scaled_by_measured_region_factor_0.5883,layernorm_s8,M=1;K=288,18811,pext_int_rsqrt[curated[pext_nl]],measured,
1629,moonshine$dispatch_1629_linear_s8,,,1000000000,us,1000000000000,0,,excluded_unmeasured,linear_s8,M=1;K=288;N=288,,,excluded_unmeasured,"the roccmoon kernel #includes a hart-0-executable fallback body, so this cell is physically possible -- but no board run in this tree has measured it, and inventing a number here would be fiction"
1630,moonshine$dispatch_1630_rope_s8,,,0.140986095,ms,140986.095,0,,board_measured_b1_scaled_by_measured_region_factor_0.5883,rope_s8,T=1;H=8;D=36;R=32,5639,pext_int_rot[curated[pext_nl]],measured,
1631,moonshine$dispatch_1631_linear_s8,,,1000000000,us,1000000000000,0,,excluded_unmeasured,linear_s8,M=1;K=288;N=288,,,excluded_unmeasured,"the roccmoon kernel #includes a hart-0-executable fallback body, so this cell is physically possible -- but no board run in this tree has measured it, and inventing a number here would be fiction"
1632,moonshine$dispatch_1632_rope_s8,,,0.125616758,ms,125616.758,0,,board_measured_b1_scaled_by_measured_region_factor_0.5883,rope_s8,T=1;H=8;D=36;R=32,5025,pext_int_rot[curated[pext_nl]],measured,
1633,moonshine$dispatch_1633_linear_s8,,,1000000000,us,1000000000000,0,,excluded_unmeasured,linear_s8,M=1;K=288;N=288,,,excluded_unmeasured,"the roccmoon kernel #includes a hart-0-executable fallback body, so this cell is physically possible -- but no board run in this tree has measured it, and inventing a number here would be fiction"
1634,moonshine$dispatch_1634_cat2_c1_s8,,,0.579666697,ms,579666.698,0,,board_measured_b1_scaled_by_measured_region_factor_0.5883,cat2_c1_s8,N=1;H=288;W=1;C_inputs=8|1;C_total=9,23187,pext_memo_lut[curated[pext_nl]],measured,
1635,moonshine$dispatch_1635_cat2_c1_s8,,,0.566341703,ms,566341.703,0,,board_measured_b1_scaled_by_measured_region_factor_0.5883,cat2_c1_s8,N=1;H=288;W=1;C_inputs=8|1;C_total=9,22654,pext_memo_lut[curated[pext_nl]],measured,
1636,moonshine$dispatch_1636_permute4_s8,,,0.105820463,ms,105820.463,0,,board_measured_b1_scaled_by_measured_region_factor_0.5883,permute4_s8,d0=1;d1=9;d2=8;d3=36;p0=0;p1=2;p2=1;p3=3,4233,pext_block[curated[pext_nl]],measured,
1637,moonshine$dispatch_1637_permute4_s8,,,0.098775570,ms,98775.570,0,,board_measured_b1_scaled_by_measured_region_factor_0.5883,permute4_s8,d0=1;d1=9;d2=8;d3=36;p0=0;p1=2;p2=1;p3=3,3951,pext_block[curated[pext_nl]],measured,
1638,moonshine$dispatch_1638_matmul_b_s8,,,0.186888203,ms,186888.203,0,,board_measured_b1_scaled_by_measured_region_factor_0.5883,matmul_b_s8,B=8;M=1;K=36;N=9;transpose_b=1,7476,pext_dot8_exact[curated[pext_nl]],measured,
1639,moonshine$dispatch_1639_softmax_s8,,,0.286781542,ms,286781.542,0,,board_measured_b1_scaled_by_measured_region_factor_0.5883,softmax_s8,M=8;K=9,11471,pext_int_memo2[curated[pext_nl]],measured,
1640,moonshine$dispatch_1640_matmul_b_s8,,,0.452932170,ms,452932.170,0,,board_measured_b1_scaled_by_measured_region_factor_0.5883,matmul_b_s8,B=8;M=1;K=9;N=36;transpose_b=0,18117,pext_dot8_exact[curated[pext_nl]],measured,
1641,moonshine$dispatch_1641_linear_s8,,,1000000000,us,1000000000000,0,,excluded_unmeasured,linear_s8,M=1;K=288;N=288,,,excluded_unmeasured,"the roccmoon kernel #includes a hart-0-executable fallback body, so this cell is physically possible -- but no board run in this tree has measured it, and inventing a number here would be fiction"
1642,moonshine$dispatch_1642_add_s8,,,0.090098145,ms,90098.145,0,,board_measured_b1_scaled_by_measured_region_factor_0.5883,add_s8,n=288,3604,pext_int_add[curated[pext_nl]],measured,
1643,moonshine$dispatch_1643_layernorm_s8,,,0.475596428,ms,475596.428,0,,board_measured_b1_scaled_by_measured_region_factor_0.5883,layernorm_s8,M=1;K=288,19024,pext_int_rsqrt[curated[pext_nl]],measured,
1644,moonshine$dispatch_1644_linear_s8,,,1000000000,us,1000000000000,0,,excluded_unmeasured,linear_s8,M=1;K=288;N=288,,,excluded_unmeasured,"the roccmoon kernel #includes a hart-0-executable fallback body, so this cell is physically possible -- but no board run in this tree has measured it, and inventing a number here would be fiction"
1645,moonshine$dispatch_1645_matmul_b_s8,,,1.654932022,ms,1654932.022,0,,board_measured_b1_scaled_by_measured_region_factor_0.5883,matmul_b_s8,B=8;M=1;K=36;N=165;transpose_b=1,66197,pext_dot8_exact[curated[pext_nl]],measured,
1646,moonshine$dispatch_1646_softmax_s8,,,0.960561533,ms,960561.533,0,,board_measured_b1_scaled_by_measured_region_factor_0.5883,softmax_s8,M=8;K=165,38422,pext_int_memo2[curated[pext_nl]],measured,
1647,moonshine$dispatch_1647_matmul_b_s8,,,1.508136465,ms,1508136.465,0,,board_measured_b1_scaled_by_measured_region_factor_0.5883,matmul_b_s8,B=8;M=1;K=165;N=36;transpose_b=1,60325,pext_dot8_exact[curated[pext_nl]],measured,
1648,moonshine$dispatch_1648_linear_s8,,,1000000000,us,1000000000000,0,,excluded_unmeasured,linear_s8,M=1;K=288;N=288,,,excluded_unmeasured,"the roccmoon kernel #includes a hart-0-executable fallback body, so this cell is physically possible -- but no board run in this tree has measured it, and inventing a number here would be fiction"
1649,moonshine$dispatch_1649_add_s8,,,0.081038325,ms,81038.325,0,,board_measured_b1_scaled_by_measured_region_factor_0.5883,add_s8,n=288,3242,pext_int_add[curated[pext_nl]],measured,
1650,moonshine$dispatch_1650_layernorm_s8,,,0.473537378,ms,473537.378,0,,board_measured_b1_scaled_by_measured_region_factor_0.5883,layernorm_s8,M=1;K=288,18941,pext_int_rsqrt[curated[pext_nl]],measured,
1651,moonshine$dispatch_1651_linear_s8,,,1000000000,us,1000000000000,0,,excluded_unmeasured,linear_s8,M=1;K=288;N=1152,,,excluded_unmeasured,"the roccmoon kernel #includes a hart-0-executable fallback body, so this cell is physically possible -- but no board run in this tree has measured it, and inventing a number here would be fiction"
1652,moonshine$dispatch_1652_silu_s8,,,0.817045748,ms,817045.748,0,,board_measured_b1_scaled_by_measured_region_factor_0.5883,silu_s8,n=1152,32682,pext_int_lut[curated[pext_nl]],measured,
1653,moonshine$dispatch_1653_linear_s8,,,1000000000,us,1000000000000,0,,excluded_unmeasured,linear_s8,M=1;K=288;N=1152,,,excluded_unmeasured,"the roccmoon kernel #includes a hart-0-executable fallback body, so this cell is physically possible -- but no board run in this tree has measured it, and inventing a number here would be fiction"
1654,moonshine$dispatch_1654_mul_s8,,,0.721711732,ms,721711.732,0,,board_measured_b1_scaled_by_measured_region_factor_0.5883,mul_s8,n=1152,28868,pext_int_mul[curated[pext_nl]],measured,
1655,moonshine$dispatch_1655_linear_s8,,,1000000000,us,1000000000000,0,,excluded_unmeasured,linear_s8,M=1;K=1152;N=288,,,excluded_unmeasured,"the roccmoon kernel #includes a hart-0-executable fallback body, so this cell is physically possible -- but no board run in this tree has measured it, and inventing a number here would be fiction"
1656,moonshine$dispatch_1656_add_s8,,,0.080758883,ms,80758.883,0,,board_measured_b1_scaled_by_measured_region_factor_0.5883,add_s8,n=288,3230,pext_int_add[curated[pext_nl]],measured,
1657,moonshine$dispatch_1657_layernorm_s8,,,0.467536718,ms,467536.718,0,,board_measured_b1_scaled_by_measured_region_factor_0.5883,layernorm_s8,M=1;K=288,18701,pext_int_rsqrt[curated[pext_nl]],measured,
1658,moonshine$dispatch_1658_linear_s8,,,1000000000,us,1000000000000,0,,excluded_unmeasured,linear_s8,M=1;K=288;N=288,,,excluded_unmeasured,"the roccmoon kernel #includes a hart-0-executable fallback body, so this cell is physically possible -- but no board run in this tree has measured it, and inventing a number here would be fiction"
1659,moonshine$dispatch_1659_rope_s8,,,0.142589213,ms,142589.212,0,,board_measured_b1_scaled_by_measured_region_factor_0.5883,rope_s8,T=1;H=8;D=36;R=32,5704,pext_int_rot[curated[pext_nl]],measured,
1660,moonshine$dispatch_1660_linear_s8,,,1000000000,us,1000000000000,0,,excluded_unmeasured,linear_s8,M=1;K=288;N=288,,,excluded_unmeasured,"the roccmoon kernel #includes a hart-0-executable fallback body, so this cell is physically possible -- but no board run in this tree has measured it, and inventing a number here would be fiction"
1661,moonshine$dispatch_1661_rope_s8,,,0.122822333,ms,122822.333,0,,board_measured_b1_scaled_by_measured_region_factor_0.5883,rope_s8,T=1;H=8;D=36;R=32,4913,pext_int_rot[curated[pext_nl]],measured,
1662,moonshine$dispatch_1662_linear_s8,,,1000000000,us,1000000000000,0,,excluded_unmeasured,linear_s8,M=1;K=288;N=288,,,excluded_unmeasured,"the roccmoon kernel #includes a hart-0-executable fallback body, so this cell is physically possible -- but no board run in this tree has measured it, and inventing a number here would be fiction"
1663,moonshine$dispatch_1663_cat2_c1_s8,,,0.582093435,ms,582093.435,0,,board_measured_b1_scaled_by_measured_region_factor_0.5883,cat2_c1_s8,N=1;H=288;W=1;C_inputs=8|1;C_total=9,23284,pext_memo_lut[curated[pext_nl]],measured,
1664,moonshine$dispatch_1664_cat2_c1_s8,,,0.572504145,ms,572504.145,0,,board_measured_b1_scaled_by_measured_region_factor_0.5883,cat2_c1_s8,N=1;H=288;W=1;C_inputs=8|1;C_total=9,22900,pext_memo_lut[curated[pext_nl]],measured,
1665,moonshine$dispatch_1665_permute4_s8,,,0.106497008,ms,106497.008,0,,board_measured_b1_scaled_by_measured_region_factor_0.5883,permute4_s8,d0=1;d1=9;d2=8;d3=36;p0=0;p1=2;p2=1;p3=3,4260,pext_block[curated[pext_nl]],measured,
1666,moonshine$dispatch_1666_permute4_s8,,,0.104835060,ms,104835.060,0,,board_measured_b1_scaled_by_measured_region_factor_0.5883,permute4_s8,d0=1;d1=9;d2=8;d3=36;p0=0;p1=2;p2=1;p3=3,4193,pext_block[curated[pext_nl]],measured,
1667,moonshine$dispatch_1667_matmul_b_s8,,,0.195036158,ms,195036.158,0,,board_measured_b1_scaled_by_measured_region_factor_0.5883,matmul_b_s8,B=8;M=1;K=36;N=9;transpose_b=1,7801,pext_dot8_exact[curated[pext_nl]],measured,
1668,moonshine$dispatch_1668_softmax_s8,,,0.270632708,ms,270632.708,0,,board_measured_b1_scaled_by_measured_region_factor_0.5883,softmax_s8,M=8;K=9,10825,pext_int_memo2[curated[pext_nl]],measured,
1669,moonshine$dispatch_1669_matmul_b_s8,,,0.456594338,ms,456594.338,0,,board_measured_b1_scaled_by_measured_region_factor_0.5883,matmul_b_s8,B=8;M=1;K=9;N=36;transpose_b=0,18264,pext_dot8_exact[curated[pext_nl]],measured,
1670,moonshine$dispatch_1670_linear_s8,,,1000000000,us,1000000000000,0,,excluded_unmeasured,linear_s8,M=1;K=288;N=288,,,excluded_unmeasured,"the roccmoon kernel #includes a hart-0-executable fallback body, so this cell is physically possible -- but no board run in this tree has measured it, and inventing a number here would be fiction"
1671,moonshine$dispatch_1671_add_s8,,,0.086244780,ms,86244.780,0,,board_measured_b1_scaled_by_measured_region_factor_0.5883,add_s8,n=288,3450,pext_int_add[curated[pext_nl]],measured,
1672,moonshine$dispatch_1672_layernorm_s8,,,0.476258265,ms,476258.265,0,,board_measured_b1_scaled_by_measured_region_factor_0.5883,layernorm_s8,M=1;K=288,19050,pext_int_rsqrt[curated[pext_nl]],measured,
1673,moonshine$dispatch_1673_linear_s8,,,1000000000,us,1000000000000,0,,excluded_unmeasured,linear_s8,M=1;K=288;N=288,,,excluded_unmeasured,"the roccmoon kernel #includes a hart-0-executable fallback body, so this cell is physically possible -- but no board run in this tree has measured it, and inventing a number here would be fiction"
1674,moonshine$dispatch_1674_matmul_b_s8,,,1.665168442,ms,1665168.442,0,,board_measured_b1_scaled_by_measured_region_factor_0.5883,matmul_b_s8,B=8;M=1;K=36;N=165;transpose_b=1,66607,pext_dot8_exact[curated[pext_nl]],measured,
1675,moonshine$dispatch_1675_softmax_s8,,,0.966974003,ms,966974.003,0,,board_measured_b1_scaled_by_measured_region_factor_0.5883,softmax_s8,M=8;K=165,38679,pext_int_memo2[curated[pext_nl]],measured,
1676,moonshine$dispatch_1676_matmul_b_s8,,,1.522873380,ms,1522873.380,0,,board_measured_b1_scaled_by_measured_region_factor_0.5883,matmul_b_s8,B=8;M=1;K=165;N=36;transpose_b=1,60915,pext_dot8_exact[curated[pext_nl]],measured,
1677,moonshine$dispatch_1677_linear_s8,,,1000000000,us,1000000000000,0,,excluded_unmeasured,linear_s8,M=1;K=288;N=288,,,excluded_unmeasured,"the roccmoon kernel #includes a hart-0-executable fallback body, so this cell is physically possible -- but no board run in this tree has measured it, and inventing a number here would be fiction"
1678,moonshine$dispatch_1678_add_s8,,,0.084112193,ms,84112.193,0,,board_measured_b1_scaled_by_measured_region_factor_0.5883,add_s8,n=288,3364,pext_int_add[curated[pext_nl]],measured,
1679,moonshine$dispatch_1679_layernorm_s8,,,0.466595438,ms,466595.438,0,,board_measured_b1_scaled_by_measured_region_factor_0.5883,layernorm_s8,M=1;K=288,18664,pext_int_rsqrt[curated[pext_nl]],measured,
1680,moonshine$dispatch_1680_linear_s8,,,1000000000,us,1000000000000,0,,excluded_unmeasured,linear_s8,M=1;K=288;N=1152,,,excluded_unmeasured,"the roccmoon kernel #includes a hart-0-executable fallback body, so this cell is physically possible -- but no board run in this tree has measured it, and inventing a number here would be fiction"
1681,moonshine$dispatch_1681_silu_s8,,,0.776614830,ms,776614.830,0,,board_measured_b1_scaled_by_measured_region_factor_0.5883,silu_s8,n=1152,31065,pext_int_lut[curated[pext_nl]],measured,
1682,moonshine$dispatch_1682_linear_s8,,,1000000000,us,1000000000000,0,,excluded_unmeasured,linear_s8,M=1;K=288;N=1152,,,excluded_unmeasured,"the roccmoon kernel #includes a hart-0-executable fallback body, so this cell is physically possible -- but no board run in this tree has measured it, and inventing a number here would be fiction"
1683,moonshine$dispatch_1683_mul_s8,,,0.728241863,ms,728241.863,0,,board_measured_b1_scaled_by_measured_region_factor_0.5883,mul_s8,n=1152,29130,pext_int_mul[curated[pext_nl]],measured,
1684,moonshine$dispatch_1684_linear_s8,,,1000000000,us,1000000000000,0,,excluded_unmeasured,linear_s8,M=1;K=1152;N=288,,,excluded_unmeasured,"the roccmoon kernel #includes a hart-0-executable fallback body, so this cell is physically possible -- but no board run in this tree has measured it, and inventing a number here would be fiction"
1685,moonshine$dispatch_1685_add_s8,,,0.077361450,ms,77361.450,0,,board_measured_b1_scaled_by_measured_region_factor_0.5883,add_s8,n=288,3094,pext_int_add[curated[pext_nl]],measured,
1686,moonshine$dispatch_1686_layernorm_s8,,,0.472802003,ms,472802.003,0,,board_measured_b1_scaled_by_measured_region_factor_0.5883,layernorm_s8,M=1;K=288,18912,pext_int_rsqrt[curated[pext_nl]],measured,
1687,moonshine$dispatch_1687_linear_s8,,,1000000000,us,1000000000000,0,,excluded_unmeasured,linear_s8,M=1;K=288;N=288,,,excluded_unmeasured,"the roccmoon kernel #includes a hart-0-executable fallback body, so this cell is physically possible -- but no board run in this tree has measured it, and inventing a number here would be fiction"
1688,moonshine$dispatch_1688_rope_s8,,,0.145192440,ms,145192.440,0,,board_measured_b1_scaled_by_measured_region_factor_0.5883,rope_s8,T=1;H=8;D=36;R=32,5808,pext_int_rot[curated[pext_nl]],measured,
1689,moonshine$dispatch_1689_linear_s8,,,1000000000,us,1000000000000,0,,excluded_unmeasured,linear_s8,M=1;K=288;N=288,,,excluded_unmeasured,"the roccmoon kernel #includes a hart-0-executable fallback body, so this cell is physically possible -- but no board run in this tree has measured it, and inventing a number here would be fiction"
1690,moonshine$dispatch_1690_rope_s8,,,0.124219545,ms,124219.545,0,,board_measured_b1_scaled_by_measured_region_factor_0.5883,rope_s8,T=1;H=8;D=36;R=32,4969,pext_int_rot[curated[pext_nl]],measured,
1691,moonshine$dispatch_1691_linear_s8,,,1000000000,us,1000000000000,0,,excluded_unmeasured,linear_s8,M=1;K=288;N=288,,,excluded_unmeasured,"the roccmoon kernel #includes a hart-0-executable fallback body, so this cell is physically possible -- but no board run in this tree has measured it, and inventing a number here would be fiction"
1692,moonshine$dispatch_1692_cat2_c1_s8,,,0.575725088,ms,575725.088,0,,board_measured_b1_scaled_by_measured_region_factor_0.5883,cat2_c1_s8,N=1;H=288;W=1;C_inputs=8|1;C_total=9,23029,pext_memo_lut[curated[pext_nl]],measured,
1693,moonshine$dispatch_1693_cat2_c1_s8,,,0.564782708,ms,564782.708,0,,board_measured_b1_scaled_by_measured_region_factor_0.5883,cat2_c1_s8,N=1;H=288;W=1;C_inputs=8|1;C_total=9,22591,pext_memo_lut[curated[pext_nl]],measured,
1694,moonshine$dispatch_1694_permute4_s8,,,0.106497008,ms,106497.008,0,,board_measured_b1_scaled_by_measured_region_factor_0.5883,permute4_s8,d0=1;d1=9;d2=8;d3=36;p0=0;p1=2;p2=1;p3=3,4260,pext_block[curated[pext_nl]],measured,
1695,moonshine$dispatch_1695_permute4_s8,,,0.100937573,ms,100937.573,0,,board_measured_b1_scaled_by_measured_region_factor_0.5883,permute4_s8,d0=1;d1=9;d2=8;d3=36;p0=0;p1=2;p2=1;p3=3,4038,pext_block[curated[pext_nl]],measured,
1696,moonshine$dispatch_1696_matmul_b_s8,,,0.187300013,ms,187300.013,0,,board_measured_b1_scaled_by_measured_region_factor_0.5883,matmul_b_s8,B=8;M=1;K=36;N=9;transpose_b=1,7492,pext_dot8_exact[curated[pext_nl]],measured,
1697,moonshine$dispatch_1697_softmax_s8,,,0.273603623,ms,273603.623,0,,board_measured_b1_scaled_by_measured_region_factor_0.5883,softmax_s8,M=8;K=9,10944,pext_int_memo2[curated[pext_nl]],measured,
1698,moonshine$dispatch_1698_matmul_b_s8,,,0.452667435,ms,452667.435,0,,board_measured_b1_scaled_by_measured_region_factor_0.5883,matmul_b_s8,B=8;M=1;K=9;N=36;transpose_b=0,18107,pext_dot8_exact[curated[pext_nl]],measured,
1699,moonshine$dispatch_1699_linear_s8,,,1000000000,us,1000000000000,0,,excluded_unmeasured,linear_s8,M=1;K=288;N=288,,,excluded_unmeasured,"the roccmoon kernel #includes a hart-0-executable fallback body, so this cell is physically possible -- but no board run in this tree has measured it, and inventing a number here would be fiction"
1700,moonshine$dispatch_1700_add_s8,,,0.085950630,ms,85950.630,0,,board_measured_b1_scaled_by_measured_region_factor_0.5883,add_s8,n=288,3438,pext_int_add[curated[pext_nl]],measured,
1701,moonshine$dispatch_1701_layernorm_s8,,,0.470948858,ms,470948.858,0,,board_measured_b1_scaled_by_measured_region_factor_0.5883,layernorm_s8,M=1;K=288,18838,pext_int_rsqrt[curated[pext_nl]],measured,
1702,moonshine$dispatch_1702_linear_s8,,,1000000000,us,1000000000000,0,,excluded_unmeasured,linear_s8,M=1;K=288;N=288,,,excluded_unmeasured,"the roccmoon kernel #includes a hart-0-executable fallback body, so this cell is physically possible -- but no board run in this tree has measured it, and inventing a number here would be fiction"
1703,moonshine$dispatch_1703_matmul_b_s8,,,1.646475210,ms,1646475.210,0,,board_measured_b1_scaled_by_measured_region_factor_0.5883,matmul_b_s8,B=8;M=1;K=36;N=165;transpose_b=1,65859,pext_dot8_exact[curated[pext_nl]],measured,
1704,moonshine$dispatch_1704_softmax_s8,,,0.971459790,ms,971459.790,0,,board_measured_b1_scaled_by_measured_region_factor_0.5883,softmax_s8,M=8;K=165,38858,pext_int_memo2[curated[pext_nl]],measured,
1705,moonshine$dispatch_1705_matmul_b_s8,,,1.525682513,ms,1525682.513,0,,board_measured_b1_scaled_by_measured_region_factor_0.5883,matmul_b_s8,B=8;M=1;K=165;N=36;transpose_b=1,61027,pext_dot8_exact[curated[pext_nl]],measured,
1706,moonshine$dispatch_1706_linear_s8,,,1000000000,us,1000000000000,0,,excluded_unmeasured,linear_s8,M=1;K=288;N=288,,,excluded_unmeasured,"the roccmoon kernel #includes a hart-0-executable fallback body, so this cell is physically possible -- but no board run in this tree has measured it, and inventing a number here would be fiction"
1707,moonshine$dispatch_1707_add_s8,,,0.083582723,ms,83582.723,0,,board_measured_b1_scaled_by_measured_region_factor_0.5883,add_s8,n=288,3343,pext_int_add[curated[pext_nl]],measured,
1708,moonshine$dispatch_1708_layernorm_s8,,,0.469448693,ms,469448.693,0,,board_measured_b1_scaled_by_measured_region_factor_0.5883,layernorm_s8,M=1;K=288,18778,pext_int_rsqrt[curated[pext_nl]],measured,
1709,moonshine$dispatch_1709_linear_s8,,,1000000000,us,1000000000000,0,,excluded_unmeasured,linear_s8,M=1;K=288;N=1152,,,excluded_unmeasured,"the roccmoon kernel #includes a hart-0-executable fallback body, so this cell is physically possible -- but no board run in this tree has measured it, and inventing a number here would be fiction"
1710,moonshine$dispatch_1710_silu_s8,,,0.745434930,ms,745434.930,0,,board_measured_b1_scaled_by_measured_region_factor_0.5883,silu_s8,n=1152,29817,pext_int_lut[curated[pext_nl]],measured,
1711,moonshine$dispatch_1711_linear_s8,,,1000000000,us,1000000000000,0,,excluded_unmeasured,linear_s8,M=1;K=288;N=1152,,,excluded_unmeasured,"the roccmoon kernel #includes a hart-0-executable fallback body, so this cell is physically possible -- but no board run in this tree has measured it, and inventing a number here would be fiction"
1712,moonshine$dispatch_1712_mul_s8,,,0.722123543,ms,722123.543,0,,board_measured_b1_scaled_by_measured_region_factor_0.5883,mul_s8,n=1152,28885,pext_int_mul[curated[pext_nl]],measured,
1713,moonshine$dispatch_1713_linear_s8,,,1000000000,us,1000000000000,0,,excluded_unmeasured,linear_s8,M=1;K=1152;N=288,,,excluded_unmeasured,"the roccmoon kernel #includes a hart-0-executable fallback body, so this cell is physically possible -- but no board run in this tree has measured it, and inventing a number here would be fiction"
1714,moonshine$dispatch_1714_add_s8,,,0.084421050,ms,84421.050,0,,board_measured_b1_scaled_by_measured_region_factor_0.5883,add_s8,n=288,3377,pext_int_add[curated[pext_nl]],measured,
1715,moonshine$dispatch_1715_layernorm_s8,,,0.466507193,ms,466507.193,0,,board_measured_b1_scaled_by_measured_region_factor_0.5883,layernorm_s8,M=1;K=288,18660,pext_int_rsqrt[curated[pext_nl]],measured,
1716,moonshine$dispatch_1716_linear_s8,,,1000000000,us,1000000000000,0,,excluded_unmeasured,linear_s8,M=1;K=288;N=16384,,,excluded_unmeasured,"the roccmoon kernel #includes a hart-0-executable fallback body, so this cell is physically possible -- but no board run in this tree has measured it, and inventing a number here would be fiction"
1717,moonshine$dispatch_1717_linear_s8,,,1000000000,us,1000000000000,0,,excluded_unmeasured,linear_s8,M=1;K=288;N=16384,,,excluded_unmeasured,"the roccmoon kernel #includes a hart-0-executable fallback body, so this cell is physically possible -- but no board run in this tree has measured it, and inventing a number here would be fiction"
1718,moonshine$dispatch_1718_cat2_c1_s8,,,0.777350205,ms,777350.205,0,,board_measured_b1_scaled_by_measured_region_factor_0.5883,cat2_c1_s8,N=1;H=1;W=1;C_inputs=16384|16384;C_total=32768,31094,pext_memo_lut[curated[pext_nl]],measured,
1719,moonshine$dispatch_1719_layernorm_s8,,,0.468801562,ms,468801.562,0,,board_measured_b1_scaled_by_measured_region_factor_0.5883,layernorm_s8,M=1;K=288,18752,pext_int_rsqrt[curated[pext_nl]],measured,
1720,moonshine$dispatch_1720_linear_s8,,,1000000000,us,1000000000000,0,,excluded_unmeasured,linear_s8,M=1;K=288;N=288,,,excluded_unmeasured,"the roccmoon kernel #includes a hart-0-executable fallback body, so this cell is physically possible -- but no board run in this tree has measured it, and inventing a number here would be fiction"
1721,moonshine$dispatch_1721_rope_s8,,,0.145280685,ms,145280.685,0,,board_measured_b1_scaled_by_measured_region_factor_0.5883,rope_s8,T=1;H=8;D=36;R=32,5811,pext_int_rot[curated[pext_nl]],measured,
1722,moonshine$dispatch_1722_linear_s8,,,1000000000,us,1000000000000,0,,excluded_unmeasured,linear_s8,M=1;K=288;N=288,,,excluded_unmeasured,"the roccmoon kernel #includes a hart-0-executable fallback body, so this cell is physically possible -- but no board run in this tree has measured it, and inventing a number here would be fiction"
1723,moonshine$dispatch_1723_rope_s8,,,0.123498878,ms,123498.878,0,,board_measured_b1_scaled_by_measured_region_factor_0.5883,rope_s8,T=1;H=8;D=36;R=32,4940,pext_int_rot[curated[pext_nl]],measured,
1724,moonshine$dispatch_1724_linear_s8,,,1000000000,us,1000000000000,0,,excluded_unmeasured,linear_s8,M=1;K=288;N=288,,,excluded_unmeasured,"the roccmoon kernel #includes a hart-0-executable fallback body, so this cell is physically possible -- but no board run in this tree has measured it, and inventing a number here would be fiction"
1725,moonshine$dispatch_1725_cat2_c1_s8,,,0.629157435,ms,629157.435,0,,board_measured_b1_scaled_by_measured_region_factor_0.5883,cat2_c1_s8,N=1;H=288;W=1;C_inputs=9|1;C_total=10,25166,pext_memo_lut[curated[pext_nl]],measured,
1726,moonshine$dispatch_1726_cat2_c1_s8,,,0.615420630,ms,615420.630,0,,board_measured_b1_scaled_by_measured_region_factor_0.5883,cat2_c1_s8,N=1;H=288;W=1;C_inputs=9|1;C_total=10,24617,pext_memo_lut[curated[pext_nl]],measured,
1727,moonshine$dispatch_1727_permute4_s8,,,0.122395815,ms,122395.815,0,,board_measured_b1_scaled_by_measured_region_factor_0.5883,permute4_s8,d0=1;d1=10;d2=8;d3=36;p0=0;p1=2;p2=1;p3=3,4896,pext_block[curated[pext_nl]],measured,
1728,moonshine$dispatch_1728_permute4_s8,,,0.110409203,ms,110409.203,0,,board_measured_b1_scaled_by_measured_region_factor_0.5883,permute4_s8,d0=1;d1=10;d2=8;d3=36;p0=0;p1=2;p2=1;p3=3,4416,pext_block[curated[pext_nl]],measured,
1729,moonshine$dispatch_1729_matmul_b_s8,,,0.203081160,ms,203081.160,0,,board_measured_b1_scaled_by_measured_region_factor_0.5883,matmul_b_s8,B=8;M=1;K=36;N=10;transpose_b=1,8123,pext_dot8_exact[curated[pext_nl]],measured,
1730,moonshine$dispatch_1730_softmax_s8,,,0.267441180,ms,267441.180,0,,board_measured_b1_scaled_by_measured_region_factor_0.5883,softmax_s8,M=8;K=10,10698,pext_int_memo2[curated[pext_nl]],measured,
1731,moonshine$dispatch_1731_matmul_b_s8,,,0.487318305,ms,487318.305,0,,board_measured_b1_scaled_by_measured_region_factor_0.5883,matmul_b_s8,B=8;M=1;K=10;N=36;transpose_b=0,19493,pext_dot8_exact[curated[pext_nl]],measured,
1732,moonshine$dispatch_1732_linear_s8,,,1000000000,us,1000000000000,0,,excluded_unmeasured,linear_s8,M=1;K=288;N=288,,,excluded_unmeasured,"the roccmoon kernel #includes a hart-0-executable fallback body, so this cell is physically possible -- but no board run in this tree has measured it, and inventing a number here would be fiction"
1733,moonshine$dispatch_1733_add_s8,,,0.087700822,ms,87700.822,0,,board_measured_b1_scaled_by_measured_region_factor_0.5883,add_s8,n=288,3508,pext_int_add[curated[pext_nl]],measured,
1734,moonshine$dispatch_1734_layernorm_s8,,,0.472978492,ms,472978.492,0,,board_measured_b1_scaled_by_measured_region_factor_0.5883,layernorm_s8,M=1;K=288,18919,pext_int_rsqrt[curated[pext_nl]],measured,
1735,moonshine$dispatch_1735_linear_s8,,,1000000000,us,1000000000000,0,,excluded_unmeasured,linear_s8,M=1;K=288;N=288,,,excluded_unmeasured,"the roccmoon kernel #includes a hart-0-executable fallback body, so this cell is physically possible -- but no board run in this tree has measured it, and inventing a number here would be fiction"
1736,moonshine$dispatch_1736_matmul_b_s8,,,1.685067690,ms,1685067.690,0,,board_measured_b1_scaled_by_measured_region_factor_0.5883,matmul_b_s8,B=8;M=1;K=36;N=165;transpose_b=1,67403,pext_dot8_exact[curated[pext_nl]],measured,
1737,moonshine$dispatch_1737_softmax_s8,,,1.225031798,ms,1225031.798,0,,board_measured_b1_scaled_by_measured_region_factor_0.5883,softmax_s8,M=8;K=165,49001,pext_int_memo2[curated[pext_nl]],measured,
1738,moonshine$dispatch_1738_matmul_b_s8,,,1.514269493,ms,1514269.493,0,,board_measured_b1_scaled_by_measured_region_factor_0.5883,matmul_b_s8,B=8;M=1;K=165;N=36;transpose_b=1,60571,pext_dot8_exact[curated[pext_nl]],measured,
1739,moonshine$dispatch_1739_linear_s8,,,1000000000,us,1000000000000,0,,excluded_unmeasured,linear_s8,M=1;K=288;N=288,,,excluded_unmeasured,"the roccmoon kernel #includes a hart-0-executable fallback body, so this cell is physically possible -- but no board run in this tree has measured it, and inventing a number here would be fiction"
1740,moonshine$dispatch_1740_add_s8,,,0.083229743,ms,83229.743,0,,board_measured_b1_scaled_by_measured_region_factor_0.5883,add_s8,n=288,3329,pext_int_add[curated[pext_nl]],measured,
1741,moonshine$dispatch_1741_layernorm_s8,,,0.465168810,ms,465168.810,0,,board_measured_b1_scaled_by_measured_region_factor_0.5883,layernorm_s8,M=1;K=288,18607,pext_int_rsqrt[curated[pext_nl]],measured,
1742,moonshine$dispatch_1742_linear_s8,,,1000000000,us,1000000000000,0,,excluded_unmeasured,linear_s8,M=1;K=288;N=1152,,,excluded_unmeasured,"the roccmoon kernel #includes a hart-0-executable fallback body, so this cell is physically possible -- but no board run in this tree has measured it, and inventing a number here would be fiction"
1743,moonshine$dispatch_1743_silu_s8,,,0.769172835,ms,769172.835,0,,board_measured_b1_scaled_by_measured_region_factor_0.5883,silu_s8,n=1152,30767,pext_int_lut[curated[pext_nl]],measured,
1744,moonshine$dispatch_1744_linear_s8,,,1000000000,us,1000000000000,0,,excluded_unmeasured,linear_s8,M=1;K=288;N=1152,,,excluded_unmeasured,"the roccmoon kernel #includes a hart-0-executable fallback body, so this cell is physically possible -- but no board run in this tree has measured it, and inventing a number here would be fiction"
1745,moonshine$dispatch_1745_mul_s8,,,0.727800638,ms,727800.638,0,,board_measured_b1_scaled_by_measured_region_factor_0.5883,mul_s8,n=1152,29112,pext_int_mul[curated[pext_nl]],measured,
1746,moonshine$dispatch_1746_linear_s8,,,1000000000,us,1000000000000,0,,excluded_unmeasured,linear_s8,M=1;K=1152;N=288,,,excluded_unmeasured,"the roccmoon kernel #includes a hart-0-executable fallback body, so this cell is physically possible -- but no board run in this tree has measured it, and inventing a number here would be fiction"
1747,moonshine$dispatch_1747_add_s8,,,0.082450245,ms,82450.245,0,,board_measured_b1_scaled_by_measured_region_factor_0.5883,add_s8,n=288,3298,pext_int_add[curated[pext_nl]],measured,
1748,moonshine$dispatch_1748_layernorm_s8,,,0.468330922,ms,468330.922,0,,board_measured_b1_scaled_by_measured_region_factor_0.5883,layernorm_s8,M=1;K=288,18733,pext_int_rsqrt[curated[pext_nl]],measured,
1749,moonshine$dispatch_1749_linear_s8,,,1000000000,us,1000000000000,0,,excluded_unmeasured,linear_s8,M=1;K=288;N=288,,,excluded_unmeasured,"the roccmoon kernel #includes a hart-0-executable fallback body, so this cell is physically possible -- but no board run in this tree has measured it, and inventing a number here would be fiction"
1750,moonshine$dispatch_1750_rope_s8,,,0.141544980,ms,141544.980,0,,board_measured_b1_scaled_by_measured_region_factor_0.5883,rope_s8,T=1;H=8;D=36;R=32,5662,pext_int_rot[curated[pext_nl]],measured,
1751,moonshine$dispatch_1751_linear_s8,,,1000000000,us,1000000000000,0,,excluded_unmeasured,linear_s8,M=1;K=288;N=288,,,excluded_unmeasured,"the roccmoon kernel #includes a hart-0-executable fallback body, so this cell is physically possible -- but no board run in this tree has measured it, and inventing a number here would be fiction"
1752,moonshine$dispatch_1752_rope_s8,,,0.124072470,ms,124072.470,0,,board_measured_b1_scaled_by_measured_region_factor_0.5883,rope_s8,T=1;H=8;D=36;R=32,4963,pext_int_rot[curated[pext_nl]],measured,
1753,moonshine$dispatch_1753_linear_s8,,,1000000000,us,1000000000000,0,,excluded_unmeasured,linear_s8,M=1;K=288;N=288,,,excluded_unmeasured,"the roccmoon kernel #includes a hart-0-executable fallback body, so this cell is physically possible -- but no board run in this tree has measured it, and inventing a number here would be fiction"
1754,moonshine$dispatch_1754_cat2_c1_s8,,,0.630569355,ms,630569.355,0,,board_measured_b1_scaled_by_measured_region_factor_0.5883,cat2_c1_s8,N=1;H=288;W=1;C_inputs=9|1;C_total=10,25223,pext_memo_lut[curated[pext_nl]],measured,
1755,moonshine$dispatch_1755_cat2_c1_s8,,,0.614655840,ms,614655.840,0,,board_measured_b1_scaled_by_measured_region_factor_0.5883,cat2_c1_s8,N=1;H=288;W=1;C_inputs=9|1;C_total=10,24586,pext_memo_lut[curated[pext_nl]],measured,
1756,moonshine$dispatch_1756_permute4_s8,,,0.120454425,ms,120454.425,0,,board_measured_b1_scaled_by_measured_region_factor_0.5883,permute4_s8,d0=1;d1=10;d2=8;d3=36;p0=0;p1=2;p2=1;p3=3,4818,pext_block[curated[pext_nl]],measured,
1757,moonshine$dispatch_1757_permute4_s8,,,0.113880173,ms,113880.173,0,,board_measured_b1_scaled_by_measured_region_factor_0.5883,permute4_s8,d0=1;d1=10;d2=8;d3=36;p0=0;p1=2;p2=1;p3=3,4555,pext_block[curated[pext_nl]],measured,
1758,moonshine$dispatch_1758_matmul_b_s8,,,0.197154038,ms,197154.038,0,,board_measured_b1_scaled_by_measured_region_factor_0.5883,matmul_b_s8,B=8;M=1;K=36;N=10;transpose_b=1,7886,pext_dot8_exact[curated[pext_nl]],measured,
1759,moonshine$dispatch_1759_softmax_s8,,,0.268897223,ms,268897.223,0,,board_measured_b1_scaled_by_measured_region_factor_0.5883,softmax_s8,M=8;K=10,10756,pext_int_memo2[curated[pext_nl]],measured,
1760,moonshine$dispatch_1760_matmul_b_s8,,,0.483950288,ms,483950.288,0,,board_measured_b1_scaled_by_measured_region_factor_0.5883,matmul_b_s8,B=8;M=1;K=10;N=36;transpose_b=0,19358,pext_dot8_exact[curated[pext_nl]],measured,
1761,moonshine$dispatch_1761_linear_s8,,,1000000000,us,1000000000000,0,,excluded_unmeasured,linear_s8,M=1;K=288;N=288,,,excluded_unmeasured,"the roccmoon kernel #includes a hart-0-executable fallback body, so this cell is physically possible -- but no board run in this tree has measured it, and inventing a number here would be fiction"
1762,moonshine$dispatch_1762_add_s8,,,0.085832970,ms,85832.970,0,,board_measured_b1_scaled_by_measured_region_factor_0.5883,add_s8,n=288,3433,pext_int_add[curated[pext_nl]],measured,
1763,moonshine$dispatch_1763_layernorm_s8,,,0.469801673,ms,469801.673,0,,board_measured_b1_scaled_by_measured_region_factor_0.5883,layernorm_s8,M=1;K=288,18792,pext_int_rsqrt[curated[pext_nl]],measured,
1764,moonshine$dispatch_1764_linear_s8,,,1000000000,us,1000000000000,0,,excluded_unmeasured,linear_s8,M=1;K=288;N=288,,,excluded_unmeasured,"the roccmoon kernel #includes a hart-0-executable fallback body, so this cell is physically possible -- but no board run in this tree has measured it, and inventing a number here would be fiction"
1765,moonshine$dispatch_1765_matmul_b_s8,,,1.672169213,ms,1672169.213,0,,board_measured_b1_scaled_by_measured_region_factor_0.5883,matmul_b_s8,B=8;M=1;K=36;N=165;transpose_b=1,66887,pext_dot8_exact[curated[pext_nl]],measured,
1766,moonshine$dispatch_1766_softmax_s8,,,1.162627875,ms,1162627.875,0,,board_measured_b1_scaled_by_measured_region_factor_0.5883,softmax_s8,M=8;K=165,46505,pext_int_memo2[curated[pext_nl]],measured,
1767,moonshine$dispatch_1767_matmul_b_s8,,,1.513460580,ms,1513460.580,0,,board_measured_b1_scaled_by_measured_region_factor_0.5883,matmul_b_s8,B=8;M=1;K=165;N=36;transpose_b=1,60538,pext_dot8_exact[curated[pext_nl]],measured,
1768,moonshine$dispatch_1768_linear_s8,,,1000000000,us,1000000000000,0,,excluded_unmeasured,linear_s8,M=1;K=288;N=288,,,excluded_unmeasured,"the roccmoon kernel #includes a hart-0-executable fallback body, so this cell is physically possible -- but no board run in this tree has measured it, and inventing a number here would be fiction"
1769,moonshine$dispatch_1769_add_s8,,,0.081994312,ms,81994.312,0,,board_measured_b1_scaled_by_measured_region_factor_0.5883,add_s8,n=288,3280,pext_int_add[curated[pext_nl]],measured,
1770,moonshine$dispatch_1770_layernorm_s8,,,0.460212383,ms,460212.383,0,,board_measured_b1_scaled_by_measured_region_factor_0.5883,layernorm_s8,M=1;K=288,18408,pext_int_rsqrt[curated[pext_nl]],measured,
1771,moonshine$dispatch_1771_linear_s8,,,1000000000,us,1000000000000,0,,excluded_unmeasured,linear_s8,M=1;K=288;N=1152,,,excluded_unmeasured,"the roccmoon kernel #includes a hart-0-executable fallback body, so this cell is physically possible -- but no board run in this tree has measured it, and inventing a number here would be fiction"
1772,moonshine$dispatch_1772_silu_s8,,,0.815736780,ms,815736.780,0,,board_measured_b1_scaled_by_measured_region_factor_0.5883,silu_s8,n=1152,32629,pext_int_lut[curated[pext_nl]],measured,
1773,moonshine$dispatch_1773_linear_s8,,,1000000000,us,1000000000000,0,,excluded_unmeasured,linear_s8,M=1;K=288;N=1152,,,excluded_unmeasured,"the roccmoon kernel #includes a hart-0-executable fallback body, so this cell is physically possible -- but no board run in this tree has measured it, and inventing a number here would be fiction"
1774,moonshine$dispatch_1774_mul_s8,,,0.721388168,ms,721388.168,0,,board_measured_b1_scaled_by_measured_region_factor_0.5883,mul_s8,n=1152,28856,pext_int_mul[curated[pext_nl]],measured,
1775,moonshine$dispatch_1775_linear_s8,,,1000000000,us,1000000000000,0,,excluded_unmeasured,linear_s8,M=1;K=1152;N=288,,,excluded_unmeasured,"the roccmoon kernel #includes a hart-0-executable fallback body, so this cell is physically possible -- but no board run in this tree has measured it, and inventing a number here would be fiction"
1776,moonshine$dispatch_1776_add_s8,,,0.083200328,ms,83200.327,0,,board_measured_b1_scaled_by_measured_region_factor_0.5883,add_s8,n=288,3328,pext_int_add[curated[pext_nl]],measured,
1777,moonshine$dispatch_1777_layernorm_s8,,,0.465948307,ms,465948.307,0,,board_measured_b1_scaled_by_measured_region_factor_0.5883,layernorm_s8,M=1;K=288,18638,pext_int_rsqrt[curated[pext_nl]],measured,
1778,moonshine$dispatch_1778_linear_s8,,,1000000000,us,1000000000000,0,,excluded_unmeasured,linear_s8,M=1;K=288;N=288,,,excluded_unmeasured,"the roccmoon kernel #includes a hart-0-executable fallback body, so this cell is physically possible -- but no board run in this tree has measured it, and inventing a number here would be fiction"
1779,moonshine$dispatch_1779_rope_s8,,,0.189211988,ms,189211.988,0,,board_measured_b1_scaled_by_measured_region_factor_0.5883,rope_s8,T=1;H=8;D=36;R=32,7568,pext_int_rot[curated[pext_nl]],measured,
1780,moonshine$dispatch_1780_linear_s8,,,1000000000,us,1000000000000,0,,excluded_unmeasured,linear_s8,M=1;K=288;N=288,,,excluded_unmeasured,"the roccmoon kernel #includes a hart-0-executable fallback body, so this cell is physically possible -- but no board run in this tree has measured it, and inventing a number here would be fiction"
1781,moonshine$dispatch_1781_rope_s8,,,0.126896310,ms,126896.310,0,,board_measured_b1_scaled_by_measured_region_factor_0.5883,rope_s8,T=1;H=8;D=36;R=32,5076,pext_int_rot[curated[pext_nl]],measured,
1782,moonshine$dispatch_1782_linear_s8,,,1000000000,us,1000000000000,0,,excluded_unmeasured,linear_s8,M=1;K=288;N=288,,,excluded_unmeasured,"the roccmoon kernel #includes a hart-0-executable fallback body, so this cell is physically possible -- but no board run in this tree has measured it, and inventing a number here would be fiction"
1783,moonshine$dispatch_1783_cat2_c1_s8,,,0.626230643,ms,626230.643,0,,board_measured_b1_scaled_by_measured_region_factor_0.5883,cat2_c1_s8,N=1;H=288;W=1;C_inputs=9|1;C_total=10,25049,pext_memo_lut[curated[pext_nl]],measured,
1784,moonshine$dispatch_1784_cat2_c1_s8,,,0.616435448,ms,616435.448,0,,board_measured_b1_scaled_by_measured_region_factor_0.5883,cat2_c1_s8,N=1;H=288;W=1;C_inputs=9|1;C_total=10,24657,pext_memo_lut[curated[pext_nl]],measured,
1785,moonshine$dispatch_1785_permute4_s8,,,0.114997942,ms,114997.942,0,,board_measured_b1_scaled_by_measured_region_factor_0.5883,permute4_s8,d0=1;d1=10;d2=8;d3=36;p0=0;p1=2;p2=1;p3=3,4600,pext_block[curated[pext_nl]],measured,
1786,moonshine$dispatch_1786_permute4_s8,,,0.111188700,ms,111188.700,0,,board_measured_b1_scaled_by_measured_region_factor_0.5883,permute4_s8,d0=1;d1=10;d2=8;d3=36;p0=0;p1=2;p2=1;p3=3,4448,pext_block[curated[pext_nl]],measured,
1787,moonshine$dispatch_1787_matmul_b_s8,,,0.205846170,ms,205846.170,0,,board_measured_b1_scaled_by_measured_region_factor_0.5883,matmul_b_s8,B=8;M=1;K=36;N=10;transpose_b=1,8234,pext_dot8_exact[curated[pext_nl]],measured,
1788,moonshine$dispatch_1788_softmax_s8,,,0.281692748,ms,281692.748,0,,board_measured_b1_scaled_by_measured_region_factor_0.5883,softmax_s8,M=8;K=10,11268,pext_int_memo2[curated[pext_nl]],measured,
1789,moonshine$dispatch_1789_matmul_b_s8,,,0.484538588,ms,484538.588,0,,board_measured_b1_scaled_by_measured_region_factor_0.5883,matmul_b_s8,B=8;M=1;K=10;N=36;transpose_b=0,19382,pext_dot8_exact[curated[pext_nl]],measured,
1790,moonshine$dispatch_1790_linear_s8,,,1000000000,us,1000000000000,0,,excluded_unmeasured,linear_s8,M=1;K=288;N=288,,,excluded_unmeasured,"the roccmoon kernel #includes a hart-0-executable fallback body, so this cell is physically possible -- but no board run in this tree has measured it, and inventing a number here would be fiction"
1791,moonshine$dispatch_1791_add_s8,,,0.090304050,ms,90304.050,0,,board_measured_b1_scaled_by_measured_region_factor_0.5883,add_s8,n=288,3612,pext_int_add[curated[pext_nl]],measured,
1792,moonshine$dispatch_1792_layernorm_s8,,,0.473346180,ms,473346.180,0,,board_measured_b1_scaled_by_measured_region_factor_0.5883,layernorm_s8,M=1;K=288,18934,pext_int_rsqrt[curated[pext_nl]],measured,
1793,moonshine$dispatch_1793_linear_s8,,,1000000000,us,1000000000000,0,,excluded_unmeasured,linear_s8,M=1;K=288;N=288,,,excluded_unmeasured,"the roccmoon kernel #includes a hart-0-executable fallback body, so this cell is physically possible -- but no board run in this tree has measured it, and inventing a number here would be fiction"
1794,moonshine$dispatch_1794_matmul_b_s8,,,1.655034975,ms,1655034.975,0,,board_measured_b1_scaled_by_measured_region_factor_0.5883,matmul_b_s8,B=8;M=1;K=36;N=165;transpose_b=1,66201,pext_dot8_exact[curated[pext_nl]],measured,
1795,moonshine$dispatch_1795_softmax_s8,,,0.992197365,ms,992197.365,0,,board_measured_b1_scaled_by_measured_region_factor_0.5883,softmax_s8,M=8;K=165,39688,pext_int_memo2[curated[pext_nl]],measured,
1796,moonshine$dispatch_1796_matmul_b_s8,,,1.513342920,ms,1513342.920,0,,board_measured_b1_scaled_by_measured_region_factor_0.5883,matmul_b_s8,B=8;M=1;K=165;N=36;transpose_b=1,60534,pext_dot8_exact[curated[pext_nl]],measured,
1797,moonshine$dispatch_1797_linear_s8,,,1000000000,us,1000000000000,0,,excluded_unmeasured,linear_s8,M=1;K=288;N=288,,,excluded_unmeasured,"the roccmoon kernel #includes a hart-0-executable fallback body, so this cell is physically possible -- but no board run in this tree has measured it, and inventing a number here would be fiction"
1798,moonshine$dispatch_1798_add_s8,,,0.082891470,ms,82891.470,0,,board_measured_b1_scaled_by_measured_region_factor_0.5883,add_s8,n=288,3316,pext_int_add[curated[pext_nl]],measured,
1799,moonshine$dispatch_1799_layernorm_s8,,,0.468080895,ms,468080.895,0,,board_measured_b1_scaled_by_measured_region_factor_0.5883,layernorm_s8,M=1;K=288,18723,pext_int_rsqrt[curated[pext_nl]],measured,
1800,moonshine$dispatch_1800_linear_s8,,,1000000000,us,1000000000000,0,,excluded_unmeasured,linear_s8,M=1;K=288;N=1152,,,excluded_unmeasured,"the roccmoon kernel #includes a hart-0-executable fallback body, so this cell is physically possible -- but no board run in this tree has measured it, and inventing a number here would be fiction"
1801,moonshine$dispatch_1801_silu_s8,,,0.753891743,ms,753891.743,0,,board_measured_b1_scaled_by_measured_region_factor_0.5883,silu_s8,n=1152,30156,pext_int_lut[curated[pext_nl]],measured,
1802,moonshine$dispatch_1802_linear_s8,,,1000000000,us,1000000000000,0,,excluded_unmeasured,linear_s8,M=1;K=288;N=1152,,,excluded_unmeasured,"the roccmoon kernel #includes a hart-0-executable fallback body, so this cell is physically possible -- but no board run in this tree has measured it, and inventing a number here would be fiction"
1803,moonshine$dispatch_1803_mul_s8,,,0.725418023,ms,725418.023,0,,board_measured_b1_scaled_by_measured_region_factor_0.5883,mul_s8,n=1152,29017,pext_int_mul[curated[pext_nl]],measured,
1804,moonshine$dispatch_1804_linear_s8,,,1000000000,us,1000000000000,0,,excluded_unmeasured,linear_s8,M=1;K=1152;N=288,,,excluded_unmeasured,"the roccmoon kernel #includes a hart-0-executable fallback body, so this cell is physically possible -- but no board run in this tree has measured it, and inventing a number here would be fiction"
1805,moonshine$dispatch_1805_add_s8,,,0.080302950,ms,80302.950,0,,board_measured_b1_scaled_by_measured_region_factor_0.5883,add_s8,n=288,3212,pext_int_add[curated[pext_nl]],measured,
1806,moonshine$dispatch_1806_layernorm_s8,,,0.463050930,ms,463050.930,0,,board_measured_b1_scaled_by_measured_region_factor_0.5883,layernorm_s8,M=1;K=288,18522,pext_int_rsqrt[curated[pext_nl]],measured,
1807,moonshine$dispatch_1807_linear_s8,,,1000000000,us,1000000000000,0,,excluded_unmeasured,linear_s8,M=1;K=288;N=288,,,excluded_unmeasured,"the roccmoon kernel #includes a hart-0-executable fallback body, so this cell is physically possible -- but no board run in this tree has measured it, and inventing a number here would be fiction"
1808,moonshine$dispatch_1808_rope_s8,,,0.143515785,ms,143515.785,0,,board_measured_b1_scaled_by_measured_region_factor_0.5883,rope_s8,T=1;H=8;D=36;R=32,5741,pext_int_rot[curated[pext_nl]],measured,
1809,moonshine$dispatch_1809_linear_s8,,,1000000000,us,1000000000000,0,,excluded_unmeasured,linear_s8,M=1;K=288;N=288,,,excluded_unmeasured,"the roccmoon kernel #includes a hart-0-executable fallback body, so this cell is physically possible -- but no board run in this tree has measured it, and inventing a number here would be fiction"
1810,moonshine$dispatch_1810_rope_s8,,,0.129396585,ms,129396.585,0,,board_measured_b1_scaled_by_measured_region_factor_0.5883,rope_s8,T=1;H=8;D=36;R=32,5176,pext_int_rot[curated[pext_nl]],measured,
1811,moonshine$dispatch_1811_linear_s8,,,1000000000,us,1000000000000,0,,excluded_unmeasured,linear_s8,M=1;K=288;N=288,,,excluded_unmeasured,"the roccmoon kernel #includes a hart-0-executable fallback body, so this cell is physically possible -- but no board run in this tree has measured it, and inventing a number here would be fiction"
1812,moonshine$dispatch_1812_cat2_c1_s8,,,0.626230643,ms,626230.643,0,,board_measured_b1_scaled_by_measured_region_factor_0.5883,cat2_c1_s8,N=1;H=288;W=1;C_inputs=9|1;C_total=10,25049,pext_memo_lut[curated[pext_nl]],measured,
1813,moonshine$dispatch_1813_cat2_c1_s8,,,0.612596790,ms,612596.790,0,,board_measured_b1_scaled_by_measured_region_factor_0.5883,cat2_c1_s8,N=1;H=288;W=1;C_inputs=9|1;C_total=10,24504,pext_memo_lut[curated[pext_nl]],measured,
1814,moonshine$dispatch_1814_permute4_s8,,,0.115600950,ms,115600.950,0,,board_measured_b1_scaled_by_measured_region_factor_0.5883,permute4_s8,d0=1;d1=10;d2=8;d3=36;p0=0;p1=2;p2=1;p3=3,4624,pext_block[curated[pext_nl]],measured,
1815,moonshine$dispatch_1815_permute4_s8,,,0.110644523,ms,110644.523,0,,board_measured_b1_scaled_by_measured_region_factor_0.5883,permute4_s8,d0=1;d1=10;d2=8;d3=36;p0=0;p1=2;p2=1;p3=3,4426,pext_block[curated[pext_nl]],measured,
1816,moonshine$dispatch_1816_matmul_b_s8,,,0.199639605,ms,199639.605,0,,board_measured_b1_scaled_by_measured_region_factor_0.5883,matmul_b_s8,B=8;M=1;K=36;N=10;transpose_b=1,7986,pext_dot8_exact[curated[pext_nl]],measured,
1817,moonshine$dispatch_1817_softmax_s8,,,0.286090290,ms,286090.290,0,,board_measured_b1_scaled_by_measured_region_factor_0.5883,softmax_s8,M=8;K=10,11444,pext_int_memo2[curated[pext_nl]],measured,
1818,moonshine$dispatch_1818_matmul_b_s8,,,0.480376365,ms,480376.365,0,,board_measured_b1_scaled_by_measured_region_factor_0.5883,matmul_b_s8,B=8;M=1;K=10;N=36;transpose_b=0,19215,pext_dot8_exact[curated[pext_nl]],measured,
1819,moonshine$dispatch_1819_linear_s8,,,1000000000,us,1000000000000,0,,excluded_unmeasured,linear_s8,M=1;K=288;N=288,,,excluded_unmeasured,"the roccmoon kernel #includes a hart-0-executable fallback body, so this cell is physically possible -- but no board run in this tree has measured it, and inventing a number here would be fiction"
1820,moonshine$dispatch_1820_add_s8,,,0.087053693,ms,87053.693,0,,board_measured_b1_scaled_by_measured_region_factor_0.5883,add_s8,n=288,3482,pext_int_add[curated[pext_nl]],measured,
1821,moonshine$dispatch_1821_layernorm_s8,,,0.478067288,ms,478067.288,0,,board_measured_b1_scaled_by_measured_region_factor_0.5883,layernorm_s8,M=1;K=288,19123,pext_int_rsqrt[curated[pext_nl]],measured,
1822,moonshine$dispatch_1822_linear_s8,,,1000000000,us,1000000000000,0,,excluded_unmeasured,linear_s8,M=1;K=288;N=288,,,excluded_unmeasured,"the roccmoon kernel #includes a hart-0-executable fallback body, so this cell is physically possible -- but no board run in this tree has measured it, and inventing a number here would be fiction"
1823,moonshine$dispatch_1823_matmul_b_s8,,,1.643563125,ms,1643563.125,0,,board_measured_b1_scaled_by_measured_region_factor_0.5883,matmul_b_s8,B=8;M=1;K=36;N=165;transpose_b=1,65743,pext_dot8_exact[curated[pext_nl]],measured,
1824,moonshine$dispatch_1824_softmax_s8,,,0.953428395,ms,953428.395,0,,board_measured_b1_scaled_by_measured_region_factor_0.5883,softmax_s8,M=8;K=165,38137,pext_int_memo2[curated[pext_nl]],measured,
1825,moonshine$dispatch_1825_matmul_b_s8,,,1.517769878,ms,1517769.878,0,,board_measured_b1_scaled_by_measured_region_factor_0.5883,matmul_b_s8,B=8;M=1;K=165;N=36;transpose_b=1,60711,pext_dot8_exact[curated[pext_nl]],measured,
1826,moonshine$dispatch_1826_linear_s8,,,1000000000,us,1000000000000,0,,excluded_unmeasured,linear_s8,M=1;K=288;N=288,,,excluded_unmeasured,"the roccmoon kernel #includes a hart-0-executable fallback body, so this cell is physically possible -- but no board run in this tree has measured it, and inventing a number here would be fiction"
1827,moonshine$dispatch_1827_add_s8,,,0.085127010,ms,85127.010,0,,board_measured_b1_scaled_by_measured_region_factor_0.5883,add_s8,n=288,3405,pext_int_add[curated[pext_nl]],measured,
1828,moonshine$dispatch_1828_layernorm_s8,,,0.472243118,ms,472243.118,0,,board_measured_b1_scaled_by_measured_region_factor_0.5883,layernorm_s8,M=1;K=288,18890,pext_int_rsqrt[curated[pext_nl]],measured,
1829,moonshine$dispatch_1829_linear_s8,,,1000000000,us,1000000000000,0,,excluded_unmeasured,linear_s8,M=1;K=288;N=1152,,,excluded_unmeasured,"the roccmoon kernel #includes a hart-0-executable fallback body, so this cell is physically possible -- but no board run in this tree has measured it, and inventing a number here would be fiction"
1830,moonshine$dispatch_1830_silu_s8,,,0.834577088,ms,834577.088,0,,board_measured_b1_scaled_by_measured_region_factor_0.5883,silu_s8,n=1152,33383,pext_int_lut[curated[pext_nl]],measured,
1831,moonshine$dispatch_1831_linear_s8,,,1000000000,us,1000000000000,0,,excluded_unmeasured,linear_s8,M=1;K=288;N=1152,,,excluded_unmeasured,"the roccmoon kernel #includes a hart-0-executable fallback body, so this cell is physically possible -- but no board run in this tree has measured it, and inventing a number here would be fiction"
1832,moonshine$dispatch_1832_mul_s8,,,0.723403095,ms,723403.095,0,,board_measured_b1_scaled_by_measured_region_factor_0.5883,mul_s8,n=1152,28936,pext_int_mul[curated[pext_nl]],measured,
1833,moonshine$dispatch_1833_linear_s8,,,1000000000,us,1000000000000,0,,excluded_unmeasured,linear_s8,M=1;K=1152;N=288,,,excluded_unmeasured,"the roccmoon kernel #includes a hart-0-executable fallback body, so this cell is physically possible -- but no board run in this tree has measured it, and inventing a number here would be fiction"
1834,moonshine$dispatch_1834_add_s8,,,0.082876763,ms,82876.763,0,,board_measured_b1_scaled_by_measured_region_factor_0.5883,add_s8,n=288,3315,pext_int_add[curated[pext_nl]],measured,
1835,moonshine$dispatch_1835_layernorm_s8,,,0.464536388,ms,464536.388,0,,board_measured_b1_scaled_by_measured_region_factor_0.5883,layernorm_s8,M=1;K=288,18581,pext_int_rsqrt[curated[pext_nl]],measured,
1836,moonshine$dispatch_1836_linear_s8,,,1000000000,us,1000000000000,0,,excluded_unmeasured,linear_s8,M=1;K=288;N=288,,,excluded_unmeasured,"the roccmoon kernel #includes a hart-0-executable fallback body, so this cell is physically possible -- but no board run in this tree has measured it, and inventing a number here would be fiction"
1837,moonshine$dispatch_1837_rope_s8,,,0.141044925,ms,141044.925,0,,board_measured_b1_scaled_by_measured_region_factor_0.5883,rope_s8,T=1;H=8;D=36;R=32,5642,pext_int_rot[curated[pext_nl]],measured,
1838,moonshine$dispatch_1838_linear_s8,,,1000000000,us,1000000000000,0,,excluded_unmeasured,linear_s8,M=1;K=288;N=288,,,excluded_unmeasured,"the roccmoon kernel #includes a hart-0-executable fallback body, so this cell is physically possible -- but no board run in this tree has measured it, and inventing a number here would be fiction"
1839,moonshine$dispatch_1839_rope_s8,,,0.170136360,ms,170136.360,0,,board_measured_b1_scaled_by_measured_region_factor_0.5883,rope_s8,T=1;H=8;D=36;R=32,6805,pext_int_rot[curated[pext_nl]],measured,
1840,moonshine$dispatch_1840_linear_s8,,,1000000000,us,1000000000000,0,,excluded_unmeasured,linear_s8,M=1;K=288;N=288,,,excluded_unmeasured,"the roccmoon kernel #includes a hart-0-executable fallback body, so this cell is physically possible -- but no board run in this tree has measured it, and inventing a number here would be fiction"
1841,moonshine$dispatch_1841_cat2_c1_s8,,,0.625627635,ms,625627.635,0,,board_measured_b1_scaled_by_measured_region_factor_0.5883,cat2_c1_s8,N=1;H=288;W=1;C_inputs=9|1;C_total=10,25025,pext_memo_lut[curated[pext_nl]],measured,
1842,moonshine$dispatch_1842_cat2_c1_s8,,,0.622980285,ms,622980.285,0,,board_measured_b1_scaled_by_measured_region_factor_0.5883,cat2_c1_s8,N=1;H=288;W=1;C_inputs=9|1;C_total=10,24919,pext_memo_lut[curated[pext_nl]],measured,
1843,moonshine$dispatch_1843_permute4_s8,,,0.119983785,ms,119983.785,0,,board_measured_b1_scaled_by_measured_region_factor_0.5883,permute4_s8,d0=1;d1=10;d2=8;d3=36;p0=0;p1=2;p2=1;p3=3,4799,pext_block[curated[pext_nl]],measured,
1844,moonshine$dispatch_1844_permute4_s8,,,0.118086518,ms,118086.518,0,,board_measured_b1_scaled_by_measured_region_factor_0.5883,permute4_s8,d0=1;d1=10;d2=8;d3=36;p0=0;p1=2;p2=1;p3=3,4723,pext_block[curated[pext_nl]],measured,
1845,moonshine$dispatch_1845_matmul_b_s8,,,0.198360052,ms,198360.052,0,,board_measured_b1_scaled_by_measured_region_factor_0.5883,matmul_b_s8,B=8;M=1;K=36;N=10;transpose_b=1,7934,pext_dot8_exact[curated[pext_nl]],measured,
1846,moonshine$dispatch_1846_softmax_s8,,,0.294841253,ms,294841.253,0,,board_measured_b1_scaled_by_measured_region_factor_0.5883,softmax_s8,M=8;K=10,11794,pext_int_memo2[curated[pext_nl]],measured,
1847,moonshine$dispatch_1847_matmul_b_s8,,,0.487936020,ms,487936.020,0,,board_measured_b1_scaled_by_measured_region_factor_0.5883,matmul_b_s8,B=8;M=1;K=10;N=36;transpose_b=0,19517,pext_dot8_exact[curated[pext_nl]],measured,
1848,moonshine$dispatch_1848_linear_s8,,,1000000000,us,1000000000000,0,,excluded_unmeasured,linear_s8,M=1;K=288;N=288,,,excluded_unmeasured,"the roccmoon kernel #includes a hart-0-executable fallback body, so this cell is physically possible -- but no board run in this tree has measured it, and inventing a number here would be fiction"
1849,moonshine$dispatch_1849_add_s8,,,0.085965338,ms,85965.338,0,,board_measured_b1_scaled_by_measured_region_factor_0.5883,add_s8,n=288,3439,pext_int_add[curated[pext_nl]],measured,
1850,moonshine$dispatch_1850_layernorm_s8,,,0.480552855,ms,480552.855,0,,board_measured_b1_scaled_by_measured_region_factor_0.5883,layernorm_s8,M=1;K=288,19222,pext_int_rsqrt[curated[pext_nl]],measured,
1851,moonshine$dispatch_1851_linear_s8,,,1000000000,us,1000000000000,0,,excluded_unmeasured,linear_s8,M=1;K=288;N=288,,,excluded_unmeasured,"the roccmoon kernel #includes a hart-0-executable fallback body, so this cell is physically possible -- but no board run in this tree has measured it, and inventing a number here would be fiction"
1852,moonshine$dispatch_1852_matmul_b_s8,,,1.642077668,ms,1642077.668,0,,board_measured_b1_scaled_by_measured_region_factor_0.5883,matmul_b_s8,B=8;M=1;K=36;N=165;transpose_b=1,65683,pext_dot8_exact[curated[pext_nl]],measured,
1853,moonshine$dispatch_1853_softmax_s8,,,0.952237088,ms,952237.088,0,,board_measured_b1_scaled_by_measured_region_factor_0.5883,softmax_s8,M=8;K=165,38089,pext_int_memo2[curated[pext_nl]],measured,
1854,moonshine$dispatch_1854_matmul_b_s8,,,1.513960635,ms,1513960.635,0,,board_measured_b1_scaled_by_measured_region_factor_0.5883,matmul_b_s8,B=8;M=1;K=165;N=36;transpose_b=1,60558,pext_dot8_exact[curated[pext_nl]],measured,
1855,moonshine$dispatch_1855_linear_s8,,,1000000000,us,1000000000000,0,,excluded_unmeasured,linear_s8,M=1;K=288;N=288,,,excluded_unmeasured,"the roccmoon kernel #includes a hart-0-executable fallback body, so this cell is physically possible -- but no board run in this tree has measured it, and inventing a number here would be fiction"
1856,moonshine$dispatch_1856_add_s8,,,0.081464843,ms,81464.843,0,,board_measured_b1_scaled_by_measured_region_factor_0.5883,add_s8,n=288,3259,pext_int_add[curated[pext_nl]],measured,
1857,moonshine$dispatch_1857_layernorm_s8,,,0.468213263,ms,468213.263,0,,board_measured_b1_scaled_by_measured_region_factor_0.5883,layernorm_s8,M=1;K=288,18729,pext_int_rsqrt[curated[pext_nl]],measured,
1858,moonshine$dispatch_1858_linear_s8,,,1000000000,us,1000000000000,0,,excluded_unmeasured,linear_s8,M=1;K=288;N=1152,,,excluded_unmeasured,"the roccmoon kernel #includes a hart-0-executable fallback body, so this cell is physically possible -- but no board run in this tree has measured it, and inventing a number here would be fiction"
1859,moonshine$dispatch_1859_silu_s8,,,0.793704945,ms,793704.945,0,,board_measured_b1_scaled_by_measured_region_factor_0.5883,silu_s8,n=1152,31748,pext_int_lut[curated[pext_nl]],measured,
1860,moonshine$dispatch_1860_linear_s8,,,1000000000,us,1000000000000,0,,excluded_unmeasured,linear_s8,M=1;K=288;N=1152,,,excluded_unmeasured,"the roccmoon kernel #includes a hart-0-executable fallback body, so this cell is physically possible -- but no board run in this tree has measured it, and inventing a number here would be fiction"
1861,moonshine$dispatch_1861_mul_s8,,,0.723932565,ms,723932.565,0,,board_measured_b1_scaled_by_measured_region_factor_0.5883,mul_s8,n=1152,28957,pext_int_mul[curated[pext_nl]],measured,
1862,moonshine$dispatch_1862_linear_s8,,,1000000000,us,1000000000000,0,,excluded_unmeasured,linear_s8,M=1;K=1152;N=288,,,excluded_unmeasured,"the roccmoon kernel #includes a hart-0-executable fallback body, so this cell is physically possible -- but no board run in this tree has measured it, and inventing a number here would be fiction"
1863,moonshine$dispatch_1863_add_s8,,,0.082303170,ms,82303.170,0,,board_measured_b1_scaled_by_measured_region_factor_0.5883,add_s8,n=288,3292,pext_int_add[curated[pext_nl]],measured,
1864,moonshine$dispatch_1864_layernorm_s8,,,0.468551535,ms,468551.535,0,,board_measured_b1_scaled_by_measured_region_factor_0.5883,layernorm_s8,M=1;K=288,18742,pext_int_rsqrt[curated[pext_nl]],measured,
1865,moonshine$dispatch_1865_linear_s8,,,1000000000,us,1000000000000,0,,excluded_unmeasured,linear_s8,M=1;K=288;N=288,,,excluded_unmeasured,"the roccmoon kernel #includes a hart-0-executable fallback body, so this cell is physically possible -- but no board run in this tree has measured it, and inventing a number here would be fiction"
1866,moonshine$dispatch_1866_rope_s8,,,0.140603700,ms,140603.700,0,,board_measured_b1_scaled_by_measured_region_factor_0.5883,rope_s8,T=1;H=8;D=36;R=32,5624,pext_int_rot[curated[pext_nl]],measured,
1867,moonshine$dispatch_1867_linear_s8,,,1000000000,us,1000000000000,0,,excluded_unmeasured,linear_s8,M=1;K=288;N=288,,,excluded_unmeasured,"the roccmoon kernel #includes a hart-0-executable fallback body, so this cell is physically possible -- but no board run in this tree has measured it, and inventing a number here would be fiction"
1868,moonshine$dispatch_1868_rope_s8,,,0.123616537,ms,123616.537,0,,board_measured_b1_scaled_by_measured_region_factor_0.5883,rope_s8,T=1;H=8;D=36;R=32,4945,pext_int_rot[curated[pext_nl]],measured,
1869,moonshine$dispatch_1869_linear_s8,,,1000000000,us,1000000000000,0,,excluded_unmeasured,linear_s8,M=1;K=288;N=288,,,excluded_unmeasured,"the roccmoon kernel #includes a hart-0-executable fallback body, so this cell is physically possible -- but no board run in this tree has measured it, and inventing a number here would be fiction"
1870,moonshine$dispatch_1870_cat2_c1_s8,,,0.632613697,ms,632613.698,0,,board_measured_b1_scaled_by_measured_region_factor_0.5883,cat2_c1_s8,N=1;H=288;W=1;C_inputs=9|1;C_total=10,25305,pext_memo_lut[curated[pext_nl]],measured,
1871,moonshine$dispatch_1871_cat2_c1_s8,,,0.615876563,ms,615876.562,0,,board_measured_b1_scaled_by_measured_region_factor_0.5883,cat2_c1_s8,N=1;H=288;W=1;C_inputs=9|1;C_total=10,24635,pext_memo_lut[curated[pext_nl]],measured,
1872,moonshine$dispatch_1872_permute4_s8,,,0.122086958,ms,122086.958,0,,board_measured_b1_scaled_by_measured_region_factor_0.5883,permute4_s8,d0=1;d1=10;d2=8;d3=36;p0=0;p1=2;p2=1;p3=3,4883,pext_block[curated[pext_nl]],measured,
1873,moonshine$dispatch_1873_permute4_s8,,,0.116086298,ms,116086.298,0,,board_measured_b1_scaled_by_measured_region_factor_0.5883,permute4_s8,d0=1;d1=10;d2=8;d3=36;p0=0;p1=2;p2=1;p3=3,4643,pext_block[curated[pext_nl]],measured,
1874,moonshine$dispatch_1874_matmul_b_s8,,,0.195624458,ms,195624.458,0,,board_measured_b1_scaled_by_measured_region_factor_0.5883,matmul_b_s8,B=8;M=1;K=36;N=10;transpose_b=1,7825,pext_dot8_exact[curated[pext_nl]],measured,
1875,moonshine$dispatch_1875_softmax_s8,,,0.276192143,ms,276192.143,0,,board_measured_b1_scaled_by_measured_region_factor_0.5883,softmax_s8,M=8;K=10,11048,pext_int_memo2[curated[pext_nl]],measured,
1876,moonshine$dispatch_1876_matmul_b_s8,,,0.480876420,ms,480876.420,0,,board_measured_b1_scaled_by_measured_region_factor_0.5883,matmul_b_s8,B=8;M=1;K=10;N=36;transpose_b=0,19235,pext_dot8_exact[curated[pext_nl]],measured,
1877,moonshine$dispatch_1877_linear_s8,,,1000000000,us,1000000000000,0,,excluded_unmeasured,linear_s8,M=1;K=288;N=288,,,excluded_unmeasured,"the roccmoon kernel #includes a hart-0-executable fallback body, so this cell is physically possible -- but no board run in this tree has measured it, and inventing a number here would be fiction"
1878,moonshine$dispatch_1878_add_s8,,,0.084685785,ms,84685.785,0,,board_measured_b1_scaled_by_measured_region_factor_0.5883,add_s8,n=288,3387,pext_int_add[curated[pext_nl]],measured,
1879,moonshine$dispatch_1879_layernorm_s8,,,0.470919443,ms,470919.443,0,,board_measured_b1_scaled_by_measured_region_factor_0.5883,layernorm_s8,M=1;K=288,18837,pext_int_rsqrt[curated[pext_nl]],measured,
1880,moonshine$dispatch_1880_linear_s8,,,1000000000,us,1000000000000,0,,excluded_unmeasured,linear_s8,M=1;K=288;N=288,,,excluded_unmeasured,"the roccmoon kernel #includes a hart-0-executable fallback body, so this cell is physically possible -- but no board run in this tree has measured it, and inventing a number here would be fiction"
1881,moonshine$dispatch_1881_matmul_b_s8,,,1.642298280,ms,1642298.280,0,,board_measured_b1_scaled_by_measured_region_factor_0.5883,matmul_b_s8,B=8;M=1;K=36;N=165;transpose_b=1,65692,pext_dot8_exact[curated[pext_nl]],measured,
1882,moonshine$dispatch_1882_softmax_s8,,,0.924351668,ms,924351.668,0,,board_measured_b1_scaled_by_measured_region_factor_0.5883,softmax_s8,M=8;K=165,36974,pext_int_memo2[curated[pext_nl]],measured,
1883,moonshine$dispatch_1883_matmul_b_s8,,,1.510151393,ms,1510151.393,0,,board_measured_b1_scaled_by_measured_region_factor_0.5883,matmul_b_s8,B=8;M=1;K=165;N=36;transpose_b=1,60406,pext_dot8_exact[curated[pext_nl]],measured,
1884,moonshine$dispatch_1884_linear_s8,,,1000000000,us,1000000000000,0,,excluded_unmeasured,linear_s8,M=1;K=288;N=288,,,excluded_unmeasured,"the roccmoon kernel #includes a hart-0-executable fallback body, so this cell is physically possible -- but no board run in this tree has measured it, and inventing a number here would be fiction"
1885,moonshine$dispatch_1885_add_s8,,,0.080523563,ms,80523.562,0,,board_measured_b1_scaled_by_measured_region_factor_0.5883,add_s8,n=288,3221,pext_int_add[curated[pext_nl]],measured,
1886,moonshine$dispatch_1886_layernorm_s8,,,0.469125128,ms,469125.128,0,,board_measured_b1_scaled_by_measured_region_factor_0.5883,layernorm_s8,M=1;K=288,18765,pext_int_rsqrt[curated[pext_nl]],measured,
1887,moonshine$dispatch_1887_linear_s8,,,1000000000,us,1000000000000,0,,excluded_unmeasured,linear_s8,M=1;K=288;N=1152,,,excluded_unmeasured,"the roccmoon kernel #includes a hart-0-executable fallback body, so this cell is physically possible -- but no board run in this tree has measured it, and inventing a number here would be fiction"
1888,moonshine$dispatch_1888_silu_s8,,,0.927896175,ms,927896.175,0,,board_measured_b1_scaled_by_measured_region_factor_0.5883,silu_s8,n=1152,37116,pext_int_lut[curated[pext_nl]],measured,
1889,moonshine$dispatch_1889_linear_s8,,,1000000000,us,1000000000000,0,,excluded_unmeasured,linear_s8,M=1;K=288;N=1152,,,excluded_unmeasured,"the roccmoon kernel #includes a hart-0-executable fallback body, so this cell is physically possible -- but no board run in this tree has measured it, and inventing a number here would be fiction"
1890,moonshine$dispatch_1890_mul_s8,,,0.721991175,ms,721991.175,0,,board_measured_b1_scaled_by_measured_region_factor_0.5883,mul_s8,n=1152,28880,pext_int_mul[curated[pext_nl]],measured,
1891,moonshine$dispatch_1891_linear_s8,,,1000000000,us,1000000000000,0,,excluded_unmeasured,linear_s8,M=1;K=1152;N=288,,,excluded_unmeasured,"the roccmoon kernel #includes a hart-0-executable fallback body, so this cell is physically possible -- but no board run in this tree has measured it, and inventing a number here would be fiction"
1892,moonshine$dispatch_1892_add_s8,,,0.078596880,ms,78596.880,0,,board_measured_b1_scaled_by_measured_region_factor_0.5883,add_s8,n=288,3144,pext_int_add[curated[pext_nl]],measured,
1893,moonshine$dispatch_1893_layernorm_s8,,,0.460138845,ms,460138.845,0,,board_measured_b1_scaled_by_measured_region_factor_0.5883,layernorm_s8,M=1;K=288,18406,pext_int_rsqrt[curated[pext_nl]],measured,
1894,moonshine$dispatch_1894_linear_s8,,,1000000000,us,1000000000000,0,,excluded_unmeasured,linear_s8,M=1;K=288;N=16384,,,excluded_unmeasured,"the roccmoon kernel #includes a hart-0-executable fallback body, so this cell is physically possible -- but no board run in this tree has measured it, and inventing a number here would be fiction"
1895,moonshine$dispatch_1895_linear_s8,,,1000000000,us,1000000000000,0,,excluded_unmeasured,linear_s8,M=1;K=288;N=16384,,,excluded_unmeasured,"the roccmoon kernel #includes a hart-0-executable fallback body, so this cell is physically possible -- but no board run in this tree has measured it, and inventing a number here would be fiction"
1896,moonshine$dispatch_1896_cat2_c1_s8,,,0.781041788,ms,781041.788,0,,board_measured_b1_scaled_by_measured_region_factor_0.5883,cat2_c1_s8,N=1;H=1;W=1;C_inputs=16384|16384;C_total=32768,31242,pext_memo_lut[curated[pext_nl]],measured,
1897,moonshine$dispatch_1897_layernorm_s8,,,0.467198445,ms,467198.445,0,,board_measured_b1_scaled_by_measured_region_factor_0.5883,layernorm_s8,M=1;K=288,18688,pext_int_rsqrt[curated[pext_nl]],measured,
1898,moonshine$dispatch_1898_linear_s8,,,1000000000,us,1000000000000,0,,excluded_unmeasured,linear_s8,M=1;K=288;N=288,,,excluded_unmeasured,"the roccmoon kernel #includes a hart-0-executable fallback body, so this cell is physically possible -- but no board run in this tree has measured it, and inventing a number here would be fiction"
1899,moonshine$dispatch_1899_rope_s8,,,0.141206708,ms,141206.708,0,,board_measured_b1_scaled_by_measured_region_factor_0.5883,rope_s8,T=1;H=8;D=36;R=32,5648,pext_int_rot[curated[pext_nl]],measured,
1900,moonshine$dispatch_1900_linear_s8,,,1000000000,us,1000000000000,0,,excluded_unmeasured,linear_s8,M=1;K=288;N=288,,,excluded_unmeasured,"the roccmoon kernel #includes a hart-0-executable fallback body, so this cell is physically possible -- but no board run in this tree has measured it, and inventing a number here would be fiction"
1901,moonshine$dispatch_1901_rope_s8,,,0.126293303,ms,126293.303,0,,board_measured_b1_scaled_by_measured_region_factor_0.5883,rope_s8,T=1;H=8;D=36;R=32,5052,pext_int_rot[curated[pext_nl]],measured,
1902,moonshine$dispatch_1902_linear_s8,,,1000000000,us,1000000000000,0,,excluded_unmeasured,linear_s8,M=1;K=288;N=288,,,excluded_unmeasured,"the roccmoon kernel #includes a hart-0-executable fallback body, so this cell is physically possible -- but no board run in this tree has measured it, and inventing a number here would be fiction"
1903,moonshine$dispatch_1903_cat2_c1_s8,,,0.677398035,ms,677398.035,0,,board_measured_b1_scaled_by_measured_region_factor_0.5883,cat2_c1_s8,N=1;H=288;W=1;C_inputs=10|1;C_total=11,27096,pext_memo_lut[curated[pext_nl]],measured,
1904,moonshine$dispatch_1904_cat2_c1_s8,,,0.662675827,ms,662675.828,0,,board_measured_b1_scaled_by_measured_region_factor_0.5883,cat2_c1_s8,N=1;H=288;W=1;C_inputs=10|1;C_total=11,26507,pext_memo_lut[curated[pext_nl]],measured,
1905,moonshine$dispatch_1905_permute4_s8,,,0.130146668,ms,130146.668,0,,board_measured_b1_scaled_by_measured_region_factor_0.5883,permute4_s8,d0=1;d1=11;d2=8;d3=36;p0=0;p1=2;p2=1;p3=3,5206,pext_block[curated[pext_nl]],measured,
1906,moonshine$dispatch_1906_permute4_s8,,,0.125822662,ms,125822.662,0,,board_measured_b1_scaled_by_measured_region_factor_0.5883,permute4_s8,d0=1;d1=11;d2=8;d3=36;p0=0;p1=2;p2=1;p3=3,5033,pext_block[curated[pext_nl]],measured,
1907,moonshine$dispatch_1907_matmul_b_s8,,,0.208067003,ms,208067.003,0,,board_measured_b1_scaled_by_measured_region_factor_0.5883,matmul_b_s8,B=8;M=1;K=36;N=11;transpose_b=1,8323,pext_dot8_exact[curated[pext_nl]],measured,
1908,moonshine$dispatch_1908_softmax_s8,,,0.262352385,ms,262352.385,0,,board_measured_b1_scaled_by_measured_region_factor_0.5883,softmax_s8,M=8;K=11,10494,pext_int_memo2[curated[pext_nl]],measured,
1909,moonshine$dispatch_1909_matmul_b_s8,,,0.543295050,ms,543295.050,0,,board_measured_b1_scaled_by_measured_region_factor_0.5883,matmul_b_s8,B=8;M=1;K=11;N=36;transpose_b=0,21732,pext_dot8_exact[curated[pext_nl]],measured,
1910,moonshine$dispatch_1910_linear_s8,,,1000000000,us,1000000000000,0,,excluded_unmeasured,linear_s8,M=1;K=288;N=288,,,excluded_unmeasured,"the roccmoon kernel #includes a hart-0-executable fallback body, so this cell is physically possible -- but no board run in this tree has measured it, and inventing a number here would be fiction"
1911,moonshine$dispatch_1911_add_s8,,,0.086568345,ms,86568.345,0,,board_measured_b1_scaled_by_measured_region_factor_0.5883,add_s8,n=288,3463,pext_int_add[curated[pext_nl]],measured,
1912,moonshine$dispatch_1912_layernorm_s8,,,0.467271983,ms,467271.983,0,,board_measured_b1_scaled_by_measured_region_factor_0.5883,layernorm_s8,M=1;K=288,18691,pext_int_rsqrt[curated[pext_nl]],measured,
1913,moonshine$dispatch_1913_linear_s8,,,1000000000,us,1000000000000,0,,excluded_unmeasured,linear_s8,M=1;K=288;N=288,,,excluded_unmeasured,"the roccmoon kernel #includes a hart-0-executable fallback body, so this cell is physically possible -- but no board run in this tree has measured it, and inventing a number here would be fiction"
1914,moonshine$dispatch_1914_matmul_b_s8,,,1.695730628,ms,1695730.628,0,,board_measured_b1_scaled_by_measured_region_factor_0.5883,matmul_b_s8,B=8;M=1;K=36;N=165;transpose_b=1,67829,pext_dot8_exact[curated[pext_nl]],measured,
1915,moonshine$dispatch_1915_softmax_s8,,,1.234635795,ms,1234635.795,0,,board_measured_b1_scaled_by_measured_region_factor_0.5883,softmax_s8,M=8;K=165,49385,pext_int_memo2[curated[pext_nl]],measured,
1916,moonshine$dispatch_1916_matmul_b_s8,,,1.515181358,ms,1515181.358,0,,board_measured_b1_scaled_by_measured_region_factor_0.5883,matmul_b_s8,B=8;M=1;K=165;N=36;transpose_b=1,60607,pext_dot8_exact[curated[pext_nl]],measured,
1917,moonshine$dispatch_1917_linear_s8,,,1000000000,us,1000000000000,0,,excluded_unmeasured,linear_s8,M=1;K=288;N=288,,,excluded_unmeasured,"the roccmoon kernel #includes a hart-0-executable fallback body, so this cell is physically possible -- but no board run in this tree has measured it, and inventing a number here would be fiction"
1918,moonshine$dispatch_1918_add_s8,,,0.084509295,ms,84509.295,0,,board_measured_b1_scaled_by_measured_region_factor_0.5883,add_s8,n=288,3380,pext_int_add[curated[pext_nl]],measured,
1919,moonshine$dispatch_1919_layernorm_s8,,,0.466095383,ms,466095.383,0,,board_measured_b1_scaled_by_measured_region_factor_0.5883,layernorm_s8,M=1;K=288,18644,pext_int_rsqrt[curated[pext_nl]],measured,
1920,moonshine$dispatch_1920_linear_s8,,,1000000000,us,1000000000000,0,,excluded_unmeasured,linear_s8,M=1;K=288;N=1152,,,excluded_unmeasured,"the roccmoon kernel #includes a hart-0-executable fallback body, so this cell is physically possible -- but no board run in this tree has measured it, and inventing a number here would be fiction"
1921,moonshine$dispatch_1921_silu_s8,,,0.959679083,ms,959679.083,0,,board_measured_b1_scaled_by_measured_region_factor_0.5883,silu_s8,n=1152,38387,pext_int_lut[curated[pext_nl]],measured,
1922,moonshine$dispatch_1922_linear_s8,,,1000000000,us,1000000000000,0,,excluded_unmeasured,linear_s8,M=1;K=288;N=1152,,,excluded_unmeasured,"the roccmoon kernel #includes a hart-0-executable fallback body, so this cell is physically possible -- but no board run in this tree has measured it, and inventing a number here would be fiction"
1923,moonshine$dispatch_1923_mul_s8,,,0.730212668,ms,730212.668,0,,board_measured_b1_scaled_by_measured_region_factor_0.5883,mul_s8,n=1152,29209,pext_int_mul[curated[pext_nl]],measured,
1924,moonshine$dispatch_1924_linear_s8,,,1000000000,us,1000000000000,0,,excluded_unmeasured,linear_s8,M=1;K=1152;N=288,,,excluded_unmeasured,"the roccmoon kernel #includes a hart-0-executable fallback body, so this cell is physically possible -- but no board run in this tree has measured it, and inventing a number here would be fiction"
1925,moonshine$dispatch_1925_add_s8,,,0.084465173,ms,84465.173,0,,board_measured_b1_scaled_by_measured_region_factor_0.5883,add_s8,n=288,3379,pext_int_add[curated[pext_nl]],measured,
1926,moonshine$dispatch_1926_layernorm_s8,,,0.469213373,ms,469213.373,0,,board_measured_b1_scaled_by_measured_region_factor_0.5883,layernorm_s8,M=1;K=288,18769,pext_int_rsqrt[curated[pext_nl]],measured,
1927,moonshine$dispatch_1927_linear_s8,,,1000000000,us,1000000000000,0,,excluded_unmeasured,linear_s8,M=1;K=288;N=288,,,excluded_unmeasured,"the roccmoon kernel #includes a hart-0-executable fallback body, so this cell is physically possible -- but no board run in this tree has measured it, and inventing a number here would be fiction"
1928,moonshine$dispatch_1928_rope_s8,,,0.144839460,ms,144839.460,0,,board_measured_b1_scaled_by_measured_region_factor_0.5883,rope_s8,T=1;H=8;D=36;R=32,5794,pext_int_rot[curated[pext_nl]],measured,
1929,moonshine$dispatch_1929_linear_s8,,,1000000000,us,1000000000000,0,,excluded_unmeasured,linear_s8,M=1;K=288;N=288,,,excluded_unmeasured,"the roccmoon kernel #includes a hart-0-executable fallback body, so this cell is physically possible -- but no board run in this tree has measured it, and inventing a number here would be fiction"
1930,moonshine$dispatch_1930_rope_s8,,,0.125101995,ms,125101.995,0,,board_measured_b1_scaled_by_measured_region_factor_0.5883,rope_s8,T=1;H=8;D=36;R=32,5004,pext_int_rot[curated[pext_nl]],measured,
1931,moonshine$dispatch_1931_linear_s8,,,1000000000,us,1000000000000,0,,excluded_unmeasured,linear_s8,M=1;K=288;N=288,,,excluded_unmeasured,"the roccmoon kernel #includes a hart-0-executable fallback body, so this cell is physically possible -- but no board run in this tree has measured it, and inventing a number here would be fiction"
1932,moonshine$dispatch_1932_cat2_c1_s8,,,0.674691855,ms,674691.855,0,,board_measured_b1_scaled_by_measured_region_factor_0.5883,cat2_c1_s8,N=1;H=288;W=1;C_inputs=10|1;C_total=11,26988,pext_memo_lut[curated[pext_nl]],measured,
1933,moonshine$dispatch_1933_cat2_c1_s8,,,0.661955160,ms,661955.160,0,,board_measured_b1_scaled_by_measured_region_factor_0.5883,cat2_c1_s8,N=1;H=288;W=1;C_inputs=10|1;C_total=11,26478,pext_memo_lut[curated[pext_nl]],measured,
1934,moonshine$dispatch_1934_permute4_s8,,,0.133058752,ms,133058.753,0,,board_measured_b1_scaled_by_measured_region_factor_0.5883,permute4_s8,d0=1;d1=11;d2=8;d3=36;p0=0;p1=2;p2=1;p3=3,5322,pext_block[curated[pext_nl]],measured,
1935,moonshine$dispatch_1935_permute4_s8,,,0.127867005,ms,127867.005,0,,board_measured_b1_scaled_by_measured_region_factor_0.5883,permute4_s8,d0=1;d1=11;d2=8;d3=36;p0=0;p1=2;p2=1;p3=3,5115,pext_block[curated[pext_nl]],measured,
1936,moonshine$dispatch_1936_matmul_b_s8,,,0.207052185,ms,207052.185,0,,board_measured_b1_scaled_by_measured_region_factor_0.5883,matmul_b_s8,B=8;M=1;K=36;N=11;transpose_b=1,8282,pext_dot8_exact[curated[pext_nl]],measured,
1937,moonshine$dispatch_1937_softmax_s8,,,0.286252073,ms,286252.073,0,,board_measured_b1_scaled_by_measured_region_factor_0.5883,softmax_s8,M=8;K=11,11450,pext_int_memo2[curated[pext_nl]],measured,
1938,moonshine$dispatch_1938_matmul_b_s8,,,0.533367488,ms,533367.488,0,,board_measured_b1_scaled_by_measured_region_factor_0.5883,matmul_b_s8,B=8;M=1;K=11;N=36;transpose_b=0,21335,pext_dot8_exact[curated[pext_nl]],measured,
1939,moonshine$dispatch_1939_linear_s8,,,1000000000,us,1000000000000,0,,excluded_unmeasured,linear_s8,M=1;K=288;N=288,,,excluded_unmeasured,"the roccmoon kernel #includes a hart-0-executable fallback body, so this cell is physically possible -- but no board run in this tree has measured it, and inventing a number here would be fiction"
1940,moonshine$dispatch_1940_add_s8,,,0.086583053,ms,86583.053,0,,board_measured_b1_scaled_by_measured_region_factor_0.5883,add_s8,n=288,3463,pext_int_add[curated[pext_nl]],measured,
1941,moonshine$dispatch_1941_layernorm_s8,,,0.472551975,ms,472551.975,0,,board_measured_b1_scaled_by_measured_region_factor_0.5883,layernorm_s8,M=1;K=288,18902,pext_int_rsqrt[curated[pext_nl]],measured,
1942,moonshine$dispatch_1942_linear_s8,,,1000000000,us,1000000000000,0,,excluded_unmeasured,linear_s8,M=1;K=288;N=288,,,excluded_unmeasured,"the roccmoon kernel #includes a hart-0-executable fallback body, so this cell is physically possible -- but no board run in this tree has measured it, and inventing a number here would be fiction"
1943,moonshine$dispatch_1943_matmul_b_s8,,,1.684905908,ms,1684905.908,0,,board_measured_b1_scaled_by_measured_region_factor_0.5883,matmul_b_s8,B=8;M=1;K=36;N=165;transpose_b=1,67396,pext_dot8_exact[curated[pext_nl]],measured,
1944,moonshine$dispatch_1944_softmax_s8,,,1.111681095,ms,1111681.095,0,,board_measured_b1_scaled_by_measured_region_factor_0.5883,softmax_s8,M=8;K=165,44467,pext_int_memo2[curated[pext_nl]],measured,
1945,moonshine$dispatch_1945_matmul_b_s8,,,1.516975673,ms,1516975.673,0,,board_measured_b1_scaled_by_measured_region_factor_0.5883,matmul_b_s8,B=8;M=1;K=165;N=36;transpose_b=1,60679,pext_dot8_exact[curated[pext_nl]],measured,
1946,moonshine$dispatch_1946_linear_s8,,,1000000000,us,1000000000000,0,,excluded_unmeasured,linear_s8,M=1;K=288;N=288,,,excluded_unmeasured,"the roccmoon kernel #includes a hart-0-executable fallback body, so this cell is physically possible -- but no board run in this tree has measured it, and inventing a number here would be fiction"
1947,moonshine$dispatch_1947_add_s8,,,0.083920995,ms,83920.995,0,,board_measured_b1_scaled_by_measured_region_factor_0.5883,add_s8,n=288,3357,pext_int_add[curated[pext_nl]],measured,
1948,moonshine$dispatch_1948_layernorm_s8,,,0.466801342,ms,466801.342,0,,board_measured_b1_scaled_by_measured_region_factor_0.5883,layernorm_s8,M=1;K=288,18672,pext_int_rsqrt[curated[pext_nl]],measured,
1949,moonshine$dispatch_1949_linear_s8,,,1000000000,us,1000000000000,0,,excluded_unmeasured,linear_s8,M=1;K=288;N=1152,,,excluded_unmeasured,"the roccmoon kernel #includes a hart-0-executable fallback body, so this cell is physically possible -- but no board run in this tree has measured it, and inventing a number here would be fiction"
1950,moonshine$dispatch_1950_silu_s8,,,0.854711655,ms,854711.655,0,,board_measured_b1_scaled_by_measured_region_factor_0.5883,silu_s8,n=1152,34188,pext_int_lut[curated[pext_nl]],measured,
1951,moonshine$dispatch_1951_linear_s8,,,1000000000,us,1000000000000,0,,excluded_unmeasured,linear_s8,M=1;K=288;N=1152,,,excluded_unmeasured,"the roccmoon kernel #includes a hart-0-executable fallback body, so this cell is physically possible -- but no board run in this tree has measured it, and inventing a number here would be fiction"
1952,moonshine$dispatch_1952_mul_s8,,,0.721299922,ms,721299.922,0,,board_measured_b1_scaled_by_measured_region_factor_0.5883,mul_s8,n=1152,28852,pext_int_mul[curated[pext_nl]],measured,
1953,moonshine$dispatch_1953_linear_s8,,,1000000000,us,1000000000000,0,,excluded_unmeasured,linear_s8,M=1;K=1152;N=288,,,excluded_unmeasured,"the roccmoon kernel #includes a hart-0-executable fallback body, so this cell is physically possible -- but no board run in this tree has measured it, and inventing a number here would be fiction"
1954,moonshine$dispatch_1954_add_s8,,,0.084376928,ms,84376.928,0,,board_measured_b1_scaled_by_measured_region_factor_0.5883,add_s8,n=288,3375,pext_int_add[curated[pext_nl]],measured,
1955,moonshine$dispatch_1955_layernorm_s8,,,0.463845135,ms,463845.135,0,,board_measured_b1_scaled_by_measured_region_factor_0.5883,layernorm_s8,M=1;K=288,18554,pext_int_rsqrt[curated[pext_nl]],measured,
1956,moonshine$dispatch_1956_linear_s8,,,1000000000,us,1000000000000,0,,excluded_unmeasured,linear_s8,M=1;K=288;N=288,,,excluded_unmeasured,"the roccmoon kernel #includes a hart-0-executable fallback body, so this cell is physically possible -- but no board run in this tree has measured it, and inventing a number here would be fiction"
1957,moonshine$dispatch_1957_rope_s8,,,0.187344135,ms,187344.135,0,,board_measured_b1_scaled_by_measured_region_factor_0.5883,rope_s8,T=1;H=8;D=36;R=32,7494,pext_int_rot[curated[pext_nl]],measured,
1958,moonshine$dispatch_1958_linear_s8,,,1000000000,us,1000000000000,0,,excluded_unmeasured,linear_s8,M=1;K=288;N=288,,,excluded_unmeasured,"the roccmoon kernel #includes a hart-0-executable fallback body, so this cell is physically possible -- but no board run in this tree has measured it, and inventing a number here would be fiction"
1959,moonshine$dispatch_1959_rope_s8,,,0.129190680,ms,129190.680,0,,board_measured_b1_scaled_by_measured_region_factor_0.5883,rope_s8,T=1;H=8;D=36;R=32,5168,pext_int_rot[curated[pext_nl]],measured,
1960,moonshine$dispatch_1960_linear_s8,,,1000000000,us,1000000000000,0,,excluded_unmeasured,linear_s8,M=1;K=288;N=288,,,excluded_unmeasured,"the roccmoon kernel #includes a hart-0-executable fallback body, so this cell is physically possible -- but no board run in this tree has measured it, and inventing a number here would be fiction"
1961,moonshine$dispatch_1961_cat2_c1_s8,,,0.674853638,ms,674853.638,0,,board_measured_b1_scaled_by_measured_region_factor_0.5883,cat2_c1_s8,N=1;H=288;W=1;C_inputs=10|1;C_total=11,26994,pext_memo_lut[curated[pext_nl]],measured,
1962,moonshine$dispatch_1962_cat2_c1_s8,,,0.663190590,ms,663190.590,0,,board_measured_b1_scaled_by_measured_region_factor_0.5883,cat2_c1_s8,N=1;H=288;W=1;C_inputs=10|1;C_total=11,26528,pext_memo_lut[curated[pext_nl]],measured,
1963,moonshine$dispatch_1963_permute4_s8,,,0.135897300,ms,135897.300,0,,board_measured_b1_scaled_by_measured_region_factor_0.5883,permute4_s8,d0=1;d1=11;d2=8;d3=36;p0=0;p1=2;p2=1;p3=3,5436,pext_block[curated[pext_nl]],measured,
1964,moonshine$dispatch_1964_permute4_s8,,,0.126146228,ms,126146.228,0,,board_measured_b1_scaled_by_measured_region_factor_0.5883,permute4_s8,d0=1;d1=11;d2=8;d3=36;p0=0;p1=2;p2=1;p3=3,5046,pext_block[curated[pext_nl]],measured,
1965,moonshine$dispatch_1965_matmul_b_s8,,,0.213714683,ms,213714.683,0,,board_measured_b1_scaled_by_measured_region_factor_0.5883,matmul_b_s8,B=8;M=1;K=36;N=11;transpose_b=1,8549,pext_dot8_exact[curated[pext_nl]],measured,
1966,moonshine$dispatch_1966_softmax_s8,,,0.275162618,ms,275162.618,0,,board_measured_b1_scaled_by_measured_region_factor_0.5883,softmax_s8,M=8;K=11,11007,pext_int_memo2[curated[pext_nl]],measured,
1967,moonshine$dispatch_1967_matmul_b_s8,,,0.535088265,ms,535088.265,0,,board_measured_b1_scaled_by_measured_region_factor_0.5883,matmul_b_s8,B=8;M=1;K=11;N=36;transpose_b=0,21404,pext_dot8_exact[curated[pext_nl]],measured,
1968,moonshine$dispatch_1968_linear_s8,,,1000000000,us,1000000000000,0,,excluded_unmeasured,linear_s8,M=1;K=288;N=288,,,excluded_unmeasured,"the roccmoon kernel #includes a hart-0-executable fallback body, so this cell is physically possible -- but no board run in this tree has measured it, and inventing a number here would be fiction"
1969,moonshine$dispatch_1969_add_s8,,,0.089951070,ms,89951.070,0,,board_measured_b1_scaled_by_measured_region_factor_0.5883,add_s8,n=288,3598,pext_int_add[curated[pext_nl]],measured,
1970,moonshine$dispatch_1970_layernorm_s8,,,0.476611245,ms,476611.245,0,,board_measured_b1_scaled_by_measured_region_factor_0.5883,layernorm_s8,M=1;K=288,19064,pext_int_rsqrt[curated[pext_nl]],measured,
1971,moonshine$dispatch_1971_linear_s8,,,1000000000,us,1000000000000,0,,excluded_unmeasured,linear_s8,M=1;K=288;N=288,,,excluded_unmeasured,"the roccmoon kernel #includes a hart-0-executable fallback body, so this cell is physically possible -- but no board run in this tree has measured it, and inventing a number here would be fiction"
1972,moonshine$dispatch_1972_matmul_b_s8,,,1.662771120,ms,1662771.120,0,,board_measured_b1_scaled_by_measured_region_factor_0.5883,matmul_b_s8,B=8;M=1;K=36;N=165;transpose_b=1,66511,pext_dot8_exact[curated[pext_nl]],measured,
1973,moonshine$dispatch_1973_softmax_s8,,,1.024789185,ms,1024789.185,0,,board_measured_b1_scaled_by_measured_region_factor_0.5883,softmax_s8,M=8;K=165,40992,pext_int_memo2[curated[pext_nl]],measured,
1974,moonshine$dispatch_1974_matmul_b_s8,,,1.515401970,ms,1515401.970,0,,board_measured_b1_scaled_by_measured_region_factor_0.5883,matmul_b_s8,B=8;M=1;K=165;N=36;transpose_b=1,60616,pext_dot8_exact[curated[pext_nl]],measured,
1975,moonshine$dispatch_1975_linear_s8,,,1000000000,us,1000000000000,0,,excluded_unmeasured,linear_s8,M=1;K=288;N=288,,,excluded_unmeasured,"the roccmoon kernel #includes a hart-0-executable fallback body, so this cell is physically possible -- but no board run in this tree has measured it, and inventing a number here would be fiction"
1976,moonshine$dispatch_1976_add_s8,,,0.080979495,ms,80979.495,0,,board_measured_b1_scaled_by_measured_region_factor_0.5883,add_s8,n=288,3239,pext_int_add[curated[pext_nl]],measured,
1977,moonshine$dispatch_1977_layernorm_s8,,,0.467389642,ms,467389.642,0,,board_measured_b1_scaled_by_measured_region_factor_0.5883,layernorm_s8,M=1;K=288,18696,pext_int_rsqrt[curated[pext_nl]],measured,
1978,moonshine$dispatch_1978_linear_s8,,,1000000000,us,1000000000000,0,,excluded_unmeasured,linear_s8,M=1;K=288;N=1152,,,excluded_unmeasured,"the roccmoon kernel #includes a hart-0-executable fallback body, so this cell is physically possible -- but no board run in this tree has measured it, and inventing a number here would be fiction"
1979,moonshine$dispatch_1979_silu_s8,,,0.790425173,ms,790425.173,0,,board_measured_b1_scaled_by_measured_region_factor_0.5883,silu_s8,n=1152,31617,pext_int_lut[curated[pext_nl]],measured,
1980,moonshine$dispatch_1980_linear_s8,,,1000000000,us,1000000000000,0,,excluded_unmeasured,linear_s8,M=1;K=288;N=1152,,,excluded_unmeasured,"the roccmoon kernel #includes a hart-0-executable fallback body, so this cell is physically possible -- but no board run in this tree has measured it, and inventing a number here would be fiction"
1981,moonshine$dispatch_1981_mul_s8,,,0.727006432,ms,727006.432,0,,board_measured_b1_scaled_by_measured_region_factor_0.5883,mul_s8,n=1152,29080,pext_int_mul[curated[pext_nl]],measured,
1982,moonshine$dispatch_1982_linear_s8,,,1000000000,us,1000000000000,0,,excluded_unmeasured,linear_s8,M=1;K=1152;N=288,,,excluded_unmeasured,"the roccmoon kernel #includes a hart-0-executable fallback body, so this cell is physically possible -- but no board run in this tree has measured it, and inventing a number here would be fiction"
1983,moonshine$dispatch_1983_add_s8,,,0.079920555,ms,79920.555,0,,board_measured_b1_scaled_by_measured_region_factor_0.5883,add_s8,n=288,3197,pext_int_add[curated[pext_nl]],measured,
1984,moonshine$dispatch_1984_layernorm_s8,,,0.466948418,ms,466948.418,0,,board_measured_b1_scaled_by_measured_region_factor_0.5883,layernorm_s8,M=1;K=288,18678,pext_int_rsqrt[curated[pext_nl]],measured,
1985,moonshine$dispatch_1985_linear_s8,,,1000000000,us,1000000000000,0,,excluded_unmeasured,linear_s8,M=1;K=288;N=288,,,excluded_unmeasured,"the roccmoon kernel #includes a hart-0-executable fallback body, so this cell is physically possible -- but no board run in this tree has measured it, and inventing a number here would be fiction"
1986,moonshine$dispatch_1986_rope_s8,,,0.186785250,ms,186785.250,0,,board_measured_b1_scaled_by_measured_region_factor_0.5883,rope_s8,T=1;H=8;D=36;R=32,7471,pext_int_rot[curated[pext_nl]],measured,
1987,moonshine$dispatch_1987_linear_s8,,,1000000000,us,1000000000000,0,,excluded_unmeasured,linear_s8,M=1;K=288;N=288,,,excluded_unmeasured,"the roccmoon kernel #includes a hart-0-executable fallback body, so this cell is physically possible -- but no board run in this tree has measured it, and inventing a number here would be fiction"
1988,moonshine$dispatch_1988_rope_s8,,,0.129984885,ms,129984.885,0,,board_measured_b1_scaled_by_measured_region_factor_0.5883,rope_s8,T=1;H=8;D=36;R=32,5199,pext_int_rot[curated[pext_nl]],measured,
1989,moonshine$dispatch_1989_linear_s8,,,1000000000,us,1000000000000,0,,excluded_unmeasured,linear_s8,M=1;K=288;N=288,,,excluded_unmeasured,"the roccmoon kernel #includes a hart-0-executable fallback body, so this cell is physically possible -- but no board run in this tree has measured it, and inventing a number here would be fiction"
1990,moonshine$dispatch_1990_cat2_c1_s8,,,0.678839370,ms,678839.370,0,,board_measured_b1_scaled_by_measured_region_factor_0.5883,cat2_c1_s8,N=1;H=288;W=1;C_inputs=10|1;C_total=11,27154,pext_memo_lut[curated[pext_nl]],measured,
1991,moonshine$dispatch_1991_cat2_c1_s8,,,0.660396165,ms,660396.165,0,,board_measured_b1_scaled_by_measured_region_factor_0.5883,cat2_c1_s8,N=1;H=288;W=1;C_inputs=10|1;C_total=11,26416,pext_memo_lut[curated[pext_nl]],measured,
1992,moonshine$dispatch_1992_permute4_s8,,,0.133941202,ms,133941.202,0,,board_measured_b1_scaled_by_measured_region_factor_0.5883,permute4_s8,d0=1;d1=11;d2=8;d3=36;p0=0;p1=2;p2=1;p3=3,5358,pext_block[curated[pext_nl]],measured,
1993,moonshine$dispatch_1993_permute4_s8,,,0.128896530,ms,128896.530,0,,board_measured_b1_scaled_by_measured_region_factor_0.5883,permute4_s8,d0=1;d1=11;d2=8;d3=36;p0=0;p1=2;p2=1;p3=3,5156,pext_block[curated[pext_nl]],measured,
1994,moonshine$dispatch_1994_matmul_b_s8,,,0.214288275,ms,214288.275,0,,board_measured_b1_scaled_by_measured_region_factor_0.5883,matmul_b_s8,B=8;M=1;K=36;N=11;transpose_b=1,8572,pext_dot8_exact[curated[pext_nl]],measured,
1995,moonshine$dispatch_1995_softmax_s8,,,0.289090620,ms,289090.620,0,,board_measured_b1_scaled_by_measured_region_factor_0.5883,softmax_s8,M=8;K=11,11564,pext_int_memo2[curated[pext_nl]],measured,
1996,moonshine$dispatch_1996_matmul_b_s8,,,0.545648250,ms,545648.250,0,,board_measured_b1_scaled_by_measured_region_factor_0.5883,matmul_b_s8,B=8;M=1;K=11;N=36;transpose_b=0,21826,pext_dot8_exact[curated[pext_nl]],measured,
1997,moonshine$dispatch_1997_linear_s8,,,1000000000,us,1000000000000,0,,excluded_unmeasured,linear_s8,M=1;K=288;N=288,,,excluded_unmeasured,"the roccmoon kernel #includes a hart-0-executable fallback body, so this cell is physically possible -- but no board run in this tree has measured it, and inventing a number here would be fiction"
1998,moonshine$dispatch_1998_add_s8,,,0.087215475,ms,87215.475,0,,board_measured_b1_scaled_by_measured_region_factor_0.5883,add_s8,n=288,3489,pext_int_add[curated[pext_nl]],measured,
1999,moonshine$dispatch_1999_layernorm_s8,,,0.474964005,ms,474964.005,0,,board_measured_b1_scaled_by_measured_region_factor_0.5883,layernorm_s8,M=1;K=288,18999,pext_int_rsqrt[curated[pext_nl]],measured,
2000,moonshine$dispatch_2000_linear_s8,,,1000000000,us,1000000000000,0,,excluded_unmeasured,linear_s8,M=1;K=288;N=288,,,excluded_unmeasured,"the roccmoon kernel #includes a hart-0-executable fallback body, so this cell is physically possible -- but no board run in this tree has measured it, and inventing a number here would be fiction"
2001,moonshine$dispatch_2001_matmul_b_s8,,,1.645136828,ms,1645136.827,0,,board_measured_b1_scaled_by_measured_region_factor_0.5883,matmul_b_s8,B=8;M=1;K=36;N=165;transpose_b=1,65805,pext_dot8_exact[curated[pext_nl]],measured,
2002,moonshine$dispatch_2002_softmax_s8,,,0.949398540,ms,949398.540,0,,board_measured_b1_scaled_by_measured_region_factor_0.5883,softmax_s8,M=8;K=165,37976,pext_int_memo2[curated[pext_nl]],measured,
2003,moonshine$dispatch_2003_matmul_b_s8,,,1.520402520,ms,1520402.520,0,,board_measured_b1_scaled_by_measured_region_factor_0.5883,matmul_b_s8,B=8;M=1;K=165;N=36;transpose_b=1,60816,pext_dot8_exact[curated[pext_nl]],measured,
2004,moonshine$dispatch_2004_linear_s8,,,1000000000,us,1000000000000,0,,excluded_unmeasured,linear_s8,M=1;K=288;N=288,,,excluded_unmeasured,"the roccmoon kernel #includes a hart-0-executable fallback body, so this cell is physically possible -- but no board run in this tree has measured it, and inventing a number here would be fiction"
2005,moonshine$dispatch_2005_add_s8,,,0.082685565,ms,82685.565,0,,board_measured_b1_scaled_by_measured_region_factor_0.5883,add_s8,n=288,3307,pext_int_add[curated[pext_nl]],measured,
2006,moonshine$dispatch_2006_layernorm_s8,,,0.470934150,ms,470934.150,0,,board_measured_b1_scaled_by_measured_region_factor_0.5883,layernorm_s8,M=1;K=288,18837,pext_int_rsqrt[curated[pext_nl]],measured,
2007,moonshine$dispatch_2007_linear_s8,,,1000000000,us,1000000000000,0,,excluded_unmeasured,linear_s8,M=1;K=288;N=1152,,,excluded_unmeasured,"the roccmoon kernel #includes a hart-0-executable fallback body, so this cell is physically possible -- but no board run in this tree has measured it, and inventing a number here would be fiction"
2008,moonshine$dispatch_2008_silu_s8,,,0.862168358,ms,862168.358,0,,board_measured_b1_scaled_by_measured_region_factor_0.5883,silu_s8,n=1152,34487,pext_int_lut[curated[pext_nl]],measured,
2009,moonshine$dispatch_2009_linear_s8,,,1000000000,us,1000000000000,0,,excluded_unmeasured,linear_s8,M=1;K=288;N=1152,,,excluded_unmeasured,"the roccmoon kernel #includes a hart-0-executable fallback body, so this cell is physically possible -- but no board run in this tree has measured it, and inventing a number here would be fiction"
2010,moonshine$dispatch_2010_mul_s8,,,0.721976467,ms,721976.468,0,,board_measured_b1_scaled_by_measured_region_factor_0.5883,mul_s8,n=1152,28879,pext_int_mul[curated[pext_nl]],measured,
2011,moonshine$dispatch_2011_linear_s8,,,1000000000,us,1000000000000,0,,excluded_unmeasured,linear_s8,M=1;K=1152;N=288,,,excluded_unmeasured,"the roccmoon kernel #includes a hart-0-executable fallback body, so this cell is physically possible -- but no board run in this tree has measured it, and inventing a number here would be fiction"
2012,moonshine$dispatch_2012_add_s8,,,0.082067850,ms,82067.850,0,,board_measured_b1_scaled_by_measured_region_factor_0.5883,add_s8,n=288,3283,pext_int_add[curated[pext_nl]],measured,
2013,moonshine$dispatch_2013_layernorm_s8,,,0.465477667,ms,465477.667,0,,board_measured_b1_scaled_by_measured_region_factor_0.5883,layernorm_s8,M=1;K=288,18619,pext_int_rsqrt[curated[pext_nl]],measured,
2014,moonshine$dispatch_2014_linear_s8,,,1000000000,us,1000000000000,0,,excluded_unmeasured,linear_s8,M=1;K=288;N=288,,,excluded_unmeasured,"the roccmoon kernel #includes a hart-0-executable fallback body, so this cell is physically possible -- but no board run in this tree has measured it, and inventing a number here would be fiction"
2015,moonshine$dispatch_2015_rope_s8,,,0.184476173,ms,184476.173,0,,board_measured_b1_scaled_by_measured_region_factor_0.5883,rope_s8,T=1;H=8;D=36;R=32,7379,pext_int_rot[curated[pext_nl]],measured,
2016,moonshine$dispatch_2016_linear_s8,,,1000000000,us,1000000000000,0,,excluded_unmeasured,linear_s8,M=1;K=288;N=288,,,excluded_unmeasured,"the roccmoon kernel #includes a hart-0-executable fallback body, so this cell is physically possible -- but no board run in this tree has measured it, and inventing a number here would be fiction"
2017,moonshine$dispatch_2017_rope_s8,,,0.126940433,ms,126940.433,0,,board_measured_b1_scaled_by_measured_region_factor_0.5883,rope_s8,T=1;H=8;D=36;R=32,5078,pext_int_rot[curated[pext_nl]],measured,
2018,moonshine$dispatch_2018_linear_s8,,,1000000000,us,1000000000000,0,,excluded_unmeasured,linear_s8,M=1;K=288;N=288,,,excluded_unmeasured,"the roccmoon kernel #includes a hart-0-executable fallback body, so this cell is physically possible -- but no board run in this tree has measured it, and inventing a number here would be fiction"
2019,moonshine$dispatch_2019_cat2_c1_s8,,,0.674986005,ms,674986.005,0,,board_measured_b1_scaled_by_measured_region_factor_0.5883,cat2_c1_s8,N=1;H=288;W=1;C_inputs=10|1;C_total=11,26999,pext_memo_lut[curated[pext_nl]],measured,
2020,moonshine$dispatch_2020_cat2_c1_s8,,,0.661984575,ms,661984.575,0,,board_measured_b1_scaled_by_measured_region_factor_0.5883,cat2_c1_s8,N=1;H=288;W=1;C_inputs=10|1;C_total=11,26479,pext_memo_lut[curated[pext_nl]],measured,
2021,moonshine$dispatch_2021_permute4_s8,,,0.132867555,ms,132867.555,0,,board_measured_b1_scaled_by_measured_region_factor_0.5883,permute4_s8,d0=1;d1=11;d2=8;d3=36;p0=0;p1=2;p2=1;p3=3,5315,pext_block[curated[pext_nl]],measured,
2022,moonshine$dispatch_2022_permute4_s8,,,0.125587342,ms,125587.342,0,,board_measured_b1_scaled_by_measured_region_factor_0.5883,permute4_s8,d0=1;d1=11;d2=8;d3=36;p0=0;p1=2;p2=1;p3=3,5023,pext_block[curated[pext_nl]],measured,
2023,moonshine$dispatch_2023_matmul_b_s8,,,0.203963610,ms,203963.610,0,,board_measured_b1_scaled_by_measured_region_factor_0.5883,matmul_b_s8,B=8;M=1;K=36;N=11;transpose_b=1,8159,pext_dot8_exact[curated[pext_nl]],measured,
2024,moonshine$dispatch_2024_softmax_s8,,,0.281869237,ms,281869.237,0,,board_measured_b1_scaled_by_measured_region_factor_0.5883,softmax_s8,M=8;K=11,11275,pext_int_memo2[curated[pext_nl]],measured,
2025,moonshine$dispatch_2025_matmul_b_s8,,,0.544780508,ms,544780.508,0,,board_measured_b1_scaled_by_measured_region_factor_0.5883,matmul_b_s8,B=8;M=1;K=11;N=36;transpose_b=0,21791,pext_dot8_exact[curated[pext_nl]],measured,
2026,moonshine$dispatch_2026_linear_s8,,,1000000000,us,1000000000000,0,,excluded_unmeasured,linear_s8,M=1;K=288;N=288,,,excluded_unmeasured,"the roccmoon kernel #includes a hart-0-executable fallback body, so this cell is physically possible -- but no board run in this tree has measured it, and inventing a number here would be fiction"
2027,moonshine$dispatch_2027_add_s8,,,0.089259818,ms,89259.818,0,,board_measured_b1_scaled_by_measured_region_factor_0.5883,add_s8,n=288,3570,pext_int_add[curated[pext_nl]],measured,
2028,moonshine$dispatch_2028_layernorm_s8,,,0.482597198,ms,482597.198,0,,board_measured_b1_scaled_by_measured_region_factor_0.5883,layernorm_s8,M=1;K=288,19304,pext_int_rsqrt[curated[pext_nl]],measured,
2029,moonshine$dispatch_2029_linear_s8,,,1000000000,us,1000000000000,0,,excluded_unmeasured,linear_s8,M=1;K=288;N=288,,,excluded_unmeasured,"the roccmoon kernel #includes a hart-0-executable fallback body, so this cell is physically possible -- but no board run in this tree has measured it, and inventing a number here would be fiction"
2030,moonshine$dispatch_2030_matmul_b_s8,,,1.654799655,ms,1654799.655,0,,board_measured_b1_scaled_by_measured_region_factor_0.5883,matmul_b_s8,B=8;M=1;K=36;N=165;transpose_b=1,66192,pext_dot8_exact[curated[pext_nl]],measured,
2031,moonshine$dispatch_2031_softmax_s8,,,0.949501493,ms,949501.493,0,,board_measured_b1_scaled_by_measured_region_factor_0.5883,softmax_s8,M=8;K=165,37980,pext_int_memo2[curated[pext_nl]],measured,
2032,moonshine$dispatch_2032_matmul_b_s8,,,1.516902135,ms,1516902.135,0,,board_measured_b1_scaled_by_measured_region_factor_0.5883,matmul_b_s8,B=8;M=1;K=165;N=36;transpose_b=1,60676,pext_dot8_exact[curated[pext_nl]],measured,
2033,moonshine$dispatch_2033_linear_s8,,,1000000000,us,1000000000000,0,,excluded_unmeasured,linear_s8,M=1;K=288;N=288,,,excluded_unmeasured,"the roccmoon kernel #includes a hart-0-executable fallback body, so this cell is physically possible -- but no board run in this tree has measured it, and inventing a number here would be fiction"
2034,moonshine$dispatch_2034_add_s8,,,0.085303500,ms,85303.500,0,,board_measured_b1_scaled_by_measured_region_factor_0.5883,add_s8,n=288,3412,pext_int_add[curated[pext_nl]],measured,
2035,moonshine$dispatch_2035_layernorm_s8,,,0.465712988,ms,465712.987,0,,board_measured_b1_scaled_by_measured_region_factor_0.5883,layernorm_s8,M=1;K=288,18629,pext_int_rsqrt[curated[pext_nl]],measured,
2036,moonshine$dispatch_2036_linear_s8,,,1000000000,us,1000000000000,0,,excluded_unmeasured,linear_s8,M=1;K=288;N=1152,,,excluded_unmeasured,"the roccmoon kernel #includes a hart-0-executable fallback body, so this cell is physically possible -- but no board run in this tree has measured it, and inventing a number here would be fiction"
2037,moonshine$dispatch_2037_silu_s8,,,0.834121155,ms,834121.155,0,,board_measured_b1_scaled_by_measured_region_factor_0.5883,silu_s8,n=1152,33365,pext_int_lut[curated[pext_nl]],measured,
2038,moonshine$dispatch_2038_linear_s8,,,1000000000,us,1000000000000,0,,excluded_unmeasured,linear_s8,M=1;K=288;N=1152,,,excluded_unmeasured,"the roccmoon kernel #includes a hart-0-executable fallback body, so this cell is physically possible -- but no board run in this tree has measured it, and inventing a number here would be fiction"
2039,moonshine$dispatch_2039_mul_s8,,,0.722976577,ms,722976.578,0,,board_measured_b1_scaled_by_measured_region_factor_0.5883,mul_s8,n=1152,28919,pext_int_mul[curated[pext_nl]],measured,
2040,moonshine$dispatch_2040_linear_s8,,,1000000000,us,1000000000000,0,,excluded_unmeasured,linear_s8,M=1;K=1152;N=288,,,excluded_unmeasured,"the roccmoon kernel #includes a hart-0-executable fallback body, so this cell is physically possible -- but no board run in this tree has measured it, and inventing a number here would be fiction"
2041,moonshine$dispatch_2041_add_s8,,,0.080729468,ms,80729.468,0,,board_measured_b1_scaled_by_measured_region_factor_0.5883,add_s8,n=288,3229,pext_int_add[curated[pext_nl]],measured,
2042,moonshine$dispatch_2042_layernorm_s8,,,0.469522230,ms,469522.230,0,,board_measured_b1_scaled_by_measured_region_factor_0.5883,layernorm_s8,M=1;K=288,18781,pext_int_rsqrt[curated[pext_nl]],measured,
2043,moonshine$dispatch_2043_linear_s8,,,1000000000,us,1000000000000,0,,excluded_unmeasured,linear_s8,M=1;K=288;N=288,,,excluded_unmeasured,"the roccmoon kernel #includes a hart-0-executable fallback body, so this cell is physically possible -- but no board run in this tree has measured it, and inventing a number here would be fiction"
2044,moonshine$dispatch_2044_rope_s8,,,0.186814665,ms,186814.665,0,,board_measured_b1_scaled_by_measured_region_factor_0.5883,rope_s8,T=1;H=8;D=36;R=32,7473,pext_int_rot[curated[pext_nl]],measured,
2045,moonshine$dispatch_2045_linear_s8,,,1000000000,us,1000000000000,0,,excluded_unmeasured,linear_s8,M=1;K=288;N=288,,,excluded_unmeasured,"the roccmoon kernel #includes a hart-0-executable fallback body, so this cell is physically possible -- but no board run in this tree has measured it, and inventing a number here would be fiction"
2046,moonshine$dispatch_2046_rope_s8,,,0.124337205,ms,124337.205,0,,board_measured_b1_scaled_by_measured_region_factor_0.5883,rope_s8,T=1;H=8;D=36;R=32,4973,pext_int_rot[curated[pext_nl]],measured,
2047,moonshine$dispatch_2047_linear_s8,,,1000000000,us,1000000000000,0,,excluded_unmeasured,linear_s8,M=1;K=288;N=288,,,excluded_unmeasured,"the roccmoon kernel #includes a hart-0-executable fallback body, so this cell is physically possible -- but no board run in this tree has measured it, and inventing a number here would be fiction"
2048,moonshine$dispatch_2048_cat2_c1_s8,,,0.672971078,ms,672971.078,0,,board_measured_b1_scaled_by_measured_region_factor_0.5883,cat2_c1_s8,N=1;H=288;W=1;C_inputs=10|1;C_total=11,26919,pext_memo_lut[curated[pext_nl]],measured,
2049,moonshine$dispatch_2049_cat2_c1_s8,,,0.659499008,ms,659499.008,0,,board_measured_b1_scaled_by_measured_region_factor_0.5883,cat2_c1_s8,N=1;H=288;W=1;C_inputs=10|1;C_total=11,26380,pext_memo_lut[curated[pext_nl]],measured,
2050,moonshine$dispatch_2050_permute4_s8,,,0.133235242,ms,133235.242,0,,board_measured_b1_scaled_by_measured_region_factor_0.5883,permute4_s8,d0=1;d1=11;d2=8;d3=36;p0=0;p1=2;p2=1;p3=3,5329,pext_block[curated[pext_nl]],measured,
2051,moonshine$dispatch_2051_permute4_s8,,,0.128793578,ms,128793.577,0,,board_measured_b1_scaled_by_measured_region_factor_0.5883,permute4_s8,d0=1;d1=11;d2=8;d3=36;p0=0;p1=2;p2=1;p3=3,5152,pext_block[curated[pext_nl]],measured,
2052,moonshine$dispatch_2052_matmul_b_s8,,,0.211243823,ms,211243.823,0,,board_measured_b1_scaled_by_measured_region_factor_0.5883,matmul_b_s8,B=8;M=1;K=36;N=11;transpose_b=1,8450,pext_dot8_exact[curated[pext_nl]],measured,
2053,moonshine$dispatch_2053_softmax_s8,,,0.293723482,ms,293723.482,0,,board_measured_b1_scaled_by_measured_region_factor_0.5883,softmax_s8,M=8;K=11,11749,pext_int_memo2[curated[pext_nl]],measured,
2054,moonshine$dispatch_2054_matmul_b_s8,,,0.540632993,ms,540632.993,0,,board_measured_b1_scaled_by_measured_region_factor_0.5883,matmul_b_s8,B=8;M=1;K=11;N=36;transpose_b=0,21625,pext_dot8_exact[curated[pext_nl]],measured,
2055,moonshine$dispatch_2055_linear_s8,,,1000000000,us,1000000000000,0,,excluded_unmeasured,linear_s8,M=1;K=288;N=288,,,excluded_unmeasured,"the roccmoon kernel #includes a hart-0-executable fallback body, so this cell is physically possible -- but no board run in this tree has measured it, and inventing a number here would be fiction"
2056,moonshine$dispatch_2056_add_s8,,,0.091112963,ms,91112.963,0,,board_measured_b1_scaled_by_measured_region_factor_0.5883,add_s8,n=288,3645,pext_int_add[curated[pext_nl]],measured,
2057,moonshine$dispatch_2057_layernorm_s8,,,0.471448912,ms,471448.912,0,,board_measured_b1_scaled_by_measured_region_factor_0.5883,layernorm_s8,M=1;K=288,18858,pext_int_rsqrt[curated[pext_nl]],measured,
2058,moonshine$dispatch_2058_linear_s8,,,1000000000,us,1000000000000,0,,excluded_unmeasured,linear_s8,M=1;K=288;N=288,,,excluded_unmeasured,"the roccmoon kernel #includes a hart-0-executable fallback body, so this cell is physically possible -- but no board run in this tree has measured it, and inventing a number here would be fiction"
2059,moonshine$dispatch_2059_matmul_b_s8,,,1.643268975,ms,1643268.975,0,,board_measured_b1_scaled_by_measured_region_factor_0.5883,matmul_b_s8,B=8;M=1;K=36;N=165;transpose_b=1,65731,pext_dot8_exact[curated[pext_nl]],measured,
2060,moonshine$dispatch_2060_softmax_s8,,,0.940044570,ms,940044.570,0,,board_measured_b1_scaled_by_measured_region_factor_0.5883,softmax_s8,M=8;K=165,37602,pext_int_memo2[curated[pext_nl]],measured,
2061,moonshine$dispatch_2061_matmul_b_s8,,,1.507959975,ms,1507959.975,0,,board_measured_b1_scaled_by_measured_region_factor_0.5883,matmul_b_s8,B=8;M=1;K=165;N=36;transpose_b=1,60318,pext_dot8_exact[curated[pext_nl]],measured,
2062,moonshine$dispatch_2062_linear_s8,,,1000000000,us,1000000000000,0,,excluded_unmeasured,linear_s8,M=1;K=288;N=288,,,excluded_unmeasured,"the roccmoon kernel #includes a hart-0-executable fallback body, so this cell is physically possible -- but no board run in this tree has measured it, and inventing a number here would be fiction"
2063,moonshine$dispatch_2063_add_s8,,,0.080464733,ms,80464.733,0,,board_measured_b1_scaled_by_measured_region_factor_0.5883,add_s8,n=288,3219,pext_int_add[curated[pext_nl]],measured,
2064,moonshine$dispatch_2064_layernorm_s8,,,0.469889918,ms,469889.918,0,,board_measured_b1_scaled_by_measured_region_factor_0.5883,layernorm_s8,M=1;K=288,18796,pext_int_rsqrt[curated[pext_nl]],measured,
2065,moonshine$dispatch_2065_linear_s8,,,1000000000,us,1000000000000,0,,excluded_unmeasured,linear_s8,M=1;K=288;N=1152,,,excluded_unmeasured,"the roccmoon kernel #includes a hart-0-executable fallback body, so this cell is physically possible -- but no board run in this tree has measured it, and inventing a number here would be fiction"
2066,moonshine$dispatch_2066_silu_s8,,,0.799602653,ms,799602.653,0,,board_measured_b1_scaled_by_measured_region_factor_0.5883,silu_s8,n=1152,31984,pext_int_lut[curated[pext_nl]],measured,
2067,moonshine$dispatch_2067_linear_s8,,,1000000000,us,1000000000000,0,,excluded_unmeasured,linear_s8,M=1;K=288;N=1152,,,excluded_unmeasured,"the roccmoon kernel #includes a hart-0-executable fallback body, so this cell is physically possible -- but no board run in this tree has measured it, and inventing a number here would be fiction"
2068,moonshine$dispatch_2068_mul_s8,,,0.725359193,ms,725359.193,0,,board_measured_b1_scaled_by_measured_region_factor_0.5883,mul_s8,n=1152,29014,pext_int_mul[curated[pext_nl]],measured,
2069,moonshine$dispatch_2069_linear_s8,,,1000000000,us,1000000000000,0,,excluded_unmeasured,linear_s8,M=1;K=1152;N=288,,,excluded_unmeasured,"the roccmoon kernel #includes a hart-0-executable fallback body, so this cell is physically possible -- but no board run in this tree has measured it, and inventing a number here would be fiction"
2070,moonshine$dispatch_2070_add_s8,,,0.083641553,ms,83641.553,0,,board_measured_b1_scaled_by_measured_region_factor_0.5883,add_s8,n=288,3346,pext_int_add[curated[pext_nl]],measured,
2071,moonshine$dispatch_2071_layernorm_s8,,,0.462153773,ms,462153.773,0,,board_measured_b1_scaled_by_measured_region_factor_0.5883,layernorm_s8,M=1;K=288,18486,pext_int_rsqrt[curated[pext_nl]],measured,
2072,moonshine$dispatch_2072_linear_s8,,,1000000000,us,1000000000000,0,,excluded_unmeasured,linear_s8,M=1;K=288;N=16384,,,excluded_unmeasured,"the roccmoon kernel #includes a hart-0-executable fallback body, so this cell is physically possible -- but no board run in this tree has measured it, and inventing a number here would be fiction"
2073,moonshine$dispatch_2073_linear_s8,,,1000000000,us,1000000000000,0,,excluded_unmeasured,linear_s8,M=1;K=288;N=16384,,,excluded_unmeasured,"the roccmoon kernel #includes a hart-0-executable fallback body, so this cell is physically possible -- but no board run in this tree has measured it, and inventing a number here would be fiction"
2074,moonshine$dispatch_2074_cat2_c1_s8,,,0.777173715,ms,777173.715,0,,board_measured_b1_scaled_by_measured_region_factor_0.5883,cat2_c1_s8,N=1;H=1;W=1;C_inputs=16384|16384;C_total=32768,31087,pext_memo_lut[curated[pext_nl]],measured,
2075,moonshine$dispatch_2075_layernorm_s8,,,0.469536938,ms,469536.938,0,,board_measured_b1_scaled_by_measured_region_factor_0.5883,layernorm_s8,M=1;K=288,18781,pext_int_rsqrt[curated[pext_nl]],measured,
2076,moonshine$dispatch_2076_linear_s8,,,1000000000,us,1000000000000,0,,excluded_unmeasured,linear_s8,M=1;K=288;N=288,,,excluded_unmeasured,"the roccmoon kernel #includes a hart-0-executable fallback body, so this cell is physically possible -- but no board run in this tree has measured it, and inventing a number here would be fiction"
2077,moonshine$dispatch_2077_rope_s8,,,0.143059853,ms,143059.853,0,,board_measured_b1_scaled_by_measured_region_factor_0.5883,rope_s8,T=1;H=8;D=36;R=32,5722,pext_int_rot[curated[pext_nl]],measured,
2078,moonshine$dispatch_2078_linear_s8,,,1000000000,us,1000000000000,0,,excluded_unmeasured,linear_s8,M=1;K=288;N=288,,,excluded_unmeasured,"the roccmoon kernel #includes a hart-0-executable fallback body, so this cell is physically possible -- but no board run in this tree has measured it, and inventing a number here would be fiction"
2079,moonshine$dispatch_2079_rope_s8,,,0.127116923,ms,127116.923,0,,board_measured_b1_scaled_by_measured_region_factor_0.5883,rope_s8,T=1;H=8;D=36;R=32,5085,pext_int_rot[curated[pext_nl]],measured,
2080,moonshine$dispatch_2080_linear_s8,,,1000000000,us,1000000000000,0,,excluded_unmeasured,linear_s8,M=1;K=288;N=288,,,excluded_unmeasured,"the roccmoon kernel #includes a hart-0-executable fallback body, so this cell is physically possible -- but no board run in this tree has measured it, and inventing a number here would be fiction"
2081,moonshine$dispatch_2081_cat2_c1_s8,,,0.718270178,ms,718270.178,0,,board_measured_b1_scaled_by_measured_region_factor_0.5883,cat2_c1_s8,N=1;H=288;W=1;C_inputs=11|1;C_total=12,28731,pext_memo_lut[curated[pext_nl]],measured,
2082,moonshine$dispatch_2082_cat2_c1_s8,,,0.710475203,ms,710475.203,0,,board_measured_b1_scaled_by_measured_region_factor_0.5883,cat2_c1_s8,N=1;H=288;W=1;C_inputs=11|1;C_total=12,28419,pext_memo_lut[curated[pext_nl]],measured,
2083,moonshine$dispatch_2083_permute4_s8,,,0.146089598,ms,146089.598,0,,board_measured_b1_scaled_by_measured_region_factor_0.5883,permute4_s8,d0=1;d1=12;d2=8;d3=36;p0=0;p1=2;p2=1;p3=3,5844,pext_block[curated[pext_nl]],measured,
2084,moonshine$dispatch_2084_permute4_s8,,,0.136500308,ms,136500.307,0,,board_measured_b1_scaled_by_measured_region_factor_0.5883,permute4_s8,d0=1;d1=12;d2=8;d3=36;p0=0;p1=2;p2=1;p3=3,5460,pext_block[curated[pext_nl]],measured,
2085,moonshine$dispatch_2085_matmul_b_s8,,,0.226495500,ms,226495.500,0,,board_measured_b1_scaled_by_measured_region_factor_0.5883,matmul_b_s8,B=8;M=1;K=36;N=12;transpose_b=1,9060,pext_dot8_exact[curated[pext_nl]],measured,
2086,moonshine$dispatch_2086_softmax_s8,,,0.280825005,ms,280825.005,0,,board_measured_b1_scaled_by_measured_region_factor_0.5883,softmax_s8,M=8;K=12,11233,pext_int_memo2[curated[pext_nl]],measured,
2087,moonshine$dispatch_2087_matmul_b_s8,,,0.561944160,ms,561944.160,0,,board_measured_b1_scaled_by_measured_region_factor_0.5883,matmul_b_s8,B=8;M=1;K=12;N=36;transpose_b=0,22478,pext_dot8_exact[curated[pext_nl]],measured,
2088,moonshine$dispatch_2088_linear_s8,,,1000000000,us,1000000000000,0,,excluded_unmeasured,linear_s8,M=1;K=288;N=288,,,excluded_unmeasured,"the roccmoon kernel #includes a hart-0-executable fallback body, so this cell is physically possible -- but no board run in this tree has measured it, and inventing a number here would be fiction"
2089,moonshine$dispatch_2089_add_s8,,,0.086435978,ms,86435.978,0,,board_measured_b1_scaled_by_measured_region_factor_0.5883,add_s8,n=288,3457,pext_int_add[curated[pext_nl]],measured,
2090,moonshine$dispatch_2090_layernorm_s8,,,0.471110640,ms,471110.640,0,,board_measured_b1_scaled_by_measured_region_factor_0.5883,layernorm_s8,M=1;K=288,18844,pext_int_rsqrt[curated[pext_nl]],measured,
2091,moonshine$dispatch_2091_linear_s8,,,1000000000,us,1000000000000,0,,excluded_unmeasured,linear_s8,M=1;K=288;N=288,,,excluded_unmeasured,"the roccmoon kernel #includes a hart-0-executable fallback body, so this cell is physically possible -- but no board run in this tree has measured it, and inventing a number here would be fiction"
2092,moonshine$dispatch_2092_matmul_b_s8,,,1.684700003,ms,1684700.003,0,,board_measured_b1_scaled_by_measured_region_factor_0.5883,matmul_b_s8,B=8;M=1;K=36;N=165;transpose_b=1,67388,pext_dot8_exact[curated[pext_nl]],measured,
2093,moonshine$dispatch_2093_softmax_s8,,,1.235944763,ms,1235944.763,0,,board_measured_b1_scaled_by_measured_region_factor_0.5883,softmax_s8,M=8;K=165,49438,pext_int_memo2[curated[pext_nl]],measured,
2094,moonshine$dispatch_2094_matmul_b_s8,,,1.519475948,ms,1519475.948,0,,board_measured_b1_scaled_by_measured_region_factor_0.5883,matmul_b_s8,B=8;M=1;K=165;N=36;transpose_b=1,60779,pext_dot8_exact[curated[pext_nl]],measured,
2095,moonshine$dispatch_2095_linear_s8,,,1000000000,us,1000000000000,0,,excluded_unmeasured,linear_s8,M=1;K=288;N=288,,,excluded_unmeasured,"the roccmoon kernel #includes a hart-0-executable fallback body, so this cell is physically possible -- but no board run in this tree has measured it, and inventing a number here would be fiction"
2096,moonshine$dispatch_2096_add_s8,,,0.082906178,ms,82906.178,0,,board_measured_b1_scaled_by_measured_region_factor_0.5883,add_s8,n=288,3316,pext_int_add[curated[pext_nl]],measured,
2097,moonshine$dispatch_2097_layernorm_s8,,,0.464183408,ms,464183.408,0,,board_measured_b1_scaled_by_measured_region_factor_0.5883,layernorm_s8,M=1;K=288,18567,pext_int_rsqrt[curated[pext_nl]],measured,
2098,moonshine$dispatch_2098_linear_s8,,,1000000000,us,1000000000000,0,,excluded_unmeasured,linear_s8,M=1;K=288;N=1152,,,excluded_unmeasured,"the roccmoon kernel #includes a hart-0-executable fallback body, so this cell is physically possible -- but no board run in this tree has measured it, and inventing a number here would be fiction"
2099,moonshine$dispatch_2099_silu_s8,,,0.834474135,ms,834474.135,0,,board_measured_b1_scaled_by_measured_region_factor_0.5883,silu_s8,n=1152,33379,pext_int_lut[curated[pext_nl]],measured,
2100,moonshine$dispatch_2100_linear_s8,,,1000000000,us,1000000000000,0,,excluded_unmeasured,linear_s8,M=1;K=288;N=1152,,,excluded_unmeasured,"the roccmoon kernel #includes a hart-0-executable fallback body, so this cell is physically possible -- but no board run in this tree has measured it, and inventing a number here would be fiction"
2101,moonshine$dispatch_2101_mul_s8,,,0.725212118,ms,725212.118,0,,board_measured_b1_scaled_by_measured_region_factor_0.5883,mul_s8,n=1152,29008,pext_int_mul[curated[pext_nl]],measured,
2102,moonshine$dispatch_2102_linear_s8,,,1000000000,us,1000000000000,0,,excluded_unmeasured,linear_s8,M=1;K=1152;N=288,,,excluded_unmeasured,"the roccmoon kernel #includes a hart-0-executable fallback body, so this cell is physically possible -- but no board run in this tree has measured it, and inventing a number here would be fiction"
2103,moonshine$dispatch_2103_add_s8,,,0.081097155,ms,81097.155,0,,board_measured_b1_scaled_by_measured_region_factor_0.5883,add_s8,n=288,3244,pext_int_add[curated[pext_nl]],measured,
2104,moonshine$dispatch_2104_layernorm_s8,,,0.465507083,ms,465507.083,0,,board_measured_b1_scaled_by_measured_region_factor_0.5883,layernorm_s8,M=1;K=288,18620,pext_int_rsqrt[curated[pext_nl]],measured,
2105,moonshine$dispatch_2105_linear_s8,,,1000000000,us,1000000000000,0,,excluded_unmeasured,linear_s8,M=1;K=288;N=288,,,excluded_unmeasured,"the roccmoon kernel #includes a hart-0-executable fallback body, so this cell is physically possible -- but no board run in this tree has measured it, and inventing a number here would be fiction"
2106,moonshine$dispatch_2106_rope_s8,,,0.143221635,ms,143221.635,0,,board_measured_b1_scaled_by_measured_region_factor_0.5883,rope_s8,T=1;H=8;D=36;R=32,5729,pext_int_rot[curated[pext_nl]],measured,
2107,moonshine$dispatch_2107_linear_s8,,,1000000000,us,1000000000000,0,,excluded_unmeasured,linear_s8,M=1;K=288;N=288,,,excluded_unmeasured,"the roccmoon kernel #includes a hart-0-executable fallback body, so this cell is physically possible -- but no board run in this tree has measured it, and inventing a number here would be fiction"
2108,moonshine$dispatch_2108_rope_s8,,,0.126410963,ms,126410.962,0,,board_measured_b1_scaled_by_measured_region_factor_0.5883,rope_s8,T=1;H=8;D=36;R=32,5056,pext_int_rot[curated[pext_nl]],measured,
2109,moonshine$dispatch_2109_linear_s8,,,1000000000,us,1000000000000,0,,excluded_unmeasured,linear_s8,M=1;K=288;N=288,,,excluded_unmeasured,"the roccmoon kernel #includes a hart-0-executable fallback body, so this cell is physically possible -- but no board run in this tree has measured it, and inventing a number here would be fiction"
2110,moonshine$dispatch_2110_cat2_c1_s8,,,0.720079200,ms,720079.200,0,,board_measured_b1_scaled_by_measured_region_factor_0.5883,cat2_c1_s8,N=1;H=288;W=1;C_inputs=11|1;C_total=12,28803,pext_memo_lut[curated[pext_nl]],measured,
2111,moonshine$dispatch_2111_cat2_c1_s8,,,0.712578375,ms,712578.375,0,,board_measured_b1_scaled_by_measured_region_factor_0.5883,cat2_c1_s8,N=1;H=288;W=1;C_inputs=11|1;C_total=12,28503,pext_memo_lut[curated[pext_nl]],measured,
2112,moonshine$dispatch_2112_permute4_s8,,,0.142000912,ms,142000.913,0,,board_measured_b1_scaled_by_measured_region_factor_0.5883,permute4_s8,d0=1;d1=12;d2=8;d3=36;p0=0;p1=2;p2=1;p3=3,5680,pext_block[curated[pext_nl]],measured,
2113,moonshine$dispatch_2113_permute4_s8,,,0.138338745,ms,138338.745,0,,board_measured_b1_scaled_by_measured_region_factor_0.5883,permute4_s8,d0=1;d1=12;d2=8;d3=36;p0=0;p1=2;p2=1;p3=3,5534,pext_block[curated[pext_nl]],measured,
2114,moonshine$dispatch_2114_matmul_b_s8,,,0.215759025,ms,215759.025,0,,board_measured_b1_scaled_by_measured_region_factor_0.5883,matmul_b_s8,B=8;M=1;K=36;N=12;transpose_b=1,8630,pext_dot8_exact[curated[pext_nl]],measured,
2115,moonshine$dispatch_2115_softmax_s8,,,0.292841033,ms,292841.033,0,,board_measured_b1_scaled_by_measured_region_factor_0.5883,softmax_s8,M=8;K=12,11714,pext_int_memo2[curated[pext_nl]],measured,
2116,moonshine$dispatch_2116_matmul_b_s8,,,0.558973245,ms,558973.245,0,,board_measured_b1_scaled_by_measured_region_factor_0.5883,matmul_b_s8,B=8;M=1;K=12;N=36;transpose_b=0,22359,pext_dot8_exact[curated[pext_nl]],measured,
2117,moonshine$dispatch_2117_linear_s8,,,1000000000,us,1000000000000,0,,excluded_unmeasured,linear_s8,M=1;K=288;N=288,,,excluded_unmeasured,"the roccmoon kernel #includes a hart-0-executable fallback body, so this cell is physically possible -- but no board run in this tree has measured it, and inventing a number here would be fiction"
2118,moonshine$dispatch_2118_add_s8,,,0.085377038,ms,85377.038,0,,board_measured_b1_scaled_by_measured_region_factor_0.5883,add_s8,n=288,3415,pext_int_add[curated[pext_nl]],measured,
2119,moonshine$dispatch_2119_layernorm_s8,,,0.468419168,ms,468419.168,0,,board_measured_b1_scaled_by_measured_region_factor_0.5883,layernorm_s8,M=1;K=288,18737,pext_int_rsqrt[curated[pext_nl]],measured,
2120,moonshine$dispatch_2120_linear_s8,,,1000000000,us,1000000000000,0,,excluded_unmeasured,linear_s8,M=1;K=288;N=288,,,excluded_unmeasured,"the roccmoon kernel #includes a hart-0-executable fallback body, so this cell is physically possible -- but no board run in this tree has measured it, and inventing a number here would be fiction"
2121,moonshine$dispatch_2121_matmul_b_s8,,,1.679390595,ms,1679390.595,0,,board_measured_b1_scaled_by_measured_region_factor_0.5883,matmul_b_s8,B=8;M=1;K=36;N=165;transpose_b=1,67176,pext_dot8_exact[curated[pext_nl]],measured,
2122,moonshine$dispatch_2122_softmax_s8,,,1.133830590,ms,1133830.590,0,,board_measured_b1_scaled_by_measured_region_factor_0.5883,softmax_s8,M=8;K=165,45353,pext_int_memo2[curated[pext_nl]],measured,
2123,moonshine$dispatch_2123_matmul_b_s8,,,1.510489665,ms,1510489.665,0,,board_measured_b1_scaled_by_measured_region_factor_0.5883,matmul_b_s8,B=8;M=1;K=165;N=36;transpose_b=1,60420,pext_dot8_exact[curated[pext_nl]],measured,
2124,moonshine$dispatch_2124_linear_s8,,,1000000000,us,1000000000000,0,,excluded_unmeasured,linear_s8,M=1;K=288;N=288,,,excluded_unmeasured,"the roccmoon kernel #includes a hart-0-executable fallback body, so this cell is physically possible -- but no board run in this tree has measured it, and inventing a number here would be fiction"
2125,moonshine$dispatch_2125_add_s8,,,0.081141277,ms,81141.277,0,,board_measured_b1_scaled_by_measured_region_factor_0.5883,add_s8,n=288,3246,pext_int_add[curated[pext_nl]],measured,
2126,moonshine$dispatch_2126_layernorm_s8,,,0.470198775,ms,470198.775,0,,board_measured_b1_scaled_by_measured_region_factor_0.5883,layernorm_s8,M=1;K=288,18808,pext_int_rsqrt[curated[pext_nl]],measured,
2127,moonshine$dispatch_2127_linear_s8,,,1000000000,us,1000000000000,0,,excluded_unmeasured,linear_s8,M=1;K=288;N=1152,,,excluded_unmeasured,"the roccmoon kernel #includes a hart-0-executable fallback body, so this cell is physically possible -- but no board run in this tree has measured it, and inventing a number here would be fiction"
2128,moonshine$dispatch_2128_silu_s8,,,0.804735570,ms,804735.570,0,,board_measured_b1_scaled_by_measured_region_factor_0.5883,silu_s8,n=1152,32189,pext_int_lut[curated[pext_nl]],measured,
2129,moonshine$dispatch_2129_linear_s8,,,1000000000,us,1000000000000,0,,excluded_unmeasured,linear_s8,M=1;K=288;N=1152,,,excluded_unmeasured,"the roccmoon kernel #includes a hart-0-executable fallback body, so this cell is physically possible -- but no board run in this tree has measured it, and inventing a number here would be fiction"
2130,moonshine$dispatch_2130_mul_s8,,,0.724064933,ms,724064.932,0,,board_measured_b1_scaled_by_measured_region_factor_0.5883,mul_s8,n=1152,28963,pext_int_mul[curated[pext_nl]],measured,
2131,moonshine$dispatch_2131_linear_s8,,,1000000000,us,1000000000000,0,,excluded_unmeasured,linear_s8,M=1;K=1152;N=288,,,excluded_unmeasured,"the roccmoon kernel #includes a hart-0-executable fallback body, so this cell is physically possible -- but no board run in this tree has measured it, and inventing a number here would be fiction"
2132,moonshine$dispatch_2132_add_s8,,,0.081817823,ms,81817.823,0,,board_measured_b1_scaled_by_measured_region_factor_0.5883,add_s8,n=288,3273,pext_int_add[curated[pext_nl]],measured,
2133,moonshine$dispatch_2133_layernorm_s8,,,0.461138955,ms,461138.955,0,,board_measured_b1_scaled_by_measured_region_factor_0.5883,layernorm_s8,M=1;K=288,18446,pext_int_rsqrt[curated[pext_nl]],measured,
2134,moonshine$dispatch_2134_linear_s8,,,1000000000,us,1000000000000,0,,excluded_unmeasured,linear_s8,M=1;K=288;N=288,,,excluded_unmeasured,"the roccmoon kernel #includes a hart-0-executable fallback body, so this cell is physically possible -- but no board run in this tree has measured it, and inventing a number here would be fiction"
2135,moonshine$dispatch_2135_rope_s8,,,0.140353673,ms,140353.673,0,,board_measured_b1_scaled_by_measured_region_factor_0.5883,rope_s8,T=1;H=8;D=36;R=32,5614,pext_int_rot[curated[pext_nl]],measured,
2136,moonshine$dispatch_2136_linear_s8,,,1000000000,us,1000000000000,0,,excluded_unmeasured,linear_s8,M=1;K=288;N=288,,,excluded_unmeasured,"the roccmoon kernel #includes a hart-0-executable fallback body, so this cell is physically possible -- but no board run in this tree has measured it, and inventing a number here would be fiction"
2137,moonshine$dispatch_2137_rope_s8,,,0.126175642,ms,126175.642,0,,board_measured_b1_scaled_by_measured_region_factor_0.5883,rope_s8,T=1;H=8;D=36;R=32,5047,pext_int_rot[curated[pext_nl]],measured,
2138,moonshine$dispatch_2138_linear_s8,,,1000000000,us,1000000000000,0,,excluded_unmeasured,linear_s8,M=1;K=288;N=288,,,excluded_unmeasured,"the roccmoon kernel #includes a hart-0-executable fallback body, so this cell is physically possible -- but no board run in this tree has measured it, and inventing a number here would be fiction"
2139,moonshine$dispatch_2139_cat2_c1_s8,,,0.720005662,ms,720005.662,0,,board_measured_b1_scaled_by_measured_region_factor_0.5883,cat2_c1_s8,N=1;H=288;W=1;C_inputs=11|1;C_total=12,28800,pext_memo_lut[curated[pext_nl]],measured,
2140,moonshine$dispatch_2140_cat2_c1_s8,,,0.714431520,ms,714431.520,0,,board_measured_b1_scaled_by_measured_region_factor_0.5883,cat2_c1_s8,N=1;H=288;W=1;C_inputs=11|1;C_total=12,28577,pext_memo_lut[curated[pext_nl]],measured,
2141,moonshine$dispatch_2141_permute4_s8,,,0.142486260,ms,142486.260,0,,board_measured_b1_scaled_by_measured_region_factor_0.5883,permute4_s8,d0=1;d1=12;d2=8;d3=36;p0=0;p1=2;p2=1;p3=3,5699,pext_block[curated[pext_nl]],measured,
2142,moonshine$dispatch_2142_permute4_s8,,,0.134485380,ms,134485.380,0,,board_measured_b1_scaled_by_measured_region_factor_0.5883,permute4_s8,d0=1;d1=12;d2=8;d3=36;p0=0;p1=2;p2=1;p3=3,5379,pext_block[curated[pext_nl]],measured,
2143,moonshine$dispatch_2143_matmul_b_s8,,,0.215494290,ms,215494.290,0,,board_measured_b1_scaled_by_measured_region_factor_0.5883,matmul_b_s8,B=8;M=1;K=36;N=12;transpose_b=1,8620,pext_dot8_exact[curated[pext_nl]],measured,
2144,moonshine$dispatch_2144_softmax_s8,,,0.287575748,ms,287575.748,0,,board_measured_b1_scaled_by_measured_region_factor_0.5883,softmax_s8,M=8;K=12,11503,pext_int_memo2[curated[pext_nl]],measured,
2145,moonshine$dispatch_2145_matmul_b_s8,,,0.563826720,ms,563826.720,0,,board_measured_b1_scaled_by_measured_region_factor_0.5883,matmul_b_s8,B=8;M=1;K=12;N=36;transpose_b=0,22553,pext_dot8_exact[curated[pext_nl]],measured,
2146,moonshine$dispatch_2146_linear_s8,,,1000000000,us,1000000000000,0,,excluded_unmeasured,linear_s8,M=1;K=288;N=288,,,excluded_unmeasured,"the roccmoon kernel #includes a hart-0-executable fallback body, so this cell is physically possible -- but no board run in this tree has measured it, and inventing a number here would be fiction"
2147,moonshine$dispatch_2147_add_s8,,,0.087024277,ms,87024.277,0,,board_measured_b1_scaled_by_measured_region_factor_0.5883,add_s8,n=288,3481,pext_int_add[curated[pext_nl]],measured,
2148,moonshine$dispatch_2148_layernorm_s8,,,0.470316435,ms,470316.435,0,,board_measured_b1_scaled_by_measured_region_factor_0.5883,layernorm_s8,M=1;K=288,18813,pext_int_rsqrt[curated[pext_nl]],measured,
2149,moonshine$dispatch_2149_linear_s8,,,1000000000,us,1000000000000,0,,excluded_unmeasured,linear_s8,M=1;K=288;N=288,,,excluded_unmeasured,"the roccmoon kernel #includes a hart-0-executable fallback body, so this cell is physically possible -- but no board run in this tree has measured it, and inventing a number here would be fiction"
2150,moonshine$dispatch_2150_matmul_b_s8,,,1.657020488,ms,1657020.488,0,,board_measured_b1_scaled_by_measured_region_factor_0.5883,matmul_b_s8,B=8;M=1;K=36;N=165;transpose_b=1,66281,pext_dot8_exact[curated[pext_nl]],measured,
2151,moonshine$dispatch_2151_softmax_s8,,,0.995300648,ms,995300.648,0,,board_measured_b1_scaled_by_measured_region_factor_0.5883,softmax_s8,M=8;K=165,39812,pext_int_memo2[curated[pext_nl]],measured,
2152,moonshine$dispatch_2152_matmul_b_s8,,,1.519814220,ms,1519814.220,0,,board_measured_b1_scaled_by_measured_region_factor_0.5883,matmul_b_s8,B=8;M=1;K=165;N=36;transpose_b=1,60793,pext_dot8_exact[curated[pext_nl]],measured,
2153,moonshine$dispatch_2153_linear_s8,,,1000000000,us,1000000000000,0,,excluded_unmeasured,linear_s8,M=1;K=288;N=288,,,excluded_unmeasured,"the roccmoon kernel #includes a hart-0-executable fallback body, so this cell is physically possible -- but no board run in this tree has measured it, and inventing a number here would be fiction"
2154,moonshine$dispatch_2154_add_s8,,,0.084406343,ms,84406.343,0,,board_measured_b1_scaled_by_measured_region_factor_0.5883,add_s8,n=288,3376,pext_int_add[curated[pext_nl]],measured,
2155,moonshine$dispatch_2155_layernorm_s8,,,0.465286470,ms,465286.470,0,,board_measured_b1_scaled_by_measured_region_factor_0.5883,layernorm_s8,M=1;K=288,18611,pext_int_rsqrt[curated[pext_nl]],measured,
2156,moonshine$dispatch_2156_linear_s8,,,1000000000,us,1000000000000,0,,excluded_unmeasured,linear_s8,M=1;K=288;N=1152,,,excluded_unmeasured,"the roccmoon kernel #includes a hart-0-executable fallback body, so this cell is physically possible -- but no board run in this tree has measured it, and inventing a number here would be fiction"
2157,moonshine$dispatch_2157_silu_s8,,,0.812133443,ms,812133.443,0,,board_measured_b1_scaled_by_measured_region_factor_0.5883,silu_s8,n=1152,32485,pext_int_lut[curated[pext_nl]],measured,
2158,moonshine$dispatch_2158_linear_s8,,,1000000000,us,1000000000000,0,,excluded_unmeasured,linear_s8,M=1;K=288;N=1152,,,excluded_unmeasured,"the roccmoon kernel #includes a hart-0-executable fallback body, so this cell is physically possible -- but no board run in this tree has measured it, and inventing a number here would be fiction"
2159,moonshine$dispatch_2159_mul_s8,,,0.723300143,ms,723300.143,0,,board_measured_b1_scaled_by_measured_region_factor_0.5883,mul_s8,n=1152,28932,pext_int_mul[curated[pext_nl]],measured,
2160,moonshine$dispatch_2160_linear_s8,,,1000000000,us,1000000000000,0,,excluded_unmeasured,linear_s8,M=1;K=1152;N=288,,,excluded_unmeasured,"the roccmoon kernel #includes a hart-0-executable fallback body, so this cell is physically possible -- but no board run in this tree has measured it, and inventing a number here would be fiction"
2161,moonshine$dispatch_2161_add_s8,,,0.081994312,ms,81994.312,0,,board_measured_b1_scaled_by_measured_region_factor_0.5883,add_s8,n=288,3280,pext_int_add[curated[pext_nl]],measured,
2162,moonshine$dispatch_2162_layernorm_s8,,,0.467580840,ms,467580.840,0,,board_measured_b1_scaled_by_measured_region_factor_0.5883,layernorm_s8,M=1;K=288,18703,pext_int_rsqrt[curated[pext_nl]],measured,
2163,moonshine$dispatch_2163_linear_s8,,,1000000000,us,1000000000000,0,,excluded_unmeasured,linear_s8,M=1;K=288;N=288,,,excluded_unmeasured,"the roccmoon kernel #includes a hart-0-executable fallback body, so this cell is physically possible -- but no board run in this tree has measured it, and inventing a number here would be fiction"
2164,moonshine$dispatch_2164_rope_s8,,,0.140515455,ms,140515.455,0,,board_measured_b1_scaled_by_measured_region_factor_0.5883,rope_s8,T=1;H=8;D=36;R=32,5621,pext_int_rot[curated[pext_nl]],measured,
2165,moonshine$dispatch_2165_linear_s8,,,1000000000,us,1000000000000,0,,excluded_unmeasured,linear_s8,M=1;K=288;N=288,,,excluded_unmeasured,"the roccmoon kernel #includes a hart-0-executable fallback body, so this cell is physically possible -- but no board run in this tree has measured it, and inventing a number here would be fiction"
2166,moonshine$dispatch_2166_rope_s8,,,0.125381438,ms,125381.438,0,,board_measured_b1_scaled_by_measured_region_factor_0.5883,rope_s8,T=1;H=8;D=36;R=32,5015,pext_int_rot[curated[pext_nl]],measured,
2167,moonshine$dispatch_2167_linear_s8,,,1000000000,us,1000000000000,0,,excluded_unmeasured,linear_s8,M=1;K=288;N=288,,,excluded_unmeasured,"the roccmoon kernel #includes a hart-0-executable fallback body, so this cell is physically possible -- but no board run in this tree has measured it, and inventing a number here would be fiction"
2168,moonshine$dispatch_2168_cat2_c1_s8,,,0.724153177,ms,724153.177,0,,board_measured_b1_scaled_by_measured_region_factor_0.5883,cat2_c1_s8,N=1;H=288;W=1;C_inputs=11|1;C_total=12,28966,pext_memo_lut[curated[pext_nl]],measured,
2169,moonshine$dispatch_2169_cat2_c1_s8,,,0.712372470,ms,712372.470,0,,board_measured_b1_scaled_by_measured_region_factor_0.5883,cat2_c1_s8,N=1;H=288;W=1;C_inputs=11|1;C_total=12,28495,pext_memo_lut[curated[pext_nl]],measured,
2170,moonshine$dispatch_2170_permute4_s8,,,0.146633775,ms,146633.775,0,,board_measured_b1_scaled_by_measured_region_factor_0.5883,permute4_s8,d0=1;d1=12;d2=8;d3=36;p0=0;p1=2;p2=1;p3=3,5865,pext_block[curated[pext_nl]],measured,
2171,moonshine$dispatch_2171_permute4_s8,,,0.143721690,ms,143721.690,0,,board_measured_b1_scaled_by_measured_region_factor_0.5883,permute4_s8,d0=1;d1=12;d2=8;d3=36;p0=0;p1=2;p2=1;p3=3,5749,pext_block[curated[pext_nl]],measured,
2172,moonshine$dispatch_2172_matmul_b_s8,,,0.217038578,ms,217038.578,0,,board_measured_b1_scaled_by_measured_region_factor_0.5883,matmul_b_s8,B=8;M=1;K=36;N=12;transpose_b=1,8682,pext_dot8_exact[curated[pext_nl]],measured,
2173,moonshine$dispatch_2173_softmax_s8,,,0.296753227,ms,296753.227,0,,board_measured_b1_scaled_by_measured_region_factor_0.5883,softmax_s8,M=8;K=12,11870,pext_int_memo2[curated[pext_nl]],measured,
2174,moonshine$dispatch_2174_matmul_b_s8,,,0.560443995,ms,560443.995,0,,board_measured_b1_scaled_by_measured_region_factor_0.5883,matmul_b_s8,B=8;M=1;K=12;N=36;transpose_b=0,22418,pext_dot8_exact[curated[pext_nl]],measured,
2175,moonshine$dispatch_2175_linear_s8,,,1000000000,us,1000000000000,0,,excluded_unmeasured,linear_s8,M=1;K=288;N=288,,,excluded_unmeasured,"the roccmoon kernel #includes a hart-0-executable fallback body, so this cell is physically possible -- but no board run in this tree has measured it, and inventing a number here would be fiction"
2176,moonshine$dispatch_2176_add_s8,,,0.086788957,ms,86788.958,0,,board_measured_b1_scaled_by_measured_region_factor_0.5883,add_s8,n=288,3472,pext_int_add[curated[pext_nl]],measured,
2177,moonshine$dispatch_2177_layernorm_s8,,,0.474478658,ms,474478.658,0,,board_measured_b1_scaled_by_measured_region_factor_0.5883,layernorm_s8,M=1;K=288,18979,pext_int_rsqrt[curated[pext_nl]],measured,
2178,moonshine$dispatch_2178_linear_s8,,,1000000000,us,1000000000000,0,,excluded_unmeasured,linear_s8,M=1;K=288;N=288,,,excluded_unmeasured,"the roccmoon kernel #includes a hart-0-executable fallback body, so this cell is physically possible -- but no board run in this tree has measured it, and inventing a number here would be fiction"
2179,moonshine$dispatch_2179_matmul_b_s8,,,1.640401013,ms,1640401.013,0,,board_measured_b1_scaled_by_measured_region_factor_0.5883,matmul_b_s8,B=8;M=1;K=36;N=165;transpose_b=1,65616,pext_dot8_exact[curated[pext_nl]],measured,
2180,moonshine$dispatch_2180_softmax_s8,,,0.949501493,ms,949501.493,0,,board_measured_b1_scaled_by_measured_region_factor_0.5883,softmax_s8,M=8;K=165,37980,pext_int_memo2[curated[pext_nl]],measured,
2181,moonshine$dispatch_2181_matmul_b_s8,,,1.529815320,ms,1529815.320,0,,board_measured_b1_scaled_by_measured_region_factor_0.5883,matmul_b_s8,B=8;M=1;K=165;N=36;transpose_b=1,61193,pext_dot8_exact[curated[pext_nl]],measured,
2182,moonshine$dispatch_2182_linear_s8,,,1000000000,us,1000000000000,0,,excluded_unmeasured,linear_s8,M=1;K=288;N=288,,,excluded_unmeasured,"the roccmoon kernel #includes a hart-0-executable fallback body, so this cell is physically possible -- but no board run in this tree has measured it, and inventing a number here would be fiction"
2183,moonshine$dispatch_2183_add_s8,,,0.082023728,ms,82023.728,0,,board_measured_b1_scaled_by_measured_region_factor_0.5883,add_s8,n=288,3281,pext_int_add[curated[pext_nl]],measured,
2184,moonshine$dispatch_2184_layernorm_s8,,,0.470757660,ms,470757.660,0,,board_measured_b1_scaled_by_measured_region_factor_0.5883,layernorm_s8,M=1;K=288,18830,pext_int_rsqrt[curated[pext_nl]],measured,
2185,moonshine$dispatch_2185_linear_s8,,,1000000000,us,1000000000000,0,,excluded_unmeasured,linear_s8,M=1;K=288;N=1152,,,excluded_unmeasured,"the roccmoon kernel #includes a hart-0-executable fallback body, so this cell is physically possible -- but no board run in this tree has measured it, and inventing a number here would be fiction"
2186,moonshine$dispatch_2186_silu_s8,,,0.838180425,ms,838180.425,0,,board_measured_b1_scaled_by_measured_region_factor_0.5883,silu_s8,n=1152,33527,pext_int_lut[curated[pext_nl]],measured,
2187,moonshine$dispatch_2187_linear_s8,,,1000000000,us,1000000000000,0,,excluded_unmeasured,linear_s8,M=1;K=288;N=1152,,,excluded_unmeasured,"the roccmoon kernel #includes a hart-0-executable fallback body, so this cell is physically possible -- but no board run in this tree has measured it, and inventing a number here would be fiction"
2188,moonshine$dispatch_2188_mul_s8,,,0.725491560,ms,725491.560,0,,board_measured_b1_scaled_by_measured_region_factor_0.5883,mul_s8,n=1152,29020,pext_int_mul[curated[pext_nl]],measured,
2189,moonshine$dispatch_2189_linear_s8,,,1000000000,us,1000000000000,0,,excluded_unmeasured,linear_s8,M=1;K=1152;N=288,,,excluded_unmeasured,"the roccmoon kernel #includes a hart-0-executable fallback body, so this cell is physically possible -- but no board run in this tree has measured it, and inventing a number here would be fiction"
2190,moonshine$dispatch_2190_add_s8,,,0.082273755,ms,82273.755,0,,board_measured_b1_scaled_by_measured_region_factor_0.5883,add_s8,n=288,3291,pext_int_add[curated[pext_nl]],measured,
2191,moonshine$dispatch_2191_layernorm_s8,,,0.466124798,ms,466124.798,0,,board_measured_b1_scaled_by_measured_region_factor_0.5883,layernorm_s8,M=1;K=288,18645,pext_int_rsqrt[curated[pext_nl]],measured,
2192,moonshine$dispatch_2192_linear_s8,,,1000000000,us,1000000000000,0,,excluded_unmeasured,linear_s8,M=1;K=288;N=288,,,excluded_unmeasured,"the roccmoon kernel #includes a hart-0-executable fallback body, so this cell is physically possible -- but no board run in this tree has measured it, and inventing a number here would be fiction"
2193,moonshine$dispatch_2193_rope_s8,,,0.139985985,ms,139985.985,0,,board_measured_b1_scaled_by_measured_region_factor_0.5883,rope_s8,T=1;H=8;D=36;R=32,5599,pext_int_rot[curated[pext_nl]],measured,
2194,moonshine$dispatch_2194_linear_s8,,,1000000000,us,1000000000000,0,,excluded_unmeasured,linear_s8,M=1;K=288;N=288,,,excluded_unmeasured,"the roccmoon kernel #includes a hart-0-executable fallback body, so this cell is physically possible -- but no board run in this tree has measured it, and inventing a number here would be fiction"
2195,moonshine$dispatch_2195_rope_s8,,,0.126572745,ms,126572.745,0,,board_measured_b1_scaled_by_measured_region_factor_0.5883,rope_s8,T=1;H=8;D=36;R=32,5063,pext_int_rot[curated[pext_nl]],measured,
2196,moonshine$dispatch_2196_linear_s8,,,1000000000,us,1000000000000,0,,excluded_unmeasured,linear_s8,M=1;K=288;N=288,,,excluded_unmeasured,"the roccmoon kernel #includes a hart-0-executable fallback body, so this cell is physically possible -- but no board run in this tree has measured it, and inventing a number here would be fiction"
2197,moonshine$dispatch_2197_cat2_c1_s8,,,0.725976907,ms,725976.907,0,,board_measured_b1_scaled_by_measured_region_factor_0.5883,cat2_c1_s8,N=1;H=288;W=1;C_inputs=11|1;C_total=12,29039,pext_memo_lut[curated[pext_nl]],measured,
2198,moonshine$dispatch_2198_cat2_c1_s8,,,0.711107625,ms,711107.625,0,,board_measured_b1_scaled_by_measured_region_factor_0.5883,cat2_c1_s8,N=1;H=288;W=1;C_inputs=11|1;C_total=12,28444,pext_memo_lut[curated[pext_nl]],measured,
2199,moonshine$dispatch_2199_permute4_s8,,,0.144148208,ms,144148.208,0,,board_measured_b1_scaled_by_measured_region_factor_0.5883,permute4_s8,d0=1;d1=12;d2=8;d3=36;p0=0;p1=2;p2=1;p3=3,5766,pext_block[curated[pext_nl]],measured,
2200,moonshine$dispatch_2200_permute4_s8,,,0.140456625,ms,140456.625,0,,board_measured_b1_scaled_by_measured_region_factor_0.5883,permute4_s8,d0=1;d1=12;d2=8;d3=36;p0=0;p1=2;p2=1;p3=3,5618,pext_block[curated[pext_nl]],measured,
2201,moonshine$dispatch_2201_matmul_b_s8,,,0.218097518,ms,218097.518,0,,board_measured_b1_scaled_by_measured_region_factor_0.5883,matmul_b_s8,B=8;M=1;K=36;N=12;transpose_b=1,8724,pext_dot8_exact[curated[pext_nl]],measured,
2202,moonshine$dispatch_2202_softmax_s8,,,0.298959352,ms,298959.352,0,,board_measured_b1_scaled_by_measured_region_factor_0.5883,softmax_s8,M=8;K=12,11958,pext_int_memo2[curated[pext_nl]],measured,
2203,moonshine$dispatch_2203_matmul_b_s8,,,0.562120650,ms,562120.650,0,,board_measured_b1_scaled_by_measured_region_factor_0.5883,matmul_b_s8,B=8;M=1;K=12;N=36;transpose_b=0,22485,pext_dot8_exact[curated[pext_nl]],measured,
2204,moonshine$dispatch_2204_linear_s8,,,1000000000,us,1000000000000,0,,excluded_unmeasured,linear_s8,M=1;K=288;N=288,,,excluded_unmeasured,"the roccmoon kernel #includes a hart-0-executable fallback body, so this cell is physically possible -- but no board run in this tree has measured it, and inventing a number here would be fiction"
2205,moonshine$dispatch_2205_add_s8,,,0.159061613,ms,159061.613,0,,board_measured_b1_scaled_by_measured_region_factor_0.5883,add_s8,n=288,6362,pext_int_add[curated[pext_nl]],measured,
2206,moonshine$dispatch_2206_layernorm_s8,,,0.475890578,ms,475890.578,0,,board_measured_b1_scaled_by_measured_region_factor_0.5883,layernorm_s8,M=1;K=288,19036,pext_int_rsqrt[curated[pext_nl]],measured,
2207,moonshine$dispatch_2207_linear_s8,,,1000000000,us,1000000000000,0,,excluded_unmeasured,linear_s8,M=1;K=288;N=288,,,excluded_unmeasured,"the roccmoon kernel #includes a hart-0-executable fallback body, so this cell is physically possible -- but no board run in this tree has measured it, and inventing a number here would be fiction"
2208,moonshine$dispatch_2208_matmul_b_s8,,,1.654240770,ms,1654240.770,0,,board_measured_b1_scaled_by_measured_region_factor_0.5883,matmul_b_s8,B=8;M=1;K=36;N=165;transpose_b=1,66170,pext_dot8_exact[curated[pext_nl]],measured,
2209,moonshine$dispatch_2209_softmax_s8,,,0.911865000,ms,911865.000,0,,board_measured_b1_scaled_by_measured_region_factor_0.5883,softmax_s8,M=8;K=165,36475,pext_int_memo2[curated[pext_nl]],measured,
2210,moonshine$dispatch_2210_matmul_b_s8,,,1.519461240,ms,1519461.240,0,,board_measured_b1_scaled_by_measured_region_factor_0.5883,matmul_b_s8,B=8;M=1;K=165;N=36;transpose_b=1,60778,pext_dot8_exact[curated[pext_nl]],measured,
2211,moonshine$dispatch_2211_linear_s8,,,1000000000,us,1000000000000,0,,excluded_unmeasured,linear_s8,M=1;K=288;N=288,,,excluded_unmeasured,"the roccmoon kernel #includes a hart-0-executable fallback body, so this cell is physically possible -- but no board run in this tree has measured it, and inventing a number here would be fiction"
2212,moonshine$dispatch_2212_add_s8,,,0.085980045,ms,85980.045,0,,board_measured_b1_scaled_by_measured_region_factor_0.5883,add_s8,n=288,3439,pext_int_add[curated[pext_nl]],measured,
2213,moonshine$dispatch_2213_layernorm_s8,,,0.465536498,ms,465536.498,0,,board_measured_b1_scaled_by_measured_region_factor_0.5883,layernorm_s8,M=1;K=288,18621,pext_int_rsqrt[curated[pext_nl]],measured,
2214,moonshine$dispatch_2214_linear_s8,,,1000000000,us,1000000000000,0,,excluded_unmeasured,linear_s8,M=1;K=288;N=1152,,,excluded_unmeasured,"the roccmoon kernel #includes a hart-0-executable fallback body, so this cell is physically possible -- but no board run in this tree has measured it, and inventing a number here would be fiction"
2215,moonshine$dispatch_2215_silu_s8,,,0.770996565,ms,770996.565,0,,board_measured_b1_scaled_by_measured_region_factor_0.5883,silu_s8,n=1152,30840,pext_int_lut[curated[pext_nl]],measured,
2216,moonshine$dispatch_2216_linear_s8,,,1000000000,us,1000000000000,0,,excluded_unmeasured,linear_s8,M=1;K=288;N=1152,,,excluded_unmeasured,"the roccmoon kernel #includes a hart-0-executable fallback body, so this cell is physically possible -- but no board run in this tree has measured it, and inventing a number here would be fiction"
2217,moonshine$dispatch_2217_mul_s8,,,0.721020480,ms,721020.480,0,,board_measured_b1_scaled_by_measured_region_factor_0.5883,mul_s8,n=1152,28841,pext_int_mul[curated[pext_nl]],measured,
2218,moonshine$dispatch_2218_linear_s8,,,1000000000,us,1000000000000,0,,excluded_unmeasured,linear_s8,M=1;K=1152;N=288,,,excluded_unmeasured,"the roccmoon kernel #includes a hart-0-executable fallback body, so this cell is physically possible -- but no board run in this tree has measured it, and inventing a number here would be fiction"
2219,moonshine$dispatch_2219_add_s8,,,0.083994533,ms,83994.533,0,,board_measured_b1_scaled_by_measured_region_factor_0.5883,add_s8,n=288,3360,pext_int_add[curated[pext_nl]],measured,
2220,moonshine$dispatch_2220_layernorm_s8,,,0.467933820,ms,467933.820,0,,board_measured_b1_scaled_by_measured_region_factor_0.5883,layernorm_s8,M=1;K=288,18717,pext_int_rsqrt[curated[pext_nl]],measured,
2221,moonshine$dispatch_2221_linear_s8,,,1000000000,us,1000000000000,0,,excluded_unmeasured,linear_s8,M=1;K=288;N=288,,,excluded_unmeasured,"the roccmoon kernel #includes a hart-0-executable fallback body, so this cell is physically possible -- but no board run in this tree has measured it, and inventing a number here would be fiction"
2222,moonshine$dispatch_2222_rope_s8,,,0.141809715,ms,141809.715,0,,board_measured_b1_scaled_by_measured_region_factor_0.5883,rope_s8,T=1;H=8;D=36;R=32,5672,pext_int_rot[curated[pext_nl]],measured,
2223,moonshine$dispatch_2223_linear_s8,,,1000000000,us,1000000000000,0,,excluded_unmeasured,linear_s8,M=1;K=288;N=288,,,excluded_unmeasured,"the roccmoon kernel #includes a hart-0-executable fallback body, so this cell is physically possible -- but no board run in this tree has measured it, and inventing a number here would be fiction"
2224,moonshine$dispatch_2224_rope_s8,,,0.172783710,ms,172783.710,0,,board_measured_b1_scaled_by_measured_region_factor_0.5883,rope_s8,T=1;H=8;D=36;R=32,6911,pext_int_rot[curated[pext_nl]],measured,
2225,moonshine$dispatch_2225_linear_s8,,,1000000000,us,1000000000000,0,,excluded_unmeasured,linear_s8,M=1;K=288;N=288,,,excluded_unmeasured,"the roccmoon kernel #includes a hart-0-executable fallback body, so this cell is physically possible -- but no board run in this tree has measured it, and inventing a number here would be fiction"
2226,moonshine$dispatch_2226_cat2_c1_s8,,,0.722152958,ms,722152.958,0,,board_measured_b1_scaled_by_measured_region_factor_0.5883,cat2_c1_s8,N=1;H=288;W=1;C_inputs=11|1;C_total=12,28886,pext_memo_lut[curated[pext_nl]],measured,
2227,moonshine$dispatch_2227_cat2_c1_s8,,,0.710636985,ms,710636.985,0,,board_measured_b1_scaled_by_measured_region_factor_0.5883,cat2_c1_s8,N=1;H=288;W=1;C_inputs=11|1;C_total=12,28425,pext_memo_lut[curated[pext_nl]],measured,
2228,moonshine$dispatch_2228_permute4_s8,,,0.144501188,ms,144501.188,0,,board_measured_b1_scaled_by_measured_region_factor_0.5883,permute4_s8,d0=1;d1=12;d2=8;d3=36;p0=0;p1=2;p2=1;p3=3,5780,pext_block[curated[pext_nl]],measured,
2229,moonshine$dispatch_2229_permute4_s8,,,0.138971167,ms,138971.167,0,,board_measured_b1_scaled_by_measured_region_factor_0.5883,permute4_s8,d0=1;d1=12;d2=8;d3=36;p0=0;p1=2;p2=1;p3=3,5559,pext_block[curated[pext_nl]],measured,
2230,moonshine$dispatch_2230_matmul_b_s8,,,0.214655963,ms,214655.963,0,,board_measured_b1_scaled_by_measured_region_factor_0.5883,matmul_b_s8,B=8;M=1;K=36;N=12;transpose_b=1,8586,pext_dot8_exact[curated[pext_nl]],measured,
2231,moonshine$dispatch_2231_softmax_s8,,,0.320241105,ms,320241.105,0,,board_measured_b1_scaled_by_measured_region_factor_0.5883,softmax_s8,M=8;K=12,12810,pext_int_memo2[curated[pext_nl]],measured,
2232,moonshine$dispatch_2232_matmul_b_s8,,,0.569415570,ms,569415.570,0,,board_measured_b1_scaled_by_measured_region_factor_0.5883,matmul_b_s8,B=8;M=1;K=12;N=36;transpose_b=0,22777,pext_dot8_exact[curated[pext_nl]],measured,
2233,moonshine$dispatch_2233_linear_s8,,,1000000000,us,1000000000000,0,,excluded_unmeasured,linear_s8,M=1;K=288;N=288,,,excluded_unmeasured,"the roccmoon kernel #includes a hart-0-executable fallback body, so this cell is physically possible -- but no board run in this tree has measured it, and inventing a number here would be fiction"
2234,moonshine$dispatch_2234_add_s8,,,0.089862825,ms,89862.825,0,,board_measured_b1_scaled_by_measured_region_factor_0.5883,add_s8,n=288,3595,pext_int_add[curated[pext_nl]],measured,
2235,moonshine$dispatch_2235_layernorm_s8,,,0.473110860,ms,473110.860,0,,board_measured_b1_scaled_by_measured_region_factor_0.5883,layernorm_s8,M=1;K=288,18924,pext_int_rsqrt[curated[pext_nl]],measured,
2236,moonshine$dispatch_2236_linear_s8,,,1000000000,us,1000000000000,0,,excluded_unmeasured,linear_s8,M=1;K=288;N=288,,,excluded_unmeasured,"the roccmoon kernel #includes a hart-0-executable fallback body, so this cell is physically possible -- but no board run in this tree has measured it, and inventing a number here would be fiction"
2237,moonshine$dispatch_2237_matmul_b_s8,,,1.644077887,ms,1644077.887,0,,board_measured_b1_scaled_by_measured_region_factor_0.5883,matmul_b_s8,B=8;M=1;K=36;N=165;transpose_b=1,65763,pext_dot8_exact[curated[pext_nl]],measured,
2238,moonshine$dispatch_2238_softmax_s8,,,0.944045010,ms,944045.010,0,,board_measured_b1_scaled_by_measured_region_factor_0.5883,softmax_s8,M=8;K=165,37762,pext_int_memo2[curated[pext_nl]],measured,
2239,moonshine$dispatch_2239_matmul_b_s8,,,1.513666485,ms,1513666.485,0,,board_measured_b1_scaled_by_measured_region_factor_0.5883,matmul_b_s8,B=8;M=1;K=165;N=36;transpose_b=1,60547,pext_dot8_exact[curated[pext_nl]],measured,
2240,moonshine$dispatch_2240_linear_s8,,,1000000000,us,1000000000000,0,,excluded_unmeasured,linear_s8,M=1;K=288;N=288,,,excluded_unmeasured,"the roccmoon kernel #includes a hart-0-executable fallback body, so this cell is physically possible -- but no board run in this tree has measured it, and inventing a number here would be fiction"
2241,moonshine$dispatch_2241_add_s8,,,0.080729468,ms,80729.468,0,,board_measured_b1_scaled_by_measured_region_factor_0.5883,add_s8,n=288,3229,pext_int_add[curated[pext_nl]],measured,
2242,moonshine$dispatch_2242_layernorm_s8,,,0.475684673,ms,475684.673,0,,board_measured_b1_scaled_by_measured_region_factor_0.5883,layernorm_s8,M=1;K=288,19027,pext_int_rsqrt[curated[pext_nl]],measured,
2243,moonshine$dispatch_2243_linear_s8,,,1000000000,us,1000000000000,0,,excluded_unmeasured,linear_s8,M=1;K=288;N=1152,,,excluded_unmeasured,"the roccmoon kernel #includes a hart-0-executable fallback body, so this cell is physically possible -- but no board run in this tree has measured it, and inventing a number here would be fiction"
2244,moonshine$dispatch_2244_silu_s8,,,0.808971330,ms,808971.330,0,,board_measured_b1_scaled_by_measured_region_factor_0.5883,silu_s8,n=1152,32359,pext_int_lut[curated[pext_nl]],measured,
2245,moonshine$dispatch_2245_linear_s8,,,1000000000,us,1000000000000,0,,excluded_unmeasured,linear_s8,M=1;K=288;N=1152,,,excluded_unmeasured,"the roccmoon kernel #includes a hart-0-executable fallback body, so this cell is physically possible -- but no board run in this tree has measured it, and inventing a number here would be fiction"
2246,moonshine$dispatch_2246_mul_s8,,,0.727712393,ms,727712.393,0,,board_measured_b1_scaled_by_measured_region_factor_0.5883,mul_s8,n=1152,29108,pext_int_mul[curated[pext_nl]],measured,
2247,moonshine$dispatch_2247_linear_s8,,,1000000000,us,1000000000000,0,,excluded_unmeasured,linear_s8,M=1;K=1152;N=288,,,excluded_unmeasured,"the roccmoon kernel #includes a hart-0-executable fallback body, so this cell is physically possible -- but no board run in this tree has measured it, and inventing a number here would be fiction"
2248,moonshine$dispatch_2248_add_s8,,,0.083215035,ms,83215.035,0,,board_measured_b1_scaled_by_measured_region_factor_0.5883,add_s8,n=288,3329,pext_int_add[curated[pext_nl]],measured,
2249,moonshine$dispatch_2249_layernorm_s8,,,0.464801123,ms,464801.123,0,,board_measured_b1_scaled_by_measured_region_factor_0.5883,layernorm_s8,M=1;K=288,18592,pext_int_rsqrt[curated[pext_nl]],measured,
2250,moonshine$dispatch_2250_linear_s8,,,1000000000,us,1000000000000,0,,excluded_unmeasured,linear_s8,M=1;K=288;N=16384,,,excluded_unmeasured,"the roccmoon kernel #includes a hart-0-executable fallback body, so this cell is physically possible -- but no board run in this tree has measured it, and inventing a number here would be fiction"
2251,moonshine$dispatch_2251_linear_s8,,,1000000000,us,1000000000000,0,,excluded_unmeasured,linear_s8,M=1;K=288;N=16384,,,excluded_unmeasured,"the roccmoon kernel #includes a hart-0-executable fallback body, so this cell is physically possible -- but no board run in this tree has measured it, and inventing a number here would be fiction"
2252,moonshine$dispatch_2252_cat2_c1_s8,,,0.777556110,ms,777556.110,0,,board_measured_b1_scaled_by_measured_region_factor_0.5883,cat2_c1_s8,N=1;H=1;W=1;C_inputs=16384|16384;C_total=32768,31102,pext_memo_lut[curated[pext_nl]],measured,
