dispatch_id,module_name,vmfb_path,mlir_path,mean_time,mean_unit,mean_time_ns,returncode,log_path,source,op,shape,cycles,implementation,cell_class,exclusion_reason
0,moonshine$dispatch_0_conv2d_s8,,,78.960020750,ms,78960020.750,0,,board_measured_b1_scaled_by_measured_region_factor_0.9932,conv2d_s8,N=1;IC=1;IH=1;IW=64000;OC=288;OH=1;OW=999;KH=1;KW=127;SH=1;SW=64;PH=0;PW=0,3158401,roccmoon_engine[curated],measured,
1,moonshine$dispatch_1_tanh_s8,,,34.444300150,ms,34444300.150,0,,board_measured_b1_scaled_by_measured_region_factor_0.9932,tanh_s8,n=287712,1377772,roccmoon_lut[curated],measured,
2,moonshine$dispatch_2_groupnorm_s8,,,1000000000,us,1000000000000,0,,excluded_impossible,groupnorm_s8,N=1;C=288;H=1;W=999,,,excluded_impossible,hart 1's tile has no P-extension (PynqZ2Configs.scala:220 WithPExtOnTiles(0) names hart 0 only); this kernel's body is custom-0 throughout and holds no hart-1-executable alternative -- it would take an illegal instruction
3,moonshine$dispatch_3_conv2d_s8,,,227.468300410,ms,227468300.410,0,,board_measured_b1_scaled_by_measured_region_factor_0.9932,conv2d_s8,N=1;IC=288;IH=1;IW=999;OC=576;OH=1;OW=331;KH=1;KW=7;SH=1;SW=3;PH=0;PW=0,9098732,roccmoon_engine[curated],measured,
4,moonshine$dispatch_4_gelu_s8,,,6.013974980,ms,6013974.980,0,,board_measured_b1_scaled_by_measured_region_factor_0.9932,gelu_s8,n=190656,240559,roccmoon_lut[curated],measured,
5,moonshine$dispatch_5_conv2d_s8,,,89.940939270,ms,89940939.270,0,,board_measured_b1_scaled_by_measured_region_factor_0.9932,conv2d_s8,N=1;IC=576;IH=1;IW=331;OC=288;OH=1;OW=165;KH=1;KW=3;SH=1;SW=2;PH=0;PW=0,3597638,roccmoon_engine[curated],measured,
6,moonshine$dispatch_6_gelu_s8,,,2.558731500,ms,2558731.500,0,,board_measured_b1_scaled_by_measured_region_factor_0.9932,gelu_s8,n=47520,102349,roccmoon_lut[curated],measured,
7,moonshine$dispatch_7_permute4_s8,,,1000000000,us,1000000000000,0,,excluded_impossible,permute4_s8,d0=1;d1=288;d2=1;d3=165;p0=0;p1=2;p2=3;p3=1,,,excluded_impossible,hart 1's tile has no P-extension (PynqZ2Configs.scala:220 WithPExtOnTiles(0) names hart 0 only); this kernel's body is custom-0 throughout and holds no hart-1-executable alternative -- it would take an illegal instruction
8,moonshine$dispatch_8_layernorm_pc_s8,,,4.452242470,ms,4452242.470,0,,board_measured_b1_scaled_by_measured_region_factor_0.9932,layernorm_pc_s8,M=165;K=288,178090,roccmoon_lane[curated],measured,
9,moonshine$dispatch_9_linear_s8,,,6.258624970,ms,6258624.970,0,,board_measured_b1_scaled_by_measured_region_factor_0.9932,linear_s8,M=165;K=288;N=288,250345,roccmoon_engine[curated],measured,
10,moonshine$dispatch_10_linear_s8,,,6.219790850,ms,6219790.850,0,,board_measured_b1_scaled_by_measured_region_factor_0.9932,linear_s8,M=165;K=288;N=288,248792,roccmoon_engine[curated],measured,
11,moonshine$dispatch_11_linear_s8,,,6.227264680,ms,6227264.680,0,,board_measured_b1_scaled_by_measured_region_factor_0.9932,linear_s8,M=165;K=288;N=288,249091,roccmoon_engine[curated],measured,
12,moonshine$dispatch_12_rope_s8,,,1000000000,us,1000000000000,0,,excluded_impossible,rope_s8,T=165;H=8;D=36;R=32,,,excluded_impossible,hart 1's tile has no P-extension (PynqZ2Configs.scala:220 WithPExtOnTiles(0) names hart 0 only); this kernel's body is custom-0 throughout and holds no hart-1-executable alternative -- it would take an illegal instruction
13,moonshine$dispatch_13_rope_s8,,,1000000000,us,1000000000000,0,,excluded_impossible,rope_s8,T=165;H=8;D=36;R=32,,,excluded_impossible,hart 1's tile has no P-extension (PynqZ2Configs.scala:220 WithPExtOnTiles(0) names hart 0 only); this kernel's body is custom-0 throughout and holds no hart-1-executable alternative -- it would take an illegal instruction
14,moonshine$dispatch_14_permute4_s8,,,1000000000,us,1000000000000,0,,excluded_impossible,permute4_s8,d0=1;d1=165;d2=8;d3=36;p0=0;p1=2;p2=1;p3=3,,,excluded_impossible,hart 1's tile has no P-extension (PynqZ2Configs.scala:220 WithPExtOnTiles(0) names hart 0 only); this kernel's body is custom-0 throughout and holds no hart-1-executable alternative -- it would take an illegal instruction
15,moonshine$dispatch_15_permute4_s8,,,1000000000,us,1000000000000,0,,excluded_impossible,permute4_s8,d0=1;d1=165;d2=8;d3=36;p0=0;p1=2;p2=1;p3=3,,,excluded_impossible,hart 1's tile has no P-extension (PynqZ2Configs.scala:220 WithPExtOnTiles(0) names hart 0 only); this kernel's body is custom-0 throughout and holds no hart-1-executable alternative -- it would take an illegal instruction
16,moonshine$dispatch_16_permute4_s8,,,1000000000,us,1000000000000,0,,excluded_impossible,permute4_s8,d0=1;d1=165;d2=8;d3=36;p0=0;p1=2;p2=1;p3=3,,,excluded_impossible,hart 1's tile has no P-extension (PynqZ2Configs.scala:220 WithPExtOnTiles(0) names hart 0 only); this kernel's body is custom-0 throughout and holds no hart-1-executable alternative -- it would take an illegal instruction
17,moonshine$dispatch_17_attention_s8,,,25.538623370,ms,25538623.370,0,,board_measured_b1_scaled_by_measured_region_factor_0.9932,attention_s8,B=8;M=165;Dk=36;S=165;Dv=36,1021545,roccmoon_lane[curated],measured,
18,moonshine$dispatch_18_permute4_s8,,,1000000000,us,1000000000000,0,,excluded_impossible,permute4_s8,d0=1;d1=8;d2=165;d3=36;p0=0;p1=2;p2=1;p3=3,,,excluded_impossible,hart 1's tile has no P-extension (PynqZ2Configs.scala:220 WithPExtOnTiles(0) names hart 0 only); this kernel's body is custom-0 throughout and holds no hart-1-executable alternative -- it would take an illegal instruction
19,moonshine$dispatch_19_linear_s8,,,6.279482170,ms,6279482.170,0,,board_measured_b1_scaled_by_measured_region_factor_0.9932,linear_s8,M=165;K=288;N=288,251179,roccmoon_engine[curated],measured,
20,moonshine$dispatch_20_add_s8,,,1000000000,us,1000000000000,0,,excluded_impossible,add_s8,n=47520,,,excluded_impossible,hart 1's tile has no P-extension (PynqZ2Configs.scala:220 WithPExtOnTiles(0) names hart 0 only); this kernel's body is custom-0 throughout and holds no hart-1-executable alternative -- it would take an illegal instruction
21,moonshine$dispatch_21_layernorm_pc_s8,,,4.464086380,ms,4464086.380,0,,board_measured_b1_scaled_by_measured_region_factor_0.9932,layernorm_pc_s8,M=165;K=288,178563,roccmoon_lane[curated],measured,
22,moonshine$dispatch_22_linear_s8,,,23.136370530,ms,23136370.530,0,,board_measured_b1_scaled_by_measured_region_factor_0.9932,linear_s8,M=165;K=288;N=1152,925455,roccmoon_engine[curated],measured,
23,moonshine$dispatch_23_gelu_s8,,,6.769725690,ms,6769725.690,0,,board_measured_b1_scaled_by_measured_region_factor_0.9932,gelu_s8,n=190080,270789,roccmoon_lut[curated],measured,
24,moonshine$dispatch_24_linear_s8,,,25.654356000,ms,25654356.000,0,,board_measured_b1_scaled_by_measured_region_factor_0.9932,linear_s8,M=165;K=1152;N=288,1026174,roccmoon_engine[curated],measured,
25,moonshine$dispatch_25_add_s8,,,1000000000,us,1000000000000,0,,excluded_impossible,add_s8,n=47520,,,excluded_impossible,hart 1's tile has no P-extension (PynqZ2Configs.scala:220 WithPExtOnTiles(0) names hart 0 only); this kernel's body is custom-0 throughout and holds no hart-1-executable alternative -- it would take an illegal instruction
26,moonshine$dispatch_26_layernorm_pc_s8,,,4.457729900,ms,4457729.900,0,,board_measured_b1_scaled_by_measured_region_factor_0.9932,layernorm_pc_s8,M=165;K=288,178309,roccmoon_lane[curated],measured,
27,moonshine$dispatch_27_linear_s8,,,6.248916440,ms,6248916.440,0,,board_measured_b1_scaled_by_measured_region_factor_0.9932,linear_s8,M=165;K=288;N=288,249957,roccmoon_engine[curated],measured,
28,moonshine$dispatch_28_linear_s8,,,6.210554090,ms,6210554.090,0,,board_measured_b1_scaled_by_measured_region_factor_0.9932,linear_s8,M=165;K=288;N=288,248422,roccmoon_engine[curated],measured,
29,moonshine$dispatch_29_linear_s8,,,6.233447350,ms,6233447.350,0,,board_measured_b1_scaled_by_measured_region_factor_0.9932,linear_s8,M=165;K=288;N=288,249338,roccmoon_engine[curated],measured,
30,moonshine$dispatch_30_rope_s8,,,1000000000,us,1000000000000,0,,excluded_impossible,rope_s8,T=165;H=8;D=36;R=32,,,excluded_impossible,hart 1's tile has no P-extension (PynqZ2Configs.scala:220 WithPExtOnTiles(0) names hart 0 only); this kernel's body is custom-0 throughout and holds no hart-1-executable alternative -- it would take an illegal instruction
31,moonshine$dispatch_31_rope_s8,,,1000000000,us,1000000000000,0,,excluded_impossible,rope_s8,T=165;H=8;D=36;R=32,,,excluded_impossible,hart 1's tile has no P-extension (PynqZ2Configs.scala:220 WithPExtOnTiles(0) names hart 0 only); this kernel's body is custom-0 throughout and holds no hart-1-executable alternative -- it would take an illegal instruction
32,moonshine$dispatch_32_permute4_s8,,,1000000000,us,1000000000000,0,,excluded_impossible,permute4_s8,d0=1;d1=165;d2=8;d3=36;p0=0;p1=2;p2=1;p3=3,,,excluded_impossible,hart 1's tile has no P-extension (PynqZ2Configs.scala:220 WithPExtOnTiles(0) names hart 0 only); this kernel's body is custom-0 throughout and holds no hart-1-executable alternative -- it would take an illegal instruction
33,moonshine$dispatch_33_permute4_s8,,,1000000000,us,1000000000000,0,,excluded_impossible,permute4_s8,d0=1;d1=165;d2=8;d3=36;p0=0;p1=2;p2=1;p3=3,,,excluded_impossible,hart 1's tile has no P-extension (PynqZ2Configs.scala:220 WithPExtOnTiles(0) names hart 0 only); this kernel's body is custom-0 throughout and holds no hart-1-executable alternative -- it would take an illegal instruction
34,moonshine$dispatch_34_permute4_s8,,,1000000000,us,1000000000000,0,,excluded_impossible,permute4_s8,d0=1;d1=165;d2=8;d3=36;p0=0;p1=2;p2=1;p3=3,,,excluded_impossible,hart 1's tile has no P-extension (PynqZ2Configs.scala:220 WithPExtOnTiles(0) names hart 0 only); this kernel's body is custom-0 throughout and holds no hart-1-executable alternative -- it would take an illegal instruction
35,moonshine$dispatch_35_attention_s8,,,24.460852390,ms,24460852.390,0,,board_measured_b1_scaled_by_measured_region_factor_0.9932,attention_s8,B=8;M=165;Dk=36;S=165;Dv=36,978434,roccmoon_lane[curated],measured,
36,moonshine$dispatch_36_permute4_s8,,,1000000000,us,1000000000000,0,,excluded_impossible,permute4_s8,d0=1;d1=8;d2=165;d3=36;p0=0;p1=2;p2=1;p3=3,,,excluded_impossible,hart 1's tile has no P-extension (PynqZ2Configs.scala:220 WithPExtOnTiles(0) names hart 0 only); this kernel's body is custom-0 throughout and holds no hart-1-executable alternative -- it would take an illegal instruction
37,moonshine$dispatch_37_linear_s8,,,6.282412110,ms,6282412.110,0,,board_measured_b1_scaled_by_measured_region_factor_0.9932,linear_s8,M=165;K=288;N=288,251296,roccmoon_engine[curated],measured,
38,moonshine$dispatch_38_add_s8,,,1000000000,us,1000000000000,0,,excluded_impossible,add_s8,n=47520,,,excluded_impossible,hart 1's tile has no P-extension (PynqZ2Configs.scala:220 WithPExtOnTiles(0) names hart 0 only); this kernel's body is custom-0 throughout and holds no hart-1-executable alternative -- it would take an illegal instruction
39,moonshine$dispatch_39_layernorm_pc_s8,,,4.484347660,ms,4484347.660,0,,board_measured_b1_scaled_by_measured_region_factor_0.9932,layernorm_pc_s8,M=165;K=288,179374,roccmoon_lane[curated],measured,
40,moonshine$dispatch_40_linear_s8,,,23.132050110,ms,23132050.110,0,,board_measured_b1_scaled_by_measured_region_factor_0.9932,linear_s8,M=165;K=288;N=1152,925282,roccmoon_engine[curated],measured,
41,moonshine$dispatch_41_gelu_s8,,,6.729525920,ms,6729525.920,0,,board_measured_b1_scaled_by_measured_region_factor_0.9932,gelu_s8,n=190080,269181,roccmoon_lut[curated],measured,
42,moonshine$dispatch_42_linear_s8,,,25.651202590,ms,25651202.590,0,,board_measured_b1_scaled_by_measured_region_factor_0.9932,linear_s8,M=165;K=1152;N=288,1026048,roccmoon_engine[curated],measured,
43,moonshine$dispatch_43_add_s8,,,1000000000,us,1000000000000,0,,excluded_impossible,add_s8,n=47520,,,excluded_impossible,hart 1's tile has no P-extension (PynqZ2Configs.scala:220 WithPExtOnTiles(0) names hart 0 only); this kernel's body is custom-0 throughout and holds no hart-1-executable alternative -- it would take an illegal instruction
44,moonshine$dispatch_44_layernorm_pc_s8,,,4.473794910,ms,4473794.910,0,,board_measured_b1_scaled_by_measured_region_factor_0.9932,layernorm_pc_s8,M=165;K=288,178952,roccmoon_lane[curated],measured,
45,moonshine$dispatch_45_linear_s8,,,6.247948070,ms,6247948.070,0,,board_measured_b1_scaled_by_measured_region_factor_0.9932,linear_s8,M=165;K=288;N=288,249918,roccmoon_engine[curated],measured,
46,moonshine$dispatch_46_linear_s8,,,6.224086440,ms,6224086.440,0,,board_measured_b1_scaled_by_measured_region_factor_0.9932,linear_s8,M=165;K=288;N=288,248963,roccmoon_engine[curated],measured,
47,moonshine$dispatch_47_linear_s8,,,6.225476920,ms,6225476.920,0,,board_measured_b1_scaled_by_measured_region_factor_0.9932,linear_s8,M=165;K=288;N=288,249019,roccmoon_engine[curated],measured,
48,moonshine$dispatch_48_rope_s8,,,1000000000,us,1000000000000,0,,excluded_impossible,rope_s8,T=165;H=8;D=36;R=32,,,excluded_impossible,hart 1's tile has no P-extension (PynqZ2Configs.scala:220 WithPExtOnTiles(0) names hart 0 only); this kernel's body is custom-0 throughout and holds no hart-1-executable alternative -- it would take an illegal instruction
49,moonshine$dispatch_49_rope_s8,,,1000000000,us,1000000000000,0,,excluded_impossible,rope_s8,T=165;H=8;D=36;R=32,,,excluded_impossible,hart 1's tile has no P-extension (PynqZ2Configs.scala:220 WithPExtOnTiles(0) names hart 0 only); this kernel's body is custom-0 throughout and holds no hart-1-executable alternative -- it would take an illegal instruction
50,moonshine$dispatch_50_permute4_s8,,,1000000000,us,1000000000000,0,,excluded_impossible,permute4_s8,d0=1;d1=165;d2=8;d3=36;p0=0;p1=2;p2=1;p3=3,,,excluded_impossible,hart 1's tile has no P-extension (PynqZ2Configs.scala:220 WithPExtOnTiles(0) names hart 0 only); this kernel's body is custom-0 throughout and holds no hart-1-executable alternative -- it would take an illegal instruction
51,moonshine$dispatch_51_permute4_s8,,,1000000000,us,1000000000000,0,,excluded_impossible,permute4_s8,d0=1;d1=165;d2=8;d3=36;p0=0;p1=2;p2=1;p3=3,,,excluded_impossible,hart 1's tile has no P-extension (PynqZ2Configs.scala:220 WithPExtOnTiles(0) names hart 0 only); this kernel's body is custom-0 throughout and holds no hart-1-executable alternative -- it would take an illegal instruction
52,moonshine$dispatch_52_permute4_s8,,,1000000000,us,1000000000000,0,,excluded_impossible,permute4_s8,d0=1;d1=165;d2=8;d3=36;p0=0;p1=2;p2=1;p3=3,,,excluded_impossible,hart 1's tile has no P-extension (PynqZ2Configs.scala:220 WithPExtOnTiles(0) names hart 0 only); this kernel's body is custom-0 throughout and holds no hart-1-executable alternative -- it would take an illegal instruction
53,moonshine$dispatch_53_attention_s8,,,24.411366200,ms,24411366.200,0,,board_measured_b1_scaled_by_measured_region_factor_0.9932,attention_s8,B=8;M=165;Dk=36;S=165;Dv=36,976455,roccmoon_lane[curated],measured,
54,moonshine$dispatch_54_permute4_s8,,,1000000000,us,1000000000000,0,,excluded_impossible,permute4_s8,d0=1;d1=8;d2=165;d3=36;p0=0;p1=2;p2=1;p3=3,,,excluded_impossible,hart 1's tile has no P-extension (PynqZ2Configs.scala:220 WithPExtOnTiles(0) names hart 0 only); this kernel's body is custom-0 throughout and holds no hart-1-executable alternative -- it would take an illegal instruction
55,moonshine$dispatch_55_linear_s8,,,6.299048210,ms,6299048.210,0,,board_measured_b1_scaled_by_measured_region_factor_0.9932,linear_s8,M=165;K=288;N=288,251962,roccmoon_engine[curated],measured,
56,moonshine$dispatch_56_add_s8,,,1000000000,us,1000000000000,0,,excluded_impossible,add_s8,n=47520,,,excluded_impossible,hart 1's tile has no P-extension (PynqZ2Configs.scala:220 WithPExtOnTiles(0) names hart 0 only); this kernel's body is custom-0 throughout and holds no hart-1-executable alternative -- it would take an illegal instruction
57,moonshine$dispatch_57_layernorm_pc_s8,,,4.477569070,ms,4477569.070,0,,board_measured_b1_scaled_by_measured_region_factor_0.9932,layernorm_pc_s8,M=165;K=288,179103,roccmoon_lane[curated],measured,
58,moonshine$dispatch_58_linear_s8,,,23.149729070,ms,23149729.070,0,,board_measured_b1_scaled_by_measured_region_factor_0.9932,linear_s8,M=165;K=288;N=1152,925989,roccmoon_engine[curated],measured,
59,moonshine$dispatch_59_gelu_s8,,,6.715124520,ms,6715124.520,0,,board_measured_b1_scaled_by_measured_region_factor_0.9932,gelu_s8,n=190080,268605,roccmoon_lut[curated],measured,
60,moonshine$dispatch_60_linear_s8,,,25.654207020,ms,25654207.020,0,,board_measured_b1_scaled_by_measured_region_factor_0.9932,linear_s8,M=165;K=1152;N=288,1026168,roccmoon_engine[curated],measured,
61,moonshine$dispatch_61_add_s8,,,1000000000,us,1000000000000,0,,excluded_impossible,add_s8,n=47520,,,excluded_impossible,hart 1's tile has no P-extension (PynqZ2Configs.scala:220 WithPExtOnTiles(0) names hart 0 only); this kernel's body is custom-0 throughout and holds no hart-1-executable alternative -- it would take an illegal instruction
62,moonshine$dispatch_62_layernorm_pc_s8,,,4.446680550,ms,4446680.550,0,,board_measured_b1_scaled_by_measured_region_factor_0.9932,layernorm_pc_s8,M=165;K=288,177867,roccmoon_lane[curated],measured,
63,moonshine$dispatch_63_linear_s8,,,6.275583860,ms,6275583.860,0,,board_measured_b1_scaled_by_measured_region_factor_0.9932,linear_s8,M=165;K=288;N=288,251023,roccmoon_engine[curated],measured,
64,moonshine$dispatch_64_linear_s8,,,6.223242220,ms,6223242.220,0,,board_measured_b1_scaled_by_measured_region_factor_0.9932,linear_s8,M=165;K=288;N=288,248930,roccmoon_engine[curated],measured,
65,moonshine$dispatch_65_linear_s8,,,6.237643620,ms,6237643.620,0,,board_measured_b1_scaled_by_measured_region_factor_0.9932,linear_s8,M=165;K=288;N=288,249506,roccmoon_engine[curated],measured,
66,moonshine$dispatch_66_rope_s8,,,1000000000,us,1000000000000,0,,excluded_impossible,rope_s8,T=165;H=8;D=36;R=32,,,excluded_impossible,hart 1's tile has no P-extension (PynqZ2Configs.scala:220 WithPExtOnTiles(0) names hart 0 only); this kernel's body is custom-0 throughout and holds no hart-1-executable alternative -- it would take an illegal instruction
67,moonshine$dispatch_67_rope_s8,,,1000000000,us,1000000000000,0,,excluded_impossible,rope_s8,T=165;H=8;D=36;R=32,,,excluded_impossible,hart 1's tile has no P-extension (PynqZ2Configs.scala:220 WithPExtOnTiles(0) names hart 0 only); this kernel's body is custom-0 throughout and holds no hart-1-executable alternative -- it would take an illegal instruction
68,moonshine$dispatch_68_permute4_s8,,,1000000000,us,1000000000000,0,,excluded_impossible,permute4_s8,d0=1;d1=165;d2=8;d3=36;p0=0;p1=2;p2=1;p3=3,,,excluded_impossible,hart 1's tile has no P-extension (PynqZ2Configs.scala:220 WithPExtOnTiles(0) names hart 0 only); this kernel's body is custom-0 throughout and holds no hart-1-executable alternative -- it would take an illegal instruction
69,moonshine$dispatch_69_permute4_s8,,,1000000000,us,1000000000000,0,,excluded_impossible,permute4_s8,d0=1;d1=165;d2=8;d3=36;p0=0;p1=2;p2=1;p3=3,,,excluded_impossible,hart 1's tile has no P-extension (PynqZ2Configs.scala:220 WithPExtOnTiles(0) names hart 0 only); this kernel's body is custom-0 throughout and holds no hart-1-executable alternative -- it would take an illegal instruction
70,moonshine$dispatch_70_permute4_s8,,,1000000000,us,1000000000000,0,,excluded_impossible,permute4_s8,d0=1;d1=165;d2=8;d3=36;p0=0;p1=2;p2=1;p3=3,,,excluded_impossible,hart 1's tile has no P-extension (PynqZ2Configs.scala:220 WithPExtOnTiles(0) names hart 0 only); this kernel's body is custom-0 throughout and holds no hart-1-executable alternative -- it would take an illegal instruction
71,moonshine$dispatch_71_attention_s8,,,24.556398230,ms,24556398.230,0,,board_measured_b1_scaled_by_measured_region_factor_0.9932,attention_s8,B=8;M=165;Dk=36;S=165;Dv=36,982256,roccmoon_lane[curated],measured,
72,moonshine$dispatch_72_permute4_s8,,,1000000000,us,1000000000000,0,,excluded_impossible,permute4_s8,d0=1;d1=8;d2=165;d3=36;p0=0;p1=2;p2=1;p3=3,,,excluded_impossible,hart 1's tile has no P-extension (PynqZ2Configs.scala:220 WithPExtOnTiles(0) names hart 0 only); this kernel's body is custom-0 throughout and holds no hart-1-executable alternative -- it would take an illegal instruction
73,moonshine$dispatch_73_linear_s8,,,6.304386660,ms,6304386.660,0,,board_measured_b1_scaled_by_measured_region_factor_0.9932,linear_s8,M=165;K=288;N=288,252175,roccmoon_engine[curated],measured,
74,moonshine$dispatch_74_add_s8,,,1000000000,us,1000000000000,0,,excluded_impossible,add_s8,n=47520,,,excluded_impossible,hart 1's tile has no P-extension (PynqZ2Configs.scala:220 WithPExtOnTiles(0) names hart 0 only); this kernel's body is custom-0 throughout and holds no hart-1-executable alternative -- it would take an illegal instruction
75,moonshine$dispatch_75_layernorm_pc_s8,,,4.481243910,ms,4481243.910,0,,board_measured_b1_scaled_by_measured_region_factor_0.9932,layernorm_pc_s8,M=165;K=288,179250,roccmoon_lane[curated],measured,
76,moonshine$dispatch_76_linear_s8,,,23.188761830,ms,23188761.830,0,,board_measured_b1_scaled_by_measured_region_factor_0.9932,linear_s8,M=165;K=288;N=1152,927550,roccmoon_engine[curated],measured,
77,moonshine$dispatch_77_gelu_s8,,,6.737769480,ms,6737769.480,0,,board_measured_b1_scaled_by_measured_region_factor_0.9932,gelu_s8,n=190080,269511,roccmoon_lut[curated],measured,
78,moonshine$dispatch_78_linear_s8,,,25.840283040,ms,25840283.040,0,,board_measured_b1_scaled_by_measured_region_factor_0.9932,linear_s8,M=165;K=1152;N=288,1033611,roccmoon_engine[curated],measured,
79,moonshine$dispatch_79_add_s8,,,1000000000,us,1000000000000,0,,excluded_impossible,add_s8,n=47520,,,excluded_impossible,hart 1's tile has no P-extension (PynqZ2Configs.scala:220 WithPExtOnTiles(0) names hart 0 only); this kernel's body is custom-0 throughout and holds no hart-1-executable alternative -- it would take an illegal instruction
80,moonshine$dispatch_80_layernorm_pc_s8,,,4.441491080,ms,4441491.080,0,,board_measured_b1_scaled_by_measured_region_factor_0.9932,layernorm_pc_s8,M=165;K=288,177660,roccmoon_lane[curated],measured,
81,moonshine$dispatch_81_linear_s8,,,6.281915510,ms,6281915.510,0,,board_measured_b1_scaled_by_measured_region_factor_0.9932,linear_s8,M=165;K=288;N=288,251277,roccmoon_engine[curated],measured,
82,moonshine$dispatch_82_linear_s8,,,6.226892230,ms,6226892.230,0,,board_measured_b1_scaled_by_measured_region_factor_0.9932,linear_s8,M=165;K=288;N=288,249076,roccmoon_engine[curated],measured,
83,moonshine$dispatch_83_linear_s8,,,6.242013700,ms,6242013.700,0,,board_measured_b1_scaled_by_measured_region_factor_0.9932,linear_s8,M=165;K=288;N=288,249681,roccmoon_engine[curated],measured,
84,moonshine$dispatch_84_rope_s8,,,1000000000,us,1000000000000,0,,excluded_impossible,rope_s8,T=165;H=8;D=36;R=32,,,excluded_impossible,hart 1's tile has no P-extension (PynqZ2Configs.scala:220 WithPExtOnTiles(0) names hart 0 only); this kernel's body is custom-0 throughout and holds no hart-1-executable alternative -- it would take an illegal instruction
85,moonshine$dispatch_85_rope_s8,,,1000000000,us,1000000000000,0,,excluded_impossible,rope_s8,T=165;H=8;D=36;R=32,,,excluded_impossible,hart 1's tile has no P-extension (PynqZ2Configs.scala:220 WithPExtOnTiles(0) names hart 0 only); this kernel's body is custom-0 throughout and holds no hart-1-executable alternative -- it would take an illegal instruction
86,moonshine$dispatch_86_permute4_s8,,,1000000000,us,1000000000000,0,,excluded_impossible,permute4_s8,d0=1;d1=165;d2=8;d3=36;p0=0;p1=2;p2=1;p3=3,,,excluded_impossible,hart 1's tile has no P-extension (PynqZ2Configs.scala:220 WithPExtOnTiles(0) names hart 0 only); this kernel's body is custom-0 throughout and holds no hart-1-executable alternative -- it would take an illegal instruction
87,moonshine$dispatch_87_permute4_s8,,,1000000000,us,1000000000000,0,,excluded_impossible,permute4_s8,d0=1;d1=165;d2=8;d3=36;p0=0;p1=2;p2=1;p3=3,,,excluded_impossible,hart 1's tile has no P-extension (PynqZ2Configs.scala:220 WithPExtOnTiles(0) names hart 0 only); this kernel's body is custom-0 throughout and holds no hart-1-executable alternative -- it would take an illegal instruction
88,moonshine$dispatch_88_permute4_s8,,,1000000000,us,1000000000000,0,,excluded_impossible,permute4_s8,d0=1;d1=165;d2=8;d3=36;p0=0;p1=2;p2=1;p3=3,,,excluded_impossible,hart 1's tile has no P-extension (PynqZ2Configs.scala:220 WithPExtOnTiles(0) names hart 0 only); this kernel's body is custom-0 throughout and holds no hart-1-executable alternative -- it would take an illegal instruction
89,moonshine$dispatch_89_attention_s8,,,24.420602960,ms,24420602.960,0,,board_measured_b1_scaled_by_measured_region_factor_0.9932,attention_s8,B=8;M=165;Dk=36;S=165;Dv=36,976824,roccmoon_lane[curated],measured,
90,moonshine$dispatch_90_permute4_s8,,,1000000000,us,1000000000000,0,,excluded_impossible,permute4_s8,d0=1;d1=8;d2=165;d3=36;p0=0;p1=2;p2=1;p3=3,,,excluded_impossible,hart 1's tile has no P-extension (PynqZ2Configs.scala:220 WithPExtOnTiles(0) names hart 0 only); this kernel's body is custom-0 throughout and holds no hart-1-executable alternative -- it would take an illegal instruction
91,moonshine$dispatch_91_linear_s8,,,6.324647940,ms,6324647.940,0,,board_measured_b1_scaled_by_measured_region_factor_0.9932,linear_s8,M=165;K=288;N=288,252986,roccmoon_engine[curated],measured,
92,moonshine$dispatch_92_add_s8,,,1000000000,us,1000000000000,0,,excluded_impossible,add_s8,n=47520,,,excluded_impossible,hart 1's tile has no P-extension (PynqZ2Configs.scala:220 WithPExtOnTiles(0) names hart 0 only); this kernel's body is custom-0 throughout and holds no hart-1-executable alternative -- it would take an illegal instruction
93,moonshine$dispatch_93_layernorm_pc_s8,,,4.466693530,ms,4466693.530,0,,board_measured_b1_scaled_by_measured_region_factor_0.9932,layernorm_pc_s8,M=165;K=288,178668,roccmoon_lane[curated],measured,
94,moonshine$dispatch_94_linear_s8,,,23.199389070,ms,23199389.070,0,,board_measured_b1_scaled_by_measured_region_factor_0.9932,linear_s8,M=165;K=288;N=1152,927976,roccmoon_engine[curated],measured,
95,moonshine$dispatch_95_gelu_s8,,,6.744101130,ms,6744101.130,0,,board_measured_b1_scaled_by_measured_region_factor_0.9932,gelu_s8,n=190080,269764,roccmoon_lut[curated],measured,
96,moonshine$dispatch_96_linear_s8,,,25.809692480,ms,25809692.480,0,,board_measured_b1_scaled_by_measured_region_factor_0.9932,linear_s8,M=165;K=1152;N=288,1032388,roccmoon_engine[curated],measured,
97,moonshine$dispatch_97_add_s8,,,1000000000,us,1000000000000,0,,excluded_impossible,add_s8,n=47520,,,excluded_impossible,hart 1's tile has no P-extension (PynqZ2Configs.scala:220 WithPExtOnTiles(0) names hart 0 only); this kernel's body is custom-0 throughout and holds no hart-1-executable alternative -- it would take an illegal instruction
98,moonshine$dispatch_98_layernorm_pc_s8,,,4.484322830,ms,4484322.830,0,,board_measured_b1_scaled_by_measured_region_factor_0.9932,layernorm_pc_s8,M=165;K=288,179373,roccmoon_lane[curated],measured,
99,moonshine$dispatch_99_linear_s8,,,6.276403250,ms,6276403.250,0,,board_measured_b1_scaled_by_measured_region_factor_0.9932,linear_s8,M=165;K=288;N=288,251056,roccmoon_engine[curated],measured,
100,moonshine$dispatch_100_linear_s8,,,6.239257570,ms,6239257.570,0,,board_measured_b1_scaled_by_measured_region_factor_0.9932,linear_s8,M=165;K=288;N=288,249570,roccmoon_engine[curated],measured,
101,moonshine$dispatch_101_linear_s8,,,6.238065730,ms,6238065.730,0,,board_measured_b1_scaled_by_measured_region_factor_0.9932,linear_s8,M=165;K=288;N=288,249523,roccmoon_engine[curated],measured,
102,moonshine$dispatch_102_rope_s8,,,1000000000,us,1000000000000,0,,excluded_impossible,rope_s8,T=165;H=8;D=36;R=32,,,excluded_impossible,hart 1's tile has no P-extension (PynqZ2Configs.scala:220 WithPExtOnTiles(0) names hart 0 only); this kernel's body is custom-0 throughout and holds no hart-1-executable alternative -- it would take an illegal instruction
103,moonshine$dispatch_103_rope_s8,,,1000000000,us,1000000000000,0,,excluded_impossible,rope_s8,T=165;H=8;D=36;R=32,,,excluded_impossible,hart 1's tile has no P-extension (PynqZ2Configs.scala:220 WithPExtOnTiles(0) names hart 0 only); this kernel's body is custom-0 throughout and holds no hart-1-executable alternative -- it would take an illegal instruction
104,moonshine$dispatch_104_permute4_s8,,,1000000000,us,1000000000000,0,,excluded_impossible,permute4_s8,d0=1;d1=165;d2=8;d3=36;p0=0;p1=2;p2=1;p3=3,,,excluded_impossible,hart 1's tile has no P-extension (PynqZ2Configs.scala:220 WithPExtOnTiles(0) names hart 0 only); this kernel's body is custom-0 throughout and holds no hart-1-executable alternative -- it would take an illegal instruction
105,moonshine$dispatch_105_permute4_s8,,,1000000000,us,1000000000000,0,,excluded_impossible,permute4_s8,d0=1;d1=165;d2=8;d3=36;p0=0;p1=2;p2=1;p3=3,,,excluded_impossible,hart 1's tile has no P-extension (PynqZ2Configs.scala:220 WithPExtOnTiles(0) names hart 0 only); this kernel's body is custom-0 throughout and holds no hart-1-executable alternative -- it would take an illegal instruction
106,moonshine$dispatch_106_permute4_s8,,,1000000000,us,1000000000000,0,,excluded_impossible,permute4_s8,d0=1;d1=165;d2=8;d3=36;p0=0;p1=2;p2=1;p3=3,,,excluded_impossible,hart 1's tile has no P-extension (PynqZ2Configs.scala:220 WithPExtOnTiles(0) names hart 0 only); this kernel's body is custom-0 throughout and holds no hart-1-executable alternative -- it would take an illegal instruction
107,moonshine$dispatch_107_attention_s8,,,24.323592150,ms,24323592.150,0,,board_measured_b1_scaled_by_measured_region_factor_0.9932,attention_s8,B=8;M=165;Dk=36;S=165;Dv=36,972944,roccmoon_lane[curated],measured,
108,moonshine$dispatch_108_permute4_s8,,,1000000000,us,1000000000000,0,,excluded_impossible,permute4_s8,d0=1;d1=8;d2=165;d3=36;p0=0;p1=2;p2=1;p3=3,,,excluded_impossible,hart 1's tile has no P-extension (PynqZ2Configs.scala:220 WithPExtOnTiles(0) names hart 0 only); this kernel's body is custom-0 throughout and holds no hart-1-executable alternative -- it would take an illegal instruction
109,moonshine$dispatch_109_linear_s8,,,6.319359150,ms,6319359.150,0,,board_measured_b1_scaled_by_measured_region_factor_0.9932,linear_s8,M=165;K=288;N=288,252774,roccmoon_engine[curated],measured,
110,moonshine$dispatch_110_add_s8,,,1000000000,us,1000000000000,0,,excluded_impossible,add_s8,n=47520,,,excluded_impossible,hart 1's tile has no P-extension (PynqZ2Configs.scala:220 WithPExtOnTiles(0) names hart 0 only); this kernel's body is custom-0 throughout and holds no hart-1-executable alternative -- it would take an illegal instruction
111,moonshine$dispatch_111_layernorm_pc_s8,,,4.484322830,ms,4484322.830,0,,board_measured_b1_scaled_by_measured_region_factor_0.9932,layernorm_pc_s8,M=165;K=288,179373,roccmoon_lane[curated],measured,
112,moonshine$dispatch_112_linear_s8,,,23.154893710,ms,23154893.710,0,,board_measured_b1_scaled_by_measured_region_factor_0.9932,linear_s8,M=165;K=288;N=1152,926196,roccmoon_engine[curated],measured,
113,moonshine$dispatch_113_gelu_s8,,,6.283852250,ms,6283852.250,0,,board_measured_b1_scaled_by_measured_region_factor_0.9932,gelu_s8,n=190080,251354,roccmoon_lut[curated],measured,
114,moonshine$dispatch_114_linear_s8,,,25.675610480,ms,25675610.480,0,,board_measured_b1_scaled_by_measured_region_factor_0.9932,linear_s8,M=165;K=1152;N=288,1027024,roccmoon_engine[curated],measured,
115,moonshine$dispatch_115_add_s8,,,1000000000,us,1000000000000,0,,excluded_impossible,add_s8,n=47520,,,excluded_impossible,hart 1's tile has no P-extension (PynqZ2Configs.scala:220 WithPExtOnTiles(0) names hart 0 only); this kernel's body is custom-0 throughout and holds no hart-1-executable alternative -- it would take an illegal instruction
116,moonshine$dispatch_116_layernorm_pc_s8,,,4.464980260,ms,4464980.260,0,,board_measured_b1_scaled_by_measured_region_factor_0.9932,layernorm_pc_s8,M=165;K=288,178599,roccmoon_lane[curated],measured,
117,moonshine$dispatch_117_linear_s8,,,3.729527850,ms,3729527.850,0,,board_measured_b1_scaled_by_measured_region_factor_0.5883,linear_s8,M=165;K=288;N=288,149181,roccmoon_engine[curated],measured,
118,moonshine$dispatch_118_linear_s8,,,3.707201865,ms,3707201.865,0,,board_measured_b1_scaled_by_measured_region_factor_0.5883,linear_s8,M=165;K=288;N=288,148288,roccmoon_engine[curated],measured,
119,moonshine$dispatch_119_linear_s8,,,3.698097923,ms,3698097.923,0,,board_measured_b1_scaled_by_measured_region_factor_0.5883,linear_s8,M=165;K=288;N=288,147924,roccmoon_engine[curated],measured,
120,moonshine$dispatch_120_linear_s8,,,3.701539478,ms,3701539.478,0,,board_measured_b1_scaled_by_measured_region_factor_0.5883,linear_s8,M=165;K=288;N=288,148062,roccmoon_engine[curated],measured,
121,moonshine$dispatch_121_linear_s8,,,3.708378465,ms,3708378.465,0,,board_measured_b1_scaled_by_measured_region_factor_0.5883,linear_s8,M=165;K=288;N=288,148335,roccmoon_engine[curated],measured,
122,moonshine$dispatch_122_linear_s8,,,3.705436965,ms,3705436.965,0,,board_measured_b1_scaled_by_measured_region_factor_0.5883,linear_s8,M=165;K=288;N=288,148217,roccmoon_engine[curated],measured,
123,moonshine$dispatch_123_linear_s8,,,3.707981363,ms,3707981.363,0,,board_measured_b1_scaled_by_measured_region_factor_0.5883,linear_s8,M=165;K=288;N=288,148319,roccmoon_engine[curated],measured,
124,moonshine$dispatch_124_linear_s8,,,3.703907385,ms,3703907.385,0,,board_measured_b1_scaled_by_measured_region_factor_0.5883,linear_s8,M=165;K=288;N=288,148156,roccmoon_engine[curated],measured,
125,moonshine$dispatch_125_linear_s8,,,3.709555065,ms,3709555.065,0,,board_measured_b1_scaled_by_measured_region_factor_0.5883,linear_s8,M=165;K=288;N=288,148382,roccmoon_engine[curated],measured,
126,moonshine$dispatch_126_linear_s8,,,3.710158072,ms,3710158.072,0,,board_measured_b1_scaled_by_measured_region_factor_0.5883,linear_s8,M=165;K=288;N=288,148406,roccmoon_engine[curated],measured,
127,moonshine$dispatch_127_linear_s8,,,3.720982793,ms,3720982.793,0,,board_measured_b1_scaled_by_measured_region_factor_0.5883,linear_s8,M=165;K=288;N=288,148839,roccmoon_engine[curated],measured,
128,moonshine$dispatch_128_linear_s8,,,3.707437185,ms,3707437.185,0,,board_measured_b1_scaled_by_measured_region_factor_0.5883,linear_s8,M=165;K=288;N=288,148297,roccmoon_engine[curated],measured,
129,moonshine$dispatch_129_layernorm_s8,,,1000000000,us,1000000000000,0,,excluded_impossible,layernorm_s8,M=1;K=288,,,excluded_impossible,hart 1's tile has no P-extension (PynqZ2Configs.scala:220 WithPExtOnTiles(0) names hart 0 only); this kernel's body is custom-0 throughout and holds no hart-1-executable alternative -- it would take an illegal instruction
130,moonshine$dispatch_130_linear_s8,,,0.525601928,ms,525601.928,0,,board_measured_b1_scaled_by_measured_region_factor_0.5883,linear_s8,M=1;K=288;N=288,21024,roccmoon_engine[curated],measured,
131,moonshine$dispatch_131_rope_s8,,,1000000000,us,1000000000000,0,,excluded_impossible,rope_s8,T=1;H=8;D=36;R=32,,,excluded_impossible,hart 1's tile has no P-extension (PynqZ2Configs.scala:220 WithPExtOnTiles(0) names hart 0 only); this kernel's body is custom-0 throughout and holds no hart-1-executable alternative -- it would take an illegal instruction
132,moonshine$dispatch_132_linear_s8,,,0.526204935,ms,526204.935,0,,board_measured_b1_scaled_by_measured_region_factor_0.5883,linear_s8,M=1;K=288;N=288,21048,roccmoon_engine[curated],measured,
133,moonshine$dispatch_133_rope_s8,,,1000000000,us,1000000000000,0,,excluded_impossible,rope_s8,T=1;H=8;D=36;R=32,,,excluded_impossible,hart 1's tile has no P-extension (PynqZ2Configs.scala:220 WithPExtOnTiles(0) names hart 0 only); this kernel's body is custom-0 throughout and holds no hart-1-executable alternative -- it would take an illegal instruction
134,moonshine$dispatch_134_linear_s8,,,0.516350910,ms,516350.910,0,,board_measured_b1_scaled_by_measured_region_factor_0.5883,linear_s8,M=1;K=288;N=288,20654,roccmoon_engine[curated],measured,
135,moonshine$dispatch_135_matmul_b_s8,,,1000000000,us,1000000000000,0,,excluded_impossible,matmul_b_s8,B=8;M=1;K=36;N=1;transpose_b=1,,,excluded_impossible,hart 1's tile has no P-extension (PynqZ2Configs.scala:220 WithPExtOnTiles(0) names hart 0 only); this kernel's body is custom-0 throughout and holds no hart-1-executable alternative -- it would take an illegal instruction
136,moonshine$dispatch_136_softmax_s8,,,1000000000,us,1000000000000,0,,excluded_impossible,softmax_s8,M=8;K=1,,,excluded_impossible,hart 1's tile has no P-extension (PynqZ2Configs.scala:220 WithPExtOnTiles(0) names hart 0 only); this kernel's body is custom-0 throughout and holds no hart-1-executable alternative -- it would take an illegal instruction
137,moonshine$dispatch_137_matmul_b_s8,,,1000000000,us,1000000000000,0,,excluded_impossible,matmul_b_s8,B=8;M=1;K=1;N=36;transpose_b=0,,,excluded_impossible,hart 1's tile has no P-extension (PynqZ2Configs.scala:220 WithPExtOnTiles(0) names hart 0 only); this kernel's body is custom-0 throughout and holds no hart-1-executable alternative -- it would take an illegal instruction
138,moonshine$dispatch_138_linear_s8,,,0.528440475,ms,528440.475,0,,board_measured_b1_scaled_by_measured_region_factor_0.5883,linear_s8,M=1;K=288;N=288,21138,roccmoon_engine[curated],measured,
139,moonshine$dispatch_139_add_s8,,,1000000000,us,1000000000000,0,,excluded_impossible,add_s8,n=288,,,excluded_impossible,hart 1's tile has no P-extension (PynqZ2Configs.scala:220 WithPExtOnTiles(0) names hart 0 only); this kernel's body is custom-0 throughout and holds no hart-1-executable alternative -- it would take an illegal instruction
140,moonshine$dispatch_140_layernorm_s8,,,1000000000,us,1000000000000,0,,excluded_impossible,layernorm_s8,M=1;K=288,,,excluded_impossible,hart 1's tile has no P-extension (PynqZ2Configs.scala:220 WithPExtOnTiles(0) names hart 0 only); this kernel's body is custom-0 throughout and holds no hart-1-executable alternative -- it would take an illegal instruction
141,moonshine$dispatch_141_linear_s8,,,0.523748783,ms,523748.783,0,,board_measured_b1_scaled_by_measured_region_factor_0.5883,linear_s8,M=1;K=288;N=288,20950,roccmoon_engine[curated],measured,
142,moonshine$dispatch_142_permute4_s8,,,1000000000,us,1000000000000,0,,excluded_impossible,permute4_s8,d0=1;d1=165;d2=8;d3=36;p0=0;p1=2;p2=1;p3=3,,,excluded_impossible,hart 1's tile has no P-extension (PynqZ2Configs.scala:220 WithPExtOnTiles(0) names hart 0 only); this kernel's body is custom-0 throughout and holds no hart-1-executable alternative -- it would take an illegal instruction
143,moonshine$dispatch_143_permute4_s8,,,1000000000,us,1000000000000,0,,excluded_impossible,permute4_s8,d0=1;d1=165;d2=8;d3=36;p0=0;p1=2;p2=3;p3=1,,,excluded_impossible,hart 1's tile has no P-extension (PynqZ2Configs.scala:220 WithPExtOnTiles(0) names hart 0 only); this kernel's body is custom-0 throughout and holds no hart-1-executable alternative -- it would take an illegal instruction
144,moonshine$dispatch_144_matmul_b_s8,,,1000000000,us,1000000000000,0,,excluded_impossible,matmul_b_s8,B=8;M=1;K=36;N=165;transpose_b=1,,,excluded_impossible,hart 1's tile has no P-extension (PynqZ2Configs.scala:220 WithPExtOnTiles(0) names hart 0 only); this kernel's body is custom-0 throughout and holds no hart-1-executable alternative -- it would take an illegal instruction
145,moonshine$dispatch_145_softmax_s8,,,1000000000,us,1000000000000,0,,excluded_impossible,softmax_s8,M=8;K=165,,,excluded_impossible,hart 1's tile has no P-extension (PynqZ2Configs.scala:220 WithPExtOnTiles(0) names hart 0 only); this kernel's body is custom-0 throughout and holds no hart-1-executable alternative -- it would take an illegal instruction
146,moonshine$dispatch_146_matmul_b_s8,,,1000000000,us,1000000000000,0,,excluded_impossible,matmul_b_s8,B=8;M=1;K=165;N=36;transpose_b=1,,,excluded_impossible,hart 1's tile has no P-extension (PynqZ2Configs.scala:220 WithPExtOnTiles(0) names hart 0 only); this kernel's body is custom-0 throughout and holds no hart-1-executable alternative -- it would take an illegal instruction
147,moonshine$dispatch_147_linear_s8,,,0.576092775,ms,576092.775,0,,board_measured_b1_scaled_by_measured_region_factor_0.5883,linear_s8,M=1;K=288;N=288,23044,roccmoon_engine[curated],measured,
148,moonshine$dispatch_148_add_s8,,,1000000000,us,1000000000000,0,,excluded_impossible,add_s8,n=288,,,excluded_impossible,hart 1's tile has no P-extension (PynqZ2Configs.scala:220 WithPExtOnTiles(0) names hart 0 only); this kernel's body is custom-0 throughout and holds no hart-1-executable alternative -- it would take an illegal instruction
149,moonshine$dispatch_149_layernorm_s8,,,1000000000,us,1000000000000,0,,excluded_impossible,layernorm_s8,M=1;K=288,,,excluded_impossible,hart 1's tile has no P-extension (PynqZ2Configs.scala:220 WithPExtOnTiles(0) names hart 0 only); this kernel's body is custom-0 throughout and holds no hart-1-executable alternative -- it would take an illegal instruction
150,moonshine$dispatch_150_linear_s8,,,1.229649952,ms,1229649.952,0,,board_measured_b1_scaled_by_measured_region_factor_0.5883,linear_s8,M=1;K=288;N=1152,49186,roccmoon_engine[curated],measured,
151,moonshine$dispatch_151_silu_s8,,,1000000000,us,1000000000000,0,,excluded_impossible,silu_s8,n=1152,,,excluded_impossible,hart 1's tile has no P-extension (PynqZ2Configs.scala:220 WithPExtOnTiles(0) names hart 0 only); this kernel's body is custom-0 throughout and holds no hart-1-executable alternative -- it would take an illegal instruction
152,moonshine$dispatch_152_linear_s8,,,1.235400585,ms,1235400.585,0,,board_measured_b1_scaled_by_measured_region_factor_0.5883,linear_s8,M=1;K=288;N=1152,49416,roccmoon_engine[curated],measured,
153,moonshine$dispatch_153_mul_s8,,,1000000000,us,1000000000000,0,,excluded_impossible,mul_s8,n=1152,,,excluded_impossible,hart 1's tile has no P-extension (PynqZ2Configs.scala:220 WithPExtOnTiles(0) names hart 0 only); this kernel's body is custom-0 throughout and holds no hart-1-executable alternative -- it would take an illegal instruction
154,moonshine$dispatch_154_linear_s8,,,1.236591893,ms,1236591.893,0,,board_measured_b1_scaled_by_measured_region_factor_0.5883,linear_s8,M=1;K=1152;N=288,49464,roccmoon_engine[curated],measured,
155,moonshine$dispatch_155_add_s8,,,1000000000,us,1000000000000,0,,excluded_impossible,add_s8,n=288,,,excluded_impossible,hart 1's tile has no P-extension (PynqZ2Configs.scala:220 WithPExtOnTiles(0) names hart 0 only); this kernel's body is custom-0 throughout and holds no hart-1-executable alternative -- it would take an illegal instruction
156,moonshine$dispatch_156_layernorm_s8,,,1000000000,us,1000000000000,0,,excluded_impossible,layernorm_s8,M=1;K=288,,,excluded_impossible,hart 1's tile has no P-extension (PynqZ2Configs.scala:220 WithPExtOnTiles(0) names hart 0 only); this kernel's body is custom-0 throughout and holds no hart-1-executable alternative -- it would take an illegal instruction
157,moonshine$dispatch_157_linear_s8,,,0.525690173,ms,525690.173,0,,board_measured_b1_scaled_by_measured_region_factor_0.5883,linear_s8,M=1;K=288;N=288,21028,roccmoon_engine[curated],measured,
158,moonshine$dispatch_158_rope_s8,,,1000000000,us,1000000000000,0,,excluded_impossible,rope_s8,T=1;H=8;D=36;R=32,,,excluded_impossible,hart 1's tile has no P-extension (PynqZ2Configs.scala:220 WithPExtOnTiles(0) names hart 0 only); this kernel's body is custom-0 throughout and holds no hart-1-executable alternative -- it would take an illegal instruction
159,moonshine$dispatch_159_linear_s8,,,0.524601818,ms,524601.818,0,,board_measured_b1_scaled_by_measured_region_factor_0.5883,linear_s8,M=1;K=288;N=288,20984,roccmoon_engine[curated],measured,
160,moonshine$dispatch_160_rope_s8,,,1000000000,us,1000000000000,0,,excluded_impossible,rope_s8,T=1;H=8;D=36;R=32,,,excluded_impossible,hart 1's tile has no P-extension (PynqZ2Configs.scala:220 WithPExtOnTiles(0) names hart 0 only); this kernel's body is custom-0 throughout and holds no hart-1-executable alternative -- it would take an illegal instruction
161,moonshine$dispatch_161_linear_s8,,,0.528955238,ms,528955.238,0,,board_measured_b1_scaled_by_measured_region_factor_0.5883,linear_s8,M=1;K=288;N=288,21158,roccmoon_engine[curated],measured,
162,moonshine$dispatch_162_matmul_b_s8,,,1000000000,us,1000000000000,0,,excluded_impossible,matmul_b_s8,B=8;M=1;K=36;N=1;transpose_b=1,,,excluded_impossible,hart 1's tile has no P-extension (PynqZ2Configs.scala:220 WithPExtOnTiles(0) names hart 0 only); this kernel's body is custom-0 throughout and holds no hart-1-executable alternative -- it would take an illegal instruction
163,moonshine$dispatch_163_softmax_s8,,,1000000000,us,1000000000000,0,,excluded_impossible,softmax_s8,M=8;K=1,,,excluded_impossible,hart 1's tile has no P-extension (PynqZ2Configs.scala:220 WithPExtOnTiles(0) names hart 0 only); this kernel's body is custom-0 throughout and holds no hart-1-executable alternative -- it would take an illegal instruction
164,moonshine$dispatch_164_matmul_b_s8,,,1000000000,us,1000000000000,0,,excluded_impossible,matmul_b_s8,B=8;M=1;K=1;N=36;transpose_b=0,,,excluded_impossible,hart 1's tile has no P-extension (PynqZ2Configs.scala:220 WithPExtOnTiles(0) names hart 0 only); this kernel's body is custom-0 throughout and holds no hart-1-executable alternative -- it would take an illegal instruction
165,moonshine$dispatch_165_linear_s8,,,0.533323365,ms,533323.365,0,,board_measured_b1_scaled_by_measured_region_factor_0.5883,linear_s8,M=1;K=288;N=288,21333,roccmoon_engine[curated],measured,
166,moonshine$dispatch_166_add_s8,,,1000000000,us,1000000000000,0,,excluded_impossible,add_s8,n=288,,,excluded_impossible,hart 1's tile has no P-extension (PynqZ2Configs.scala:220 WithPExtOnTiles(0) names hart 0 only); this kernel's body is custom-0 throughout and holds no hart-1-executable alternative -- it would take an illegal instruction
167,moonshine$dispatch_167_layernorm_s8,,,1000000000,us,1000000000000,0,,excluded_impossible,layernorm_s8,M=1;K=288,,,excluded_impossible,hart 1's tile has no P-extension (PynqZ2Configs.scala:220 WithPExtOnTiles(0) names hart 0 only); this kernel's body is custom-0 throughout and holds no hart-1-executable alternative -- it would take an illegal instruction
168,moonshine$dispatch_168_linear_s8,,,0.533602807,ms,533602.807,0,,board_measured_b1_scaled_by_measured_region_factor_0.5883,linear_s8,M=1;K=288;N=288,21344,roccmoon_engine[curated],measured,
169,moonshine$dispatch_169_permute4_s8,,,1000000000,us,1000000000000,0,,excluded_impossible,permute4_s8,d0=1;d1=165;d2=8;d3=36;p0=0;p1=2;p2=1;p3=3,,,excluded_impossible,hart 1's tile has no P-extension (PynqZ2Configs.scala:220 WithPExtOnTiles(0) names hart 0 only); this kernel's body is custom-0 throughout and holds no hart-1-executable alternative -- it would take an illegal instruction
170,moonshine$dispatch_170_permute4_s8,,,1000000000,us,1000000000000,0,,excluded_impossible,permute4_s8,d0=1;d1=165;d2=8;d3=36;p0=0;p1=2;p2=3;p3=1,,,excluded_impossible,hart 1's tile has no P-extension (PynqZ2Configs.scala:220 WithPExtOnTiles(0) names hart 0 only); this kernel's body is custom-0 throughout and holds no hart-1-executable alternative -- it would take an illegal instruction
171,moonshine$dispatch_171_matmul_b_s8,,,1000000000,us,1000000000000,0,,excluded_impossible,matmul_b_s8,B=8;M=1;K=36;N=165;transpose_b=1,,,excluded_impossible,hart 1's tile has no P-extension (PynqZ2Configs.scala:220 WithPExtOnTiles(0) names hart 0 only); this kernel's body is custom-0 throughout and holds no hart-1-executable alternative -- it would take an illegal instruction
172,moonshine$dispatch_172_softmax_s8,,,1000000000,us,1000000000000,0,,excluded_impossible,softmax_s8,M=8;K=165,,,excluded_impossible,hart 1's tile has no P-extension (PynqZ2Configs.scala:220 WithPExtOnTiles(0) names hart 0 only); this kernel's body is custom-0 throughout and holds no hart-1-executable alternative -- it would take an illegal instruction
173,moonshine$dispatch_173_matmul_b_s8,,,1000000000,us,1000000000000,0,,excluded_impossible,matmul_b_s8,B=8;M=1;K=165;N=36;transpose_b=1,,,excluded_impossible,hart 1's tile has no P-extension (PynqZ2Configs.scala:220 WithPExtOnTiles(0) names hart 0 only); this kernel's body is custom-0 throughout and holds no hart-1-executable alternative -- it would take an illegal instruction
174,moonshine$dispatch_174_linear_s8,,,0.575475060,ms,575475.060,0,,board_measured_b1_scaled_by_measured_region_factor_0.5883,linear_s8,M=1;K=288;N=288,23019,roccmoon_engine[curated],measured,
175,moonshine$dispatch_175_add_s8,,,1000000000,us,1000000000000,0,,excluded_impossible,add_s8,n=288,,,excluded_impossible,hart 1's tile has no P-extension (PynqZ2Configs.scala:220 WithPExtOnTiles(0) names hart 0 only); this kernel's body is custom-0 throughout and holds no hart-1-executable alternative -- it would take an illegal instruction
176,moonshine$dispatch_176_layernorm_s8,,,1000000000,us,1000000000000,0,,excluded_impossible,layernorm_s8,M=1;K=288,,,excluded_impossible,hart 1's tile has no P-extension (PynqZ2Configs.scala:220 WithPExtOnTiles(0) names hart 0 only); this kernel's body is custom-0 throughout and holds no hart-1-executable alternative -- it would take an illegal instruction
177,moonshine$dispatch_177_linear_s8,,,1.241842470,ms,1241842.470,0,,board_measured_b1_scaled_by_measured_region_factor_0.5883,linear_s8,M=1;K=288;N=1152,49674,roccmoon_engine[curated],measured,
178,moonshine$dispatch_178_silu_s8,,,1000000000,us,1000000000000,0,,excluded_impossible,silu_s8,n=1152,,,excluded_impossible,hart 1's tile has no P-extension (PynqZ2Configs.scala:220 WithPExtOnTiles(0) names hart 0 only); this kernel's body is custom-0 throughout and holds no hart-1-executable alternative -- it would take an illegal instruction
179,moonshine$dispatch_179_linear_s8,,,1.241224755,ms,1241224.755,0,,board_measured_b1_scaled_by_measured_region_factor_0.5883,linear_s8,M=1;K=288;N=1152,49649,roccmoon_engine[curated],measured,
180,moonshine$dispatch_180_mul_s8,,,1000000000,us,1000000000000,0,,excluded_impossible,mul_s8,n=1152,,,excluded_impossible,hart 1's tile has no P-extension (PynqZ2Configs.scala:220 WithPExtOnTiles(0) names hart 0 only); this kernel's body is custom-0 throughout and holds no hart-1-executable alternative -- it would take an illegal instruction
181,moonshine$dispatch_181_linear_s8,,,1.245945863,ms,1245945.863,0,,board_measured_b1_scaled_by_measured_region_factor_0.5883,linear_s8,M=1;K=1152;N=288,49838,roccmoon_engine[curated],measured,
182,moonshine$dispatch_182_add_s8,,,1000000000,us,1000000000000,0,,excluded_impossible,add_s8,n=288,,,excluded_impossible,hart 1's tile has no P-extension (PynqZ2Configs.scala:220 WithPExtOnTiles(0) names hart 0 only); this kernel's body is custom-0 throughout and holds no hart-1-executable alternative -- it would take an illegal instruction
183,moonshine$dispatch_183_layernorm_s8,,,1000000000,us,1000000000000,0,,excluded_impossible,layernorm_s8,M=1;K=288,,,excluded_impossible,hart 1's tile has no P-extension (PynqZ2Configs.scala:220 WithPExtOnTiles(0) names hart 0 only); this kernel's body is custom-0 throughout and holds no hart-1-executable alternative -- it would take an illegal instruction
184,moonshine$dispatch_184_linear_s8,,,0.534602917,ms,534602.917,0,,board_measured_b1_scaled_by_measured_region_factor_0.5883,linear_s8,M=1;K=288;N=288,21384,roccmoon_engine[curated],measured,
185,moonshine$dispatch_185_rope_s8,,,1000000000,us,1000000000000,0,,excluded_impossible,rope_s8,T=1;H=8;D=36;R=32,,,excluded_impossible,hart 1's tile has no P-extension (PynqZ2Configs.scala:220 WithPExtOnTiles(0) names hart 0 only); this kernel's body is custom-0 throughout and holds no hart-1-executable alternative -- it would take an illegal instruction
186,moonshine$dispatch_186_linear_s8,,,0.533073338,ms,533073.338,0,,board_measured_b1_scaled_by_measured_region_factor_0.5883,linear_s8,M=1;K=288;N=288,21323,roccmoon_engine[curated],measured,
187,moonshine$dispatch_187_rope_s8,,,1000000000,us,1000000000000,0,,excluded_impossible,rope_s8,T=1;H=8;D=36;R=32,,,excluded_impossible,hart 1's tile has no P-extension (PynqZ2Configs.scala:220 WithPExtOnTiles(0) names hart 0 only); this kernel's body is custom-0 throughout and holds no hart-1-executable alternative -- it would take an illegal instruction
188,moonshine$dispatch_188_linear_s8,,,0.531411390,ms,531411.390,0,,board_measured_b1_scaled_by_measured_region_factor_0.5883,linear_s8,M=1;K=288;N=288,21256,roccmoon_engine[curated],measured,
189,moonshine$dispatch_189_matmul_b_s8,,,1000000000,us,1000000000000,0,,excluded_impossible,matmul_b_s8,B=8;M=1;K=36;N=1;transpose_b=1,,,excluded_impossible,hart 1's tile has no P-extension (PynqZ2Configs.scala:220 WithPExtOnTiles(0) names hart 0 only); this kernel's body is custom-0 throughout and holds no hart-1-executable alternative -- it would take an illegal instruction
190,moonshine$dispatch_190_softmax_s8,,,1000000000,us,1000000000000,0,,excluded_impossible,softmax_s8,M=8;K=1,,,excluded_impossible,hart 1's tile has no P-extension (PynqZ2Configs.scala:220 WithPExtOnTiles(0) names hart 0 only); this kernel's body is custom-0 throughout and holds no hart-1-executable alternative -- it would take an illegal instruction
191,moonshine$dispatch_191_matmul_b_s8,,,1000000000,us,1000000000000,0,,excluded_impossible,matmul_b_s8,B=8;M=1;K=1;N=36;transpose_b=0,,,excluded_impossible,hart 1's tile has no P-extension (PynqZ2Configs.scala:220 WithPExtOnTiles(0) names hart 0 only); this kernel's body is custom-0 throughout and holds no hart-1-executable alternative -- it would take an illegal instruction
192,moonshine$dispatch_192_linear_s8,,,0.540941850,ms,540941.850,0,,board_measured_b1_scaled_by_measured_region_factor_0.5883,linear_s8,M=1;K=288;N=288,21638,roccmoon_engine[curated],measured,
193,moonshine$dispatch_193_add_s8,,,1000000000,us,1000000000000,0,,excluded_impossible,add_s8,n=288,,,excluded_impossible,hart 1's tile has no P-extension (PynqZ2Configs.scala:220 WithPExtOnTiles(0) names hart 0 only); this kernel's body is custom-0 throughout and holds no hart-1-executable alternative -- it would take an illegal instruction
194,moonshine$dispatch_194_layernorm_s8,,,1000000000,us,1000000000000,0,,excluded_impossible,layernorm_s8,M=1;K=288,,,excluded_impossible,hart 1's tile has no P-extension (PynqZ2Configs.scala:220 WithPExtOnTiles(0) names hart 0 only); this kernel's body is custom-0 throughout and holds no hart-1-executable alternative -- it would take an illegal instruction
195,moonshine$dispatch_195_linear_s8,,,0.540132938,ms,540132.938,0,,board_measured_b1_scaled_by_measured_region_factor_0.5883,linear_s8,M=1;K=288;N=288,21605,roccmoon_engine[curated],measured,
196,moonshine$dispatch_196_permute4_s8,,,1000000000,us,1000000000000,0,,excluded_impossible,permute4_s8,d0=1;d1=165;d2=8;d3=36;p0=0;p1=2;p2=1;p3=3,,,excluded_impossible,hart 1's tile has no P-extension (PynqZ2Configs.scala:220 WithPExtOnTiles(0) names hart 0 only); this kernel's body is custom-0 throughout and holds no hart-1-executable alternative -- it would take an illegal instruction
197,moonshine$dispatch_197_permute4_s8,,,1000000000,us,1000000000000,0,,excluded_impossible,permute4_s8,d0=1;d1=165;d2=8;d3=36;p0=0;p1=2;p2=3;p3=1,,,excluded_impossible,hart 1's tile has no P-extension (PynqZ2Configs.scala:220 WithPExtOnTiles(0) names hart 0 only); this kernel's body is custom-0 throughout and holds no hart-1-executable alternative -- it would take an illegal instruction
198,moonshine$dispatch_198_matmul_b_s8,,,1000000000,us,1000000000000,0,,excluded_impossible,matmul_b_s8,B=8;M=1;K=36;N=165;transpose_b=1,,,excluded_impossible,hart 1's tile has no P-extension (PynqZ2Configs.scala:220 WithPExtOnTiles(0) names hart 0 only); this kernel's body is custom-0 throughout and holds no hart-1-executable alternative -- it would take an illegal instruction
199,moonshine$dispatch_199_softmax_s8,,,1000000000,us,1000000000000,0,,excluded_impossible,softmax_s8,M=8;K=165,,,excluded_impossible,hart 1's tile has no P-extension (PynqZ2Configs.scala:220 WithPExtOnTiles(0) names hart 0 only); this kernel's body is custom-0 throughout and holds no hart-1-executable alternative -- it would take an illegal instruction
200,moonshine$dispatch_200_matmul_b_s8,,,1000000000,us,1000000000000,0,,excluded_impossible,matmul_b_s8,B=8;M=1;K=165;N=36;transpose_b=1,,,excluded_impossible,hart 1's tile has no P-extension (PynqZ2Configs.scala:220 WithPExtOnTiles(0) names hart 0 only); this kernel's body is custom-0 throughout and holds no hart-1-executable alternative -- it would take an illegal instruction
201,moonshine$dispatch_201_linear_s8,,,0.578798955,ms,578798.955,0,,board_measured_b1_scaled_by_measured_region_factor_0.5883,linear_s8,M=1;K=288;N=288,23152,roccmoon_engine[curated],measured,
202,moonshine$dispatch_202_add_s8,,,1000000000,us,1000000000000,0,,excluded_impossible,add_s8,n=288,,,excluded_impossible,hart 1's tile has no P-extension (PynqZ2Configs.scala:220 WithPExtOnTiles(0) names hart 0 only); this kernel's body is custom-0 throughout and holds no hart-1-executable alternative -- it would take an illegal instruction
203,moonshine$dispatch_203_layernorm_s8,,,1000000000,us,1000000000000,0,,excluded_impossible,layernorm_s8,M=1;K=288,,,excluded_impossible,hart 1's tile has no P-extension (PynqZ2Configs.scala:220 WithPExtOnTiles(0) names hart 0 only); this kernel's body is custom-0 throughout and holds no hart-1-executable alternative -- it would take an illegal instruction
204,moonshine$dispatch_204_linear_s8,,,1.248799117,ms,1248799.117,0,,board_measured_b1_scaled_by_measured_region_factor_0.5883,linear_s8,M=1;K=288;N=1152,49952,roccmoon_engine[curated],measured,
205,moonshine$dispatch_205_silu_s8,,,1000000000,us,1000000000000,0,,excluded_impossible,silu_s8,n=1152,,,excluded_impossible,hart 1's tile has no P-extension (PynqZ2Configs.scala:220 WithPExtOnTiles(0) names hart 0 only); this kernel's body is custom-0 throughout and holds no hart-1-executable alternative -- it would take an illegal instruction
206,moonshine$dispatch_206_linear_s8,,,1.253549640,ms,1253549.640,0,,board_measured_b1_scaled_by_measured_region_factor_0.5883,linear_s8,M=1;K=288;N=1152,50142,roccmoon_engine[curated],measured,
207,moonshine$dispatch_207_mul_s8,,,1000000000,us,1000000000000,0,,excluded_impossible,mul_s8,n=1152,,,excluded_impossible,hart 1's tile has no P-extension (PynqZ2Configs.scala:220 WithPExtOnTiles(0) names hart 0 only); this kernel's body is custom-0 throughout and holds no hart-1-executable alternative -- it would take an illegal instruction
208,moonshine$dispatch_208_linear_s8,,,1.267757085,ms,1267757.085,0,,board_measured_b1_scaled_by_measured_region_factor_0.5883,linear_s8,M=1;K=1152;N=288,50710,roccmoon_engine[curated],measured,
209,moonshine$dispatch_209_add_s8,,,1000000000,us,1000000000000,0,,excluded_impossible,add_s8,n=288,,,excluded_impossible,hart 1's tile has no P-extension (PynqZ2Configs.scala:220 WithPExtOnTiles(0) names hart 0 only); this kernel's body is custom-0 throughout and holds no hart-1-executable alternative -- it would take an illegal instruction
210,moonshine$dispatch_210_layernorm_s8,,,1000000000,us,1000000000000,0,,excluded_impossible,layernorm_s8,M=1;K=288,,,excluded_impossible,hart 1's tile has no P-extension (PynqZ2Configs.scala:220 WithPExtOnTiles(0) names hart 0 only); this kernel's body is custom-0 throughout and holds no hart-1-executable alternative -- it would take an illegal instruction
211,moonshine$dispatch_211_linear_s8,,,0.545957108,ms,545957.108,0,,board_measured_b1_scaled_by_measured_region_factor_0.5883,linear_s8,M=1;K=288;N=288,21838,roccmoon_engine[curated],measured,
212,moonshine$dispatch_212_rope_s8,,,1000000000,us,1000000000000,0,,excluded_impossible,rope_s8,T=1;H=8;D=36;R=32,,,excluded_impossible,hart 1's tile has no P-extension (PynqZ2Configs.scala:220 WithPExtOnTiles(0) names hart 0 only); this kernel's body is custom-0 throughout and holds no hart-1-executable alternative -- it would take an illegal instruction
213,moonshine$dispatch_213_linear_s8,,,0.540412380,ms,540412.380,0,,board_measured_b1_scaled_by_measured_region_factor_0.5883,linear_s8,M=1;K=288;N=288,21616,roccmoon_engine[curated],measured,
214,moonshine$dispatch_214_rope_s8,,,1000000000,us,1000000000000,0,,excluded_impossible,rope_s8,T=1;H=8;D=36;R=32,,,excluded_impossible,hart 1's tile has no P-extension (PynqZ2Configs.scala:220 WithPExtOnTiles(0) names hart 0 only); this kernel's body is custom-0 throughout and holds no hart-1-executable alternative -- it would take an illegal instruction
215,moonshine$dispatch_215_linear_s8,,,0.535161803,ms,535161.803,0,,board_measured_b1_scaled_by_measured_region_factor_0.5883,linear_s8,M=1;K=288;N=288,21406,roccmoon_engine[curated],measured,
216,moonshine$dispatch_216_matmul_b_s8,,,1000000000,us,1000000000000,0,,excluded_impossible,matmul_b_s8,B=8;M=1;K=36;N=1;transpose_b=1,,,excluded_impossible,hart 1's tile has no P-extension (PynqZ2Configs.scala:220 WithPExtOnTiles(0) names hart 0 only); this kernel's body is custom-0 throughout and holds no hart-1-executable alternative -- it would take an illegal instruction
217,moonshine$dispatch_217_softmax_s8,,,1000000000,us,1000000000000,0,,excluded_impossible,softmax_s8,M=8;K=1,,,excluded_impossible,hart 1's tile has no P-extension (PynqZ2Configs.scala:220 WithPExtOnTiles(0) names hart 0 only); this kernel's body is custom-0 throughout and holds no hart-1-executable alternative -- it would take an illegal instruction
218,moonshine$dispatch_218_matmul_b_s8,,,1000000000,us,1000000000000,0,,excluded_impossible,matmul_b_s8,B=8;M=1;K=1;N=36;transpose_b=0,,,excluded_impossible,hart 1's tile has no P-extension (PynqZ2Configs.scala:220 WithPExtOnTiles(0) names hart 0 only); this kernel's body is custom-0 throughout and holds no hart-1-executable alternative -- it would take an illegal instruction
219,moonshine$dispatch_219_linear_s8,,,0.548575042,ms,548575.042,0,,board_measured_b1_scaled_by_measured_region_factor_0.5883,linear_s8,M=1;K=288;N=288,21943,roccmoon_engine[curated],measured,
220,moonshine$dispatch_220_add_s8,,,1000000000,us,1000000000000,0,,excluded_impossible,add_s8,n=288,,,excluded_impossible,hart 1's tile has no P-extension (PynqZ2Configs.scala:220 WithPExtOnTiles(0) names hart 0 only); this kernel's body is custom-0 throughout and holds no hart-1-executable alternative -- it would take an illegal instruction
221,moonshine$dispatch_221_layernorm_s8,,,1000000000,us,1000000000000,0,,excluded_impossible,layernorm_s8,M=1;K=288,,,excluded_impossible,hart 1's tile has no P-extension (PynqZ2Configs.scala:220 WithPExtOnTiles(0) names hart 0 only); this kernel's body is custom-0 throughout and holds no hart-1-executable alternative -- it would take an illegal instruction
222,moonshine$dispatch_222_linear_s8,,,0.547001340,ms,547001.340,0,,board_measured_b1_scaled_by_measured_region_factor_0.5883,linear_s8,M=1;K=288;N=288,21880,roccmoon_engine[curated],measured,
223,moonshine$dispatch_223_permute4_s8,,,1000000000,us,1000000000000,0,,excluded_impossible,permute4_s8,d0=1;d1=165;d2=8;d3=36;p0=0;p1=2;p2=1;p3=3,,,excluded_impossible,hart 1's tile has no P-extension (PynqZ2Configs.scala:220 WithPExtOnTiles(0) names hart 0 only); this kernel's body is custom-0 throughout and holds no hart-1-executable alternative -- it would take an illegal instruction
224,moonshine$dispatch_224_permute4_s8,,,1000000000,us,1000000000000,0,,excluded_impossible,permute4_s8,d0=1;d1=165;d2=8;d3=36;p0=0;p1=2;p2=3;p3=1,,,excluded_impossible,hart 1's tile has no P-extension (PynqZ2Configs.scala:220 WithPExtOnTiles(0) names hart 0 only); this kernel's body is custom-0 throughout and holds no hart-1-executable alternative -- it would take an illegal instruction
225,moonshine$dispatch_225_matmul_b_s8,,,1000000000,us,1000000000000,0,,excluded_impossible,matmul_b_s8,B=8;M=1;K=36;N=165;transpose_b=1,,,excluded_impossible,hart 1's tile has no P-extension (PynqZ2Configs.scala:220 WithPExtOnTiles(0) names hart 0 only); this kernel's body is custom-0 throughout and holds no hart-1-executable alternative -- it would take an illegal instruction
226,moonshine$dispatch_226_softmax_s8,,,1000000000,us,1000000000000,0,,excluded_impossible,softmax_s8,M=8;K=165,,,excluded_impossible,hart 1's tile has no P-extension (PynqZ2Configs.scala:220 WithPExtOnTiles(0) names hart 0 only); this kernel's body is custom-0 throughout and holds no hart-1-executable alternative -- it would take an illegal instruction
227,moonshine$dispatch_227_matmul_b_s8,,,1000000000,us,1000000000000,0,,excluded_impossible,matmul_b_s8,B=8;M=1;K=165;N=36;transpose_b=1,,,excluded_impossible,hart 1's tile has no P-extension (PynqZ2Configs.scala:220 WithPExtOnTiles(0) names hart 0 only); this kernel's body is custom-0 throughout and holds no hart-1-executable alternative -- it would take an illegal instruction
228,moonshine$dispatch_228_linear_s8,,,0.590991473,ms,590991.473,0,,board_measured_b1_scaled_by_measured_region_factor_0.5883,linear_s8,M=1;K=288;N=288,23640,roccmoon_engine[curated],measured,
229,moonshine$dispatch_229_add_s8,,,1000000000,us,1000000000000,0,,excluded_impossible,add_s8,n=288,,,excluded_impossible,hart 1's tile has no P-extension (PynqZ2Configs.scala:220 WithPExtOnTiles(0) names hart 0 only); this kernel's body is custom-0 throughout and holds no hart-1-executable alternative -- it would take an illegal instruction
230,moonshine$dispatch_230_layernorm_s8,,,1000000000,us,1000000000000,0,,excluded_impossible,layernorm_s8,M=1;K=288,,,excluded_impossible,hart 1's tile has no P-extension (PynqZ2Configs.scala:220 WithPExtOnTiles(0) names hart 0 only); this kernel's body is custom-0 throughout and holds no hart-1-executable alternative -- it would take an illegal instruction
231,moonshine$dispatch_231_linear_s8,,,1.248637335,ms,1248637.335,0,,board_measured_b1_scaled_by_measured_region_factor_0.5883,linear_s8,M=1;K=288;N=1152,49945,roccmoon_engine[curated],measured,
232,moonshine$dispatch_232_silu_s8,,,1000000000,us,1000000000000,0,,excluded_impossible,silu_s8,n=1152,,,excluded_impossible,hart 1's tile has no P-extension (PynqZ2Configs.scala:220 WithPExtOnTiles(0) names hart 0 only); this kernel's body is custom-0 throughout and holds no hart-1-executable alternative -- it would take an illegal instruction
233,moonshine$dispatch_233_linear_s8,,,1.256417603,ms,1256417.603,0,,board_measured_b1_scaled_by_measured_region_factor_0.5883,linear_s8,M=1;K=288;N=1152,50257,roccmoon_engine[curated],measured,
234,moonshine$dispatch_234_mul_s8,,,1000000000,us,1000000000000,0,,excluded_impossible,mul_s8,n=1152,,,excluded_impossible,hart 1's tile has no P-extension (PynqZ2Configs.scala:220 WithPExtOnTiles(0) names hart 0 only); this kernel's body is custom-0 throughout and holds no hart-1-executable alternative -- it would take an illegal instruction
235,moonshine$dispatch_235_linear_s8,,,1.264786170,ms,1264786.170,0,,board_measured_b1_scaled_by_measured_region_factor_0.5883,linear_s8,M=1;K=1152;N=288,50591,roccmoon_engine[curated],measured,
236,moonshine$dispatch_236_add_s8,,,1000000000,us,1000000000000,0,,excluded_impossible,add_s8,n=288,,,excluded_impossible,hart 1's tile has no P-extension (PynqZ2Configs.scala:220 WithPExtOnTiles(0) names hart 0 only); this kernel's body is custom-0 throughout and holds no hart-1-executable alternative -- it would take an illegal instruction
237,moonshine$dispatch_237_layernorm_s8,,,1000000000,us,1000000000000,0,,excluded_impossible,layernorm_s8,M=1;K=288,,,excluded_impossible,hart 1's tile has no P-extension (PynqZ2Configs.scala:220 WithPExtOnTiles(0) names hart 0 only); this kernel's body is custom-0 throughout and holds no hart-1-executable alternative -- it would take an illegal instruction
238,moonshine$dispatch_238_linear_s8,,,0.551163563,ms,551163.563,0,,board_measured_b1_scaled_by_measured_region_factor_0.5883,linear_s8,M=1;K=288;N=288,22047,roccmoon_engine[curated],measured,
239,moonshine$dispatch_239_rope_s8,,,1000000000,us,1000000000000,0,,excluded_impossible,rope_s8,T=1;H=8;D=36;R=32,,,excluded_impossible,hart 1's tile has no P-extension (PynqZ2Configs.scala:220 WithPExtOnTiles(0) names hart 0 only); this kernel's body is custom-0 throughout and holds no hart-1-executable alternative -- it would take an illegal instruction
240,moonshine$dispatch_240_linear_s8,,,0.541956668,ms,541956.668,0,,board_measured_b1_scaled_by_measured_region_factor_0.5883,linear_s8,M=1;K=288;N=288,21678,roccmoon_engine[curated],measured,
241,moonshine$dispatch_241_rope_s8,,,1000000000,us,1000000000000,0,,excluded_impossible,rope_s8,T=1;H=8;D=36;R=32,,,excluded_impossible,hart 1's tile has no P-extension (PynqZ2Configs.scala:220 WithPExtOnTiles(0) names hart 0 only); this kernel's body is custom-0 throughout and holds no hart-1-executable alternative -- it would take an illegal instruction
242,moonshine$dispatch_242_linear_s8,,,0.537220852,ms,537220.852,0,,board_measured_b1_scaled_by_measured_region_factor_0.5883,linear_s8,M=1;K=288;N=288,21489,roccmoon_engine[curated],measured,
243,moonshine$dispatch_243_matmul_b_s8,,,1000000000,us,1000000000000,0,,excluded_impossible,matmul_b_s8,B=8;M=1;K=36;N=1;transpose_b=1,,,excluded_impossible,hart 1's tile has no P-extension (PynqZ2Configs.scala:220 WithPExtOnTiles(0) names hart 0 only); this kernel's body is custom-0 throughout and holds no hart-1-executable alternative -- it would take an illegal instruction
244,moonshine$dispatch_244_softmax_s8,,,1000000000,us,1000000000000,0,,excluded_impossible,softmax_s8,M=8;K=1,,,excluded_impossible,hart 1's tile has no P-extension (PynqZ2Configs.scala:220 WithPExtOnTiles(0) names hart 0 only); this kernel's body is custom-0 throughout and holds no hart-1-executable alternative -- it would take an illegal instruction
245,moonshine$dispatch_245_matmul_b_s8,,,1000000000,us,1000000000000,0,,excluded_impossible,matmul_b_s8,B=8;M=1;K=1;N=36;transpose_b=0,,,excluded_impossible,hart 1's tile has no P-extension (PynqZ2Configs.scala:220 WithPExtOnTiles(0) names hart 0 only); this kernel's body is custom-0 throughout and holds no hart-1-executable alternative -- it would take an illegal instruction
246,moonshine$dispatch_246_linear_s8,,,0.552766680,ms,552766.680,0,,board_measured_b1_scaled_by_measured_region_factor_0.5883,linear_s8,M=1;K=288;N=288,22111,roccmoon_engine[curated],measured,
247,moonshine$dispatch_247_add_s8,,,1000000000,us,1000000000000,0,,excluded_impossible,add_s8,n=288,,,excluded_impossible,hart 1's tile has no P-extension (PynqZ2Configs.scala:220 WithPExtOnTiles(0) names hart 0 only); this kernel's body is custom-0 throughout and holds no hart-1-executable alternative -- it would take an illegal instruction
248,moonshine$dispatch_248_layernorm_s8,,,1000000000,us,1000000000000,0,,excluded_impossible,layernorm_s8,M=1;K=288,,,excluded_impossible,hart 1's tile has no P-extension (PynqZ2Configs.scala:220 WithPExtOnTiles(0) names hart 0 only); this kernel's body is custom-0 throughout and holds no hart-1-executable alternative -- it would take an illegal instruction
249,moonshine$dispatch_249_linear_s8,,,0.546633653,ms,546633.653,0,,board_measured_b1_scaled_by_measured_region_factor_0.5883,linear_s8,M=1;K=288;N=288,21865,roccmoon_engine[curated],measured,
250,moonshine$dispatch_250_permute4_s8,,,1000000000,us,1000000000000,0,,excluded_impossible,permute4_s8,d0=1;d1=165;d2=8;d3=36;p0=0;p1=2;p2=1;p3=3,,,excluded_impossible,hart 1's tile has no P-extension (PynqZ2Configs.scala:220 WithPExtOnTiles(0) names hart 0 only); this kernel's body is custom-0 throughout and holds no hart-1-executable alternative -- it would take an illegal instruction
251,moonshine$dispatch_251_permute4_s8,,,1000000000,us,1000000000000,0,,excluded_impossible,permute4_s8,d0=1;d1=165;d2=8;d3=36;p0=0;p1=2;p2=3;p3=1,,,excluded_impossible,hart 1's tile has no P-extension (PynqZ2Configs.scala:220 WithPExtOnTiles(0) names hart 0 only); this kernel's body is custom-0 throughout and holds no hart-1-executable alternative -- it would take an illegal instruction
252,moonshine$dispatch_252_matmul_b_s8,,,1000000000,us,1000000000000,0,,excluded_impossible,matmul_b_s8,B=8;M=1;K=36;N=165;transpose_b=1,,,excluded_impossible,hart 1's tile has no P-extension (PynqZ2Configs.scala:220 WithPExtOnTiles(0) names hart 0 only); this kernel's body is custom-0 throughout and holds no hart-1-executable alternative -- it would take an illegal instruction
253,moonshine$dispatch_253_softmax_s8,,,1000000000,us,1000000000000,0,,excluded_impossible,softmax_s8,M=8;K=165,,,excluded_impossible,hart 1's tile has no P-extension (PynqZ2Configs.scala:220 WithPExtOnTiles(0) names hart 0 only); this kernel's body is custom-0 throughout and holds no hart-1-executable alternative -- it would take an illegal instruction
254,moonshine$dispatch_254_matmul_b_s8,,,1000000000,us,1000000000000,0,,excluded_impossible,matmul_b_s8,B=8;M=1;K=165;N=36;transpose_b=1,,,excluded_impossible,hart 1's tile has no P-extension (PynqZ2Configs.scala:220 WithPExtOnTiles(0) names hart 0 only); this kernel's body is custom-0 throughout and holds no hart-1-executable alternative -- it would take an illegal instruction
255,moonshine$dispatch_255_linear_s8,,,0.595506675,ms,595506.675,0,,board_measured_b1_scaled_by_measured_region_factor_0.5883,linear_s8,M=1;K=288;N=288,23820,roccmoon_engine[curated],measured,
256,moonshine$dispatch_256_add_s8,,,1000000000,us,1000000000000,0,,excluded_impossible,add_s8,n=288,,,excluded_impossible,hart 1's tile has no P-extension (PynqZ2Configs.scala:220 WithPExtOnTiles(0) names hart 0 only); this kernel's body is custom-0 throughout and holds no hart-1-executable alternative -- it would take an illegal instruction
257,moonshine$dispatch_257_layernorm_s8,,,1000000000,us,1000000000000,0,,excluded_impossible,layernorm_s8,M=1;K=288,,,excluded_impossible,hart 1's tile has no P-extension (PynqZ2Configs.scala:220 WithPExtOnTiles(0) names hart 0 only); this kernel's body is custom-0 throughout and holds no hart-1-executable alternative -- it would take an illegal instruction
258,moonshine$dispatch_258_linear_s8,,,1.251961230,ms,1251961.230,0,,board_measured_b1_scaled_by_measured_region_factor_0.5883,linear_s8,M=1;K=288;N=1152,50078,roccmoon_engine[curated],measured,
259,moonshine$dispatch_259_silu_s8,,,1000000000,us,1000000000000,0,,excluded_impossible,silu_s8,n=1152,,,excluded_impossible,hart 1's tile has no P-extension (PynqZ2Configs.scala:220 WithPExtOnTiles(0) names hart 0 only); this kernel's body is custom-0 throughout and holds no hart-1-executable alternative -- it would take an illegal instruction
260,moonshine$dispatch_260_linear_s8,,,1.258329577,ms,1258329.577,0,,board_measured_b1_scaled_by_measured_region_factor_0.5883,linear_s8,M=1;K=288;N=1152,50333,roccmoon_engine[curated],measured,
261,moonshine$dispatch_261_mul_s8,,,1000000000,us,1000000000000,0,,excluded_impossible,mul_s8,n=1152,,,excluded_impossible,hart 1's tile has no P-extension (PynqZ2Configs.scala:220 WithPExtOnTiles(0) names hart 0 only); this kernel's body is custom-0 throughout and holds no hart-1-executable alternative -- it would take an illegal instruction
262,moonshine$dispatch_262_linear_s8,,,1.267874745,ms,1267874.745,0,,board_measured_b1_scaled_by_measured_region_factor_0.5883,linear_s8,M=1;K=1152;N=288,50715,roccmoon_engine[curated],measured,
263,moonshine$dispatch_263_add_s8,,,1000000000,us,1000000000000,0,,excluded_impossible,add_s8,n=288,,,excluded_impossible,hart 1's tile has no P-extension (PynqZ2Configs.scala:220 WithPExtOnTiles(0) names hart 0 only); this kernel's body is custom-0 throughout and holds no hart-1-executable alternative -- it would take an illegal instruction
264,moonshine$dispatch_264_layernorm_s8,,,1000000000,us,1000000000000,0,,excluded_impossible,layernorm_s8,M=1;K=288,,,excluded_impossible,hart 1's tile has no P-extension (PynqZ2Configs.scala:220 WithPExtOnTiles(0) names hart 0 only); this kernel's body is custom-0 throughout and holds no hart-1-executable alternative -- it would take an illegal instruction
265,moonshine$dispatch_265_linear_s8,,,0.547104293,ms,547104.293,0,,board_measured_b1_scaled_by_measured_region_factor_0.5883,linear_s8,M=1;K=288;N=288,21884,roccmoon_engine[curated],measured,
266,moonshine$dispatch_266_rope_s8,,,1000000000,us,1000000000000,0,,excluded_impossible,rope_s8,T=1;H=8;D=36;R=32,,,excluded_impossible,hart 1's tile has no P-extension (PynqZ2Configs.scala:220 WithPExtOnTiles(0) names hart 0 only); this kernel's body is custom-0 throughout and holds no hart-1-executable alternative -- it would take an illegal instruction
267,moonshine$dispatch_267_linear_s8,,,0.545089365,ms,545089.365,0,,board_measured_b1_scaled_by_measured_region_factor_0.5883,linear_s8,M=1;K=288;N=288,21804,roccmoon_engine[curated],measured,
268,moonshine$dispatch_268_rope_s8,,,1000000000,us,1000000000000,0,,excluded_impossible,rope_s8,T=1;H=8;D=36;R=32,,,excluded_impossible,hart 1's tile has no P-extension (PynqZ2Configs.scala:220 WithPExtOnTiles(0) names hart 0 only); this kernel's body is custom-0 throughout and holds no hart-1-executable alternative -- it would take an illegal instruction
269,moonshine$dispatch_269_linear_s8,,,0.548074988,ms,548074.988,0,,board_measured_b1_scaled_by_measured_region_factor_0.5883,linear_s8,M=1;K=288;N=288,21923,roccmoon_engine[curated],measured,
270,moonshine$dispatch_270_matmul_b_s8,,,1000000000,us,1000000000000,0,,excluded_impossible,matmul_b_s8,B=8;M=1;K=36;N=1;transpose_b=1,,,excluded_impossible,hart 1's tile has no P-extension (PynqZ2Configs.scala:220 WithPExtOnTiles(0) names hart 0 only); this kernel's body is custom-0 throughout and holds no hart-1-executable alternative -- it would take an illegal instruction
271,moonshine$dispatch_271_softmax_s8,,,1000000000,us,1000000000000,0,,excluded_impossible,softmax_s8,M=8;K=1,,,excluded_impossible,hart 1's tile has no P-extension (PynqZ2Configs.scala:220 WithPExtOnTiles(0) names hart 0 only); this kernel's body is custom-0 throughout and holds no hart-1-executable alternative -- it would take an illegal instruction
272,moonshine$dispatch_272_matmul_b_s8,,,1000000000,us,1000000000000,0,,excluded_impossible,matmul_b_s8,B=8;M=1;K=1;N=36;transpose_b=0,,,excluded_impossible,hart 1's tile has no P-extension (PynqZ2Configs.scala:220 WithPExtOnTiles(0) names hart 0 only); this kernel's body is custom-0 throughout and holds no hart-1-executable alternative -- it would take an illegal instruction
273,moonshine$dispatch_273_linear_s8,,,0.559590960,ms,559590.960,0,,board_measured_b1_scaled_by_measured_region_factor_0.5883,linear_s8,M=1;K=288;N=288,22384,roccmoon_engine[curated],measured,
274,moonshine$dispatch_274_add_s8,,,1000000000,us,1000000000000,0,,excluded_impossible,add_s8,n=288,,,excluded_impossible,hart 1's tile has no P-extension (PynqZ2Configs.scala:220 WithPExtOnTiles(0) names hart 0 only); this kernel's body is custom-0 throughout and holds no hart-1-executable alternative -- it would take an illegal instruction
275,moonshine$dispatch_275_layernorm_s8,,,1000000000,us,1000000000000,0,,excluded_impossible,layernorm_s8,M=1;K=288,,,excluded_impossible,hart 1's tile has no P-extension (PynqZ2Configs.scala:220 WithPExtOnTiles(0) names hart 0 only); this kernel's body is custom-0 throughout and holds no hart-1-executable alternative -- it would take an illegal instruction
276,moonshine$dispatch_276_linear_s8,,,0.554560995,ms,554560.995,0,,board_measured_b1_scaled_by_measured_region_factor_0.5883,linear_s8,M=1;K=288;N=288,22182,roccmoon_engine[curated],measured,
277,moonshine$dispatch_277_permute4_s8,,,1000000000,us,1000000000000,0,,excluded_impossible,permute4_s8,d0=1;d1=165;d2=8;d3=36;p0=0;p1=2;p2=1;p3=3,,,excluded_impossible,hart 1's tile has no P-extension (PynqZ2Configs.scala:220 WithPExtOnTiles(0) names hart 0 only); this kernel's body is custom-0 throughout and holds no hart-1-executable alternative -- it would take an illegal instruction
278,moonshine$dispatch_278_permute4_s8,,,1000000000,us,1000000000000,0,,excluded_impossible,permute4_s8,d0=1;d1=165;d2=8;d3=36;p0=0;p1=2;p2=3;p3=1,,,excluded_impossible,hart 1's tile has no P-extension (PynqZ2Configs.scala:220 WithPExtOnTiles(0) names hart 0 only); this kernel's body is custom-0 throughout and holds no hart-1-executable alternative -- it would take an illegal instruction
279,moonshine$dispatch_279_matmul_b_s8,,,1000000000,us,1000000000000,0,,excluded_impossible,matmul_b_s8,B=8;M=1;K=36;N=165;transpose_b=1,,,excluded_impossible,hart 1's tile has no P-extension (PynqZ2Configs.scala:220 WithPExtOnTiles(0) names hart 0 only); this kernel's body is custom-0 throughout and holds no hart-1-executable alternative -- it would take an illegal instruction
280,moonshine$dispatch_280_softmax_s8,,,1000000000,us,1000000000000,0,,excluded_impossible,softmax_s8,M=8;K=165,,,excluded_impossible,hart 1's tile has no P-extension (PynqZ2Configs.scala:220 WithPExtOnTiles(0) names hart 0 only); this kernel's body is custom-0 throughout and holds no hart-1-executable alternative -- it would take an illegal instruction
281,moonshine$dispatch_281_matmul_b_s8,,,1000000000,us,1000000000000,0,,excluded_impossible,matmul_b_s8,B=8;M=1;K=165;N=36;transpose_b=1,,,excluded_impossible,hart 1's tile has no P-extension (PynqZ2Configs.scala:220 WithPExtOnTiles(0) names hart 0 only); this kernel's body is custom-0 throughout and holds no hart-1-executable alternative -- it would take an illegal instruction
282,moonshine$dispatch_282_linear_s8,,,0.603213405,ms,603213.405,0,,board_measured_b1_scaled_by_measured_region_factor_0.5883,linear_s8,M=1;K=288;N=288,24129,roccmoon_engine[curated],measured,
283,moonshine$dispatch_283_add_s8,,,1000000000,us,1000000000000,0,,excluded_impossible,add_s8,n=288,,,excluded_impossible,hart 1's tile has no P-extension (PynqZ2Configs.scala:220 WithPExtOnTiles(0) names hart 0 only); this kernel's body is custom-0 throughout and holds no hart-1-executable alternative -- it would take an illegal instruction
284,moonshine$dispatch_284_layernorm_s8,,,1000000000,us,1000000000000,0,,excluded_impossible,layernorm_s8,M=1;K=288,,,excluded_impossible,hart 1's tile has no P-extension (PynqZ2Configs.scala:220 WithPExtOnTiles(0) names hart 0 only); this kernel's body is custom-0 throughout and holds no hart-1-executable alternative -- it would take an illegal instruction
285,moonshine$dispatch_285_linear_s8,,,1.258138380,ms,1258138.380,0,,board_measured_b1_scaled_by_measured_region_factor_0.5883,linear_s8,M=1;K=288;N=1152,50326,roccmoon_engine[curated],measured,
286,moonshine$dispatch_286_silu_s8,,,1000000000,us,1000000000000,0,,excluded_impossible,silu_s8,n=1152,,,excluded_impossible,hart 1's tile has no P-extension (PynqZ2Configs.scala:220 WithPExtOnTiles(0) names hart 0 only); this kernel's body is custom-0 throughout and holds no hart-1-executable alternative -- it would take an illegal instruction
287,moonshine$dispatch_287_linear_s8,,,1.273463595,ms,1273463.595,0,,board_measured_b1_scaled_by_measured_region_factor_0.5883,linear_s8,M=1;K=288;N=1152,50939,roccmoon_engine[curated],measured,
288,moonshine$dispatch_288_mul_s8,,,1000000000,us,1000000000000,0,,excluded_impossible,mul_s8,n=1152,,,excluded_impossible,hart 1's tile has no P-extension (PynqZ2Configs.scala:220 WithPExtOnTiles(0) names hart 0 only); this kernel's body is custom-0 throughout and holds no hart-1-executable alternative -- it would take an illegal instruction
289,moonshine$dispatch_289_linear_s8,,,1.282141020,ms,1282141.020,0,,board_measured_b1_scaled_by_measured_region_factor_0.5883,linear_s8,M=1;K=1152;N=288,51286,roccmoon_engine[curated],measured,
290,moonshine$dispatch_290_add_s8,,,1000000000,us,1000000000000,0,,excluded_impossible,add_s8,n=288,,,excluded_impossible,hart 1's tile has no P-extension (PynqZ2Configs.scala:220 WithPExtOnTiles(0) names hart 0 only); this kernel's body is custom-0 throughout and holds no hart-1-executable alternative -- it would take an illegal instruction
291,moonshine$dispatch_291_layernorm_s8,,,1000000000,us,1000000000000,0,,excluded_impossible,layernorm_s8,M=1;K=288,,,excluded_impossible,hart 1's tile has no P-extension (PynqZ2Configs.scala:220 WithPExtOnTiles(0) names hart 0 only); this kernel's body is custom-0 throughout and holds no hart-1-executable alternative -- it would take an illegal instruction
292,moonshine$dispatch_292_linear_s8,,,14.170720372,ms,14170720.373,0,,board_measured_b1_scaled_by_measured_region_factor_0.5883,linear_s8,M=1;K=288;N=16384,566829,roccmoon_engine[curated],measured,
293,moonshine$dispatch_293_linear_s8,,,14.129568788,ms,14129568.787,0,,board_measured_b1_scaled_by_measured_region_factor_0.5883,linear_s8,M=1;K=288;N=16384,565183,roccmoon_engine[curated],measured,
294,moonshine$dispatch_294_cat2_c1_s8,,,1000000000,us,1000000000000,0,,excluded_impossible,cat2_c1_s8,N=1;H=1;W=1;C_inputs=16384|16384;C_total=32768,,,excluded_impossible,hart 1's tile has no P-extension (PynqZ2Configs.scala:220 WithPExtOnTiles(0) names hart 0 only); this kernel's body is custom-0 throughout and holds no hart-1-executable alternative -- it would take an illegal instruction
295,moonshine$dispatch_295_layernorm_s8,,,1000000000,us,1000000000000,0,,excluded_impossible,layernorm_s8,M=1;K=288,,,excluded_impossible,hart 1's tile has no P-extension (PynqZ2Configs.scala:220 WithPExtOnTiles(0) names hart 0 only); this kernel's body is custom-0 throughout and holds no hart-1-executable alternative -- it would take an illegal instruction
296,moonshine$dispatch_296_linear_s8,,,0.569650890,ms,569650.890,0,,board_measured_b1_scaled_by_measured_region_factor_0.5883,linear_s8,M=1;K=288;N=288,22786,roccmoon_engine[curated],measured,
297,moonshine$dispatch_297_rope_s8,,,1000000000,us,1000000000000,0,,excluded_impossible,rope_s8,T=1;H=8;D=36;R=32,,,excluded_impossible,hart 1's tile has no P-extension (PynqZ2Configs.scala:220 WithPExtOnTiles(0) names hart 0 only); this kernel's body is custom-0 throughout and holds no hart-1-executable alternative -- it would take an illegal instruction
298,moonshine$dispatch_298_linear_s8,,,0.527366827,ms,527366.828,0,,board_measured_b1_scaled_by_measured_region_factor_0.5883,linear_s8,M=1;K=288;N=288,21095,roccmoon_engine[curated],measured,
299,moonshine$dispatch_299_rope_s8,,,1000000000,us,1000000000000,0,,excluded_impossible,rope_s8,T=1;H=8;D=36;R=32,,,excluded_impossible,hart 1's tile has no P-extension (PynqZ2Configs.scala:220 WithPExtOnTiles(0) names hart 0 only); this kernel's body is custom-0 throughout and holds no hart-1-executable alternative -- it would take an illegal instruction
300,moonshine$dispatch_300_linear_s8,,,0.515409630,ms,515409.630,0,,board_measured_b1_scaled_by_measured_region_factor_0.5883,linear_s8,M=1;K=288;N=288,20616,roccmoon_engine[curated],measured,
301,moonshine$dispatch_301_cat2_c1_s8,,,1000000000,us,1000000000000,0,,excluded_impossible,cat2_c1_s8,N=1;H=288;W=1;C_inputs=1|1;C_total=2,,,excluded_impossible,hart 1's tile has no P-extension (PynqZ2Configs.scala:220 WithPExtOnTiles(0) names hart 0 only); this kernel's body is custom-0 throughout and holds no hart-1-executable alternative -- it would take an illegal instruction
302,moonshine$dispatch_302_cat2_c1_s8,,,1000000000,us,1000000000000,0,,excluded_impossible,cat2_c1_s8,N=1;H=288;W=1;C_inputs=1|1;C_total=2,,,excluded_impossible,hart 1's tile has no P-extension (PynqZ2Configs.scala:220 WithPExtOnTiles(0) names hart 0 only); this kernel's body is custom-0 throughout and holds no hart-1-executable alternative -- it would take an illegal instruction
303,moonshine$dispatch_303_permute4_s8,,,1000000000,us,1000000000000,0,,excluded_impossible,permute4_s8,d0=1;d1=2;d2=8;d3=36;p0=0;p1=2;p2=1;p3=3,,,excluded_impossible,hart 1's tile has no P-extension (PynqZ2Configs.scala:220 WithPExtOnTiles(0) names hart 0 only); this kernel's body is custom-0 throughout and holds no hart-1-executable alternative -- it would take an illegal instruction
304,moonshine$dispatch_304_permute4_s8,,,1000000000,us,1000000000000,0,,excluded_impossible,permute4_s8,d0=1;d1=2;d2=8;d3=36;p0=0;p1=2;p2=1;p3=3,,,excluded_impossible,hart 1's tile has no P-extension (PynqZ2Configs.scala:220 WithPExtOnTiles(0) names hart 0 only); this kernel's body is custom-0 throughout and holds no hart-1-executable alternative -- it would take an illegal instruction
305,moonshine$dispatch_305_matmul_b_s8,,,1000000000,us,1000000000000,0,,excluded_impossible,matmul_b_s8,B=8;M=1;K=36;N=2;transpose_b=1,,,excluded_impossible,hart 1's tile has no P-extension (PynqZ2Configs.scala:220 WithPExtOnTiles(0) names hart 0 only); this kernel's body is custom-0 throughout and holds no hart-1-executable alternative -- it would take an illegal instruction
306,moonshine$dispatch_306_softmax_s8,,,1000000000,us,1000000000000,0,,excluded_impossible,softmax_s8,M=8;K=2,,,excluded_impossible,hart 1's tile has no P-extension (PynqZ2Configs.scala:220 WithPExtOnTiles(0) names hart 0 only); this kernel's body is custom-0 throughout and holds no hart-1-executable alternative -- it would take an illegal instruction
307,moonshine$dispatch_307_matmul_b_s8,,,1000000000,us,1000000000000,0,,excluded_impossible,matmul_b_s8,B=8;M=1;K=2;N=36;transpose_b=0,,,excluded_impossible,hart 1's tile has no P-extension (PynqZ2Configs.scala:220 WithPExtOnTiles(0) names hart 0 only); this kernel's body is custom-0 throughout and holds no hart-1-executable alternative -- it would take an illegal instruction
308,moonshine$dispatch_308_linear_s8,,,0.537235560,ms,537235.560,0,,board_measured_b1_scaled_by_measured_region_factor_0.5883,linear_s8,M=1;K=288;N=288,21489,roccmoon_engine[curated],measured,
309,moonshine$dispatch_309_add_s8,,,1000000000,us,1000000000000,0,,excluded_impossible,add_s8,n=288,,,excluded_impossible,hart 1's tile has no P-extension (PynqZ2Configs.scala:220 WithPExtOnTiles(0) names hart 0 only); this kernel's body is custom-0 throughout and holds no hart-1-executable alternative -- it would take an illegal instruction
310,moonshine$dispatch_310_layernorm_s8,,,1000000000,us,1000000000000,0,,excluded_impossible,layernorm_s8,M=1;K=288,,,excluded_impossible,hart 1's tile has no P-extension (PynqZ2Configs.scala:220 WithPExtOnTiles(0) names hart 0 only); this kernel's body is custom-0 throughout and holds no hart-1-executable alternative -- it would take an illegal instruction
311,moonshine$dispatch_311_linear_s8,,,0.524690063,ms,524690.062,0,,board_measured_b1_scaled_by_measured_region_factor_0.5883,linear_s8,M=1;K=288;N=288,20988,roccmoon_engine[curated],measured,
312,moonshine$dispatch_312_matmul_b_s8,,,1000000000,us,1000000000000,0,,excluded_impossible,matmul_b_s8,B=8;M=1;K=36;N=165;transpose_b=1,,,excluded_impossible,hart 1's tile has no P-extension (PynqZ2Configs.scala:220 WithPExtOnTiles(0) names hart 0 only); this kernel's body is custom-0 throughout and holds no hart-1-executable alternative -- it would take an illegal instruction
313,moonshine$dispatch_313_softmax_s8,,,1000000000,us,1000000000000,0,,excluded_impossible,softmax_s8,M=8;K=165,,,excluded_impossible,hart 1's tile has no P-extension (PynqZ2Configs.scala:220 WithPExtOnTiles(0) names hart 0 only); this kernel's body is custom-0 throughout and holds no hart-1-executable alternative -- it would take an illegal instruction
314,moonshine$dispatch_314_matmul_b_s8,,,1000000000,us,1000000000000,0,,excluded_impossible,matmul_b_s8,B=8;M=1;K=165;N=36;transpose_b=1,,,excluded_impossible,hart 1's tile has no P-extension (PynqZ2Configs.scala:220 WithPExtOnTiles(0) names hart 0 only); this kernel's body is custom-0 throughout and holds no hart-1-executable alternative -- it would take an illegal instruction
315,moonshine$dispatch_315_linear_s8,,,0.557752522,ms,557752.522,0,,board_measured_b1_scaled_by_measured_region_factor_0.5883,linear_s8,M=1;K=288;N=288,22310,roccmoon_engine[curated],measured,
316,moonshine$dispatch_316_add_s8,,,1000000000,us,1000000000000,0,,excluded_impossible,add_s8,n=288,,,excluded_impossible,hart 1's tile has no P-extension (PynqZ2Configs.scala:220 WithPExtOnTiles(0) names hart 0 only); this kernel's body is custom-0 throughout and holds no hart-1-executable alternative -- it would take an illegal instruction
317,moonshine$dispatch_317_layernorm_s8,,,1000000000,us,1000000000000,0,,excluded_impossible,layernorm_s8,M=1;K=288,,,excluded_impossible,hart 1's tile has no P-extension (PynqZ2Configs.scala:220 WithPExtOnTiles(0) names hart 0 only); this kernel's body is custom-0 throughout and holds no hart-1-executable alternative -- it would take an illegal instruction
318,moonshine$dispatch_318_linear_s8,,,1.229091067,ms,1229091.067,0,,board_measured_b1_scaled_by_measured_region_factor_0.5883,linear_s8,M=1;K=288;N=1152,49164,roccmoon_engine[curated],measured,
319,moonshine$dispatch_319_silu_s8,,,1000000000,us,1000000000000,0,,excluded_impossible,silu_s8,n=1152,,,excluded_impossible,hart 1's tile has no P-extension (PynqZ2Configs.scala:220 WithPExtOnTiles(0) names hart 0 only); this kernel's body is custom-0 throughout and holds no hart-1-executable alternative -- it would take an illegal instruction
320,moonshine$dispatch_320_linear_s8,,,1.240621748,ms,1240621.748,0,,board_measured_b1_scaled_by_measured_region_factor_0.5883,linear_s8,M=1;K=288;N=1152,49625,roccmoon_engine[curated],measured,
321,moonshine$dispatch_321_mul_s8,,,1000000000,us,1000000000000,0,,excluded_impossible,mul_s8,n=1152,,,excluded_impossible,hart 1's tile has no P-extension (PynqZ2Configs.scala:220 WithPExtOnTiles(0) names hart 0 only); this kernel's body is custom-0 throughout and holds no hart-1-executable alternative -- it would take an illegal instruction
322,moonshine$dispatch_322_linear_s8,,,1.240621748,ms,1240621.748,0,,board_measured_b1_scaled_by_measured_region_factor_0.5883,linear_s8,M=1;K=1152;N=288,49625,roccmoon_engine[curated],measured,
323,moonshine$dispatch_323_add_s8,,,1000000000,us,1000000000000,0,,excluded_impossible,add_s8,n=288,,,excluded_impossible,hart 1's tile has no P-extension (PynqZ2Configs.scala:220 WithPExtOnTiles(0) names hart 0 only); this kernel's body is custom-0 throughout and holds no hart-1-executable alternative -- it would take an illegal instruction
324,moonshine$dispatch_324_layernorm_s8,,,1000000000,us,1000000000000,0,,excluded_impossible,layernorm_s8,M=1;K=288,,,excluded_impossible,hart 1's tile has no P-extension (PynqZ2Configs.scala:220 WithPExtOnTiles(0) names hart 0 only); this kernel's body is custom-0 throughout and holds no hart-1-executable alternative -- it would take an illegal instruction
325,moonshine$dispatch_325_linear_s8,,,0.531087825,ms,531087.825,0,,board_measured_b1_scaled_by_measured_region_factor_0.5883,linear_s8,M=1;K=288;N=288,21244,roccmoon_engine[curated],measured,
326,moonshine$dispatch_326_rope_s8,,,1000000000,us,1000000000000,0,,excluded_impossible,rope_s8,T=1;H=8;D=36;R=32,,,excluded_impossible,hart 1's tile has no P-extension (PynqZ2Configs.scala:220 WithPExtOnTiles(0) names hart 0 only); this kernel's body is custom-0 throughout and holds no hart-1-executable alternative -- it would take an illegal instruction
327,moonshine$dispatch_327_linear_s8,,,0.525851955,ms,525851.955,0,,board_measured_b1_scaled_by_measured_region_factor_0.5883,linear_s8,M=1;K=288;N=288,21034,roccmoon_engine[curated],measured,
328,moonshine$dispatch_328_rope_s8,,,1000000000,us,1000000000000,0,,excluded_impossible,rope_s8,T=1;H=8;D=36;R=32,,,excluded_impossible,hart 1's tile has no P-extension (PynqZ2Configs.scala:220 WithPExtOnTiles(0) names hart 0 only); this kernel's body is custom-0 throughout and holds no hart-1-executable alternative -- it would take an illegal instruction
329,moonshine$dispatch_329_linear_s8,,,0.525793125,ms,525793.125,0,,board_measured_b1_scaled_by_measured_region_factor_0.5883,linear_s8,M=1;K=288;N=288,21032,roccmoon_engine[curated],measured,
330,moonshine$dispatch_330_cat2_c1_s8,,,1000000000,us,1000000000000,0,,excluded_impossible,cat2_c1_s8,N=1;H=288;W=1;C_inputs=1|1;C_total=2,,,excluded_impossible,hart 1's tile has no P-extension (PynqZ2Configs.scala:220 WithPExtOnTiles(0) names hart 0 only); this kernel's body is custom-0 throughout and holds no hart-1-executable alternative -- it would take an illegal instruction
331,moonshine$dispatch_331_cat2_c1_s8,,,1000000000,us,1000000000000,0,,excluded_impossible,cat2_c1_s8,N=1;H=288;W=1;C_inputs=1|1;C_total=2,,,excluded_impossible,hart 1's tile has no P-extension (PynqZ2Configs.scala:220 WithPExtOnTiles(0) names hart 0 only); this kernel's body is custom-0 throughout and holds no hart-1-executable alternative -- it would take an illegal instruction
332,moonshine$dispatch_332_permute4_s8,,,1000000000,us,1000000000000,0,,excluded_impossible,permute4_s8,d0=1;d1=2;d2=8;d3=36;p0=0;p1=2;p2=1;p3=3,,,excluded_impossible,hart 1's tile has no P-extension (PynqZ2Configs.scala:220 WithPExtOnTiles(0) names hart 0 only); this kernel's body is custom-0 throughout and holds no hart-1-executable alternative -- it would take an illegal instruction
333,moonshine$dispatch_333_permute4_s8,,,1000000000,us,1000000000000,0,,excluded_impossible,permute4_s8,d0=1;d1=2;d2=8;d3=36;p0=0;p1=2;p2=1;p3=3,,,excluded_impossible,hart 1's tile has no P-extension (PynqZ2Configs.scala:220 WithPExtOnTiles(0) names hart 0 only); this kernel's body is custom-0 throughout and holds no hart-1-executable alternative -- it would take an illegal instruction
334,moonshine$dispatch_334_matmul_b_s8,,,1000000000,us,1000000000000,0,,excluded_impossible,matmul_b_s8,B=8;M=1;K=36;N=2;transpose_b=1,,,excluded_impossible,hart 1's tile has no P-extension (PynqZ2Configs.scala:220 WithPExtOnTiles(0) names hart 0 only); this kernel's body is custom-0 throughout and holds no hart-1-executable alternative -- it would take an illegal instruction
335,moonshine$dispatch_335_softmax_s8,,,1000000000,us,1000000000000,0,,excluded_impossible,softmax_s8,M=8;K=2,,,excluded_impossible,hart 1's tile has no P-extension (PynqZ2Configs.scala:220 WithPExtOnTiles(0) names hart 0 only); this kernel's body is custom-0 throughout and holds no hart-1-executable alternative -- it would take an illegal instruction
336,moonshine$dispatch_336_matmul_b_s8,,,1000000000,us,1000000000000,0,,excluded_impossible,matmul_b_s8,B=8;M=1;K=2;N=36;transpose_b=0,,,excluded_impossible,hart 1's tile has no P-extension (PynqZ2Configs.scala:220 WithPExtOnTiles(0) names hart 0 only); this kernel's body is custom-0 throughout and holds no hart-1-executable alternative -- it would take an illegal instruction
337,moonshine$dispatch_337_linear_s8,,,0.542780288,ms,542780.288,0,,board_measured_b1_scaled_by_measured_region_factor_0.5883,linear_s8,M=1;K=288;N=288,21711,roccmoon_engine[curated],measured,
338,moonshine$dispatch_338_add_s8,,,1000000000,us,1000000000000,0,,excluded_impossible,add_s8,n=288,,,excluded_impossible,hart 1's tile has no P-extension (PynqZ2Configs.scala:220 WithPExtOnTiles(0) names hart 0 only); this kernel's body is custom-0 throughout and holds no hart-1-executable alternative -- it would take an illegal instruction
339,moonshine$dispatch_339_layernorm_s8,,,1000000000,us,1000000000000,0,,excluded_impossible,layernorm_s8,M=1;K=288,,,excluded_impossible,hart 1's tile has no P-extension (PynqZ2Configs.scala:220 WithPExtOnTiles(0) names hart 0 only); this kernel's body is custom-0 throughout and holds no hart-1-executable alternative -- it would take an illegal instruction
340,moonshine$dispatch_340_linear_s8,,,0.534029325,ms,534029.325,0,,board_measured_b1_scaled_by_measured_region_factor_0.5883,linear_s8,M=1;K=288;N=288,21361,roccmoon_engine[curated],measured,
341,moonshine$dispatch_341_matmul_b_s8,,,1000000000,us,1000000000000,0,,excluded_impossible,matmul_b_s8,B=8;M=1;K=36;N=165;transpose_b=1,,,excluded_impossible,hart 1's tile has no P-extension (PynqZ2Configs.scala:220 WithPExtOnTiles(0) names hart 0 only); this kernel's body is custom-0 throughout and holds no hart-1-executable alternative -- it would take an illegal instruction
342,moonshine$dispatch_342_softmax_s8,,,1000000000,us,1000000000000,0,,excluded_impossible,softmax_s8,M=8;K=165,,,excluded_impossible,hart 1's tile has no P-extension (PynqZ2Configs.scala:220 WithPExtOnTiles(0) names hart 0 only); this kernel's body is custom-0 throughout and holds no hart-1-executable alternative -- it would take an illegal instruction
343,moonshine$dispatch_343_matmul_b_s8,,,1000000000,us,1000000000000,0,,excluded_impossible,matmul_b_s8,B=8;M=1;K=165;N=36;transpose_b=1,,,excluded_impossible,hart 1's tile has no P-extension (PynqZ2Configs.scala:220 WithPExtOnTiles(0) names hart 0 only); this kernel's body is custom-0 throughout and holds no hart-1-executable alternative -- it would take an illegal instruction
344,moonshine$dispatch_344_linear_s8,,,0.562870733,ms,562870.733,0,,board_measured_b1_scaled_by_measured_region_factor_0.5883,linear_s8,M=1;K=288;N=288,22515,roccmoon_engine[curated],measured,
345,moonshine$dispatch_345_add_s8,,,1000000000,us,1000000000000,0,,excluded_impossible,add_s8,n=288,,,excluded_impossible,hart 1's tile has no P-extension (PynqZ2Configs.scala:220 WithPExtOnTiles(0) names hart 0 only); this kernel's body is custom-0 throughout and holds no hart-1-executable alternative -- it would take an illegal instruction
346,moonshine$dispatch_346_layernorm_s8,,,1000000000,us,1000000000000,0,,excluded_impossible,layernorm_s8,M=1;K=288,,,excluded_impossible,hart 1's tile has no P-extension (PynqZ2Configs.scala:220 WithPExtOnTiles(0) names hart 0 only); this kernel's body is custom-0 throughout and holds no hart-1-executable alternative -- it would take an illegal instruction
347,moonshine$dispatch_347_linear_s8,,,1.241563028,ms,1241563.028,0,,board_measured_b1_scaled_by_measured_region_factor_0.5883,linear_s8,M=1;K=288;N=1152,49663,roccmoon_engine[curated],measured,
348,moonshine$dispatch_348_silu_s8,,,1000000000,us,1000000000000,0,,excluded_impossible,silu_s8,n=1152,,,excluded_impossible,hart 1's tile has no P-extension (PynqZ2Configs.scala:220 WithPExtOnTiles(0) names hart 0 only); this kernel's body is custom-0 throughout and holds no hart-1-executable alternative -- it would take an illegal instruction
349,moonshine$dispatch_349_linear_s8,,,1.238327378,ms,1238327.378,0,,board_measured_b1_scaled_by_measured_region_factor_0.5883,linear_s8,M=1;K=288;N=1152,49533,roccmoon_engine[curated],measured,
350,moonshine$dispatch_350_mul_s8,,,1000000000,us,1000000000000,0,,excluded_impossible,mul_s8,n=1152,,,excluded_impossible,hart 1's tile has no P-extension (PynqZ2Configs.scala:220 WithPExtOnTiles(0) names hart 0 only); this kernel's body is custom-0 throughout and holds no hart-1-executable alternative -- it would take an illegal instruction
351,moonshine$dispatch_351_linear_s8,,,1.247813715,ms,1247813.715,0,,board_measured_b1_scaled_by_measured_region_factor_0.5883,linear_s8,M=1;K=1152;N=288,49913,roccmoon_engine[curated],measured,
352,moonshine$dispatch_352_add_s8,,,1000000000,us,1000000000000,0,,excluded_impossible,add_s8,n=288,,,excluded_impossible,hart 1's tile has no P-extension (PynqZ2Configs.scala:220 WithPExtOnTiles(0) names hart 0 only); this kernel's body is custom-0 throughout and holds no hart-1-executable alternative -- it would take an illegal instruction
353,moonshine$dispatch_353_layernorm_s8,,,1000000000,us,1000000000000,0,,excluded_impossible,layernorm_s8,M=1;K=288,,,excluded_impossible,hart 1's tile has no P-extension (PynqZ2Configs.scala:220 WithPExtOnTiles(0) names hart 0 only); this kernel's body is custom-0 throughout and holds no hart-1-executable alternative -- it would take an illegal instruction
354,moonshine$dispatch_354_linear_s8,,,0.537353220,ms,537353.220,0,,board_measured_b1_scaled_by_measured_region_factor_0.5883,linear_s8,M=1;K=288;N=288,21494,roccmoon_engine[curated],measured,
355,moonshine$dispatch_355_rope_s8,,,1000000000,us,1000000000000,0,,excluded_impossible,rope_s8,T=1;H=8;D=36;R=32,,,excluded_impossible,hart 1's tile has no P-extension (PynqZ2Configs.scala:220 WithPExtOnTiles(0) names hart 0 only); this kernel's body is custom-0 throughout and holds no hart-1-executable alternative -- it would take an illegal instruction
356,moonshine$dispatch_356_linear_s8,,,0.530470110,ms,530470.110,0,,board_measured_b1_scaled_by_measured_region_factor_0.5883,linear_s8,M=1;K=288;N=288,21219,roccmoon_engine[curated],measured,
357,moonshine$dispatch_357_rope_s8,,,1000000000,us,1000000000000,0,,excluded_impossible,rope_s8,T=1;H=8;D=36;R=32,,,excluded_impossible,hart 1's tile has no P-extension (PynqZ2Configs.scala:220 WithPExtOnTiles(0) names hart 0 only); this kernel's body is custom-0 throughout and holds no hart-1-executable alternative -- it would take an illegal instruction
358,moonshine$dispatch_358_linear_s8,,,0.526734405,ms,526734.405,0,,board_measured_b1_scaled_by_measured_region_factor_0.5883,linear_s8,M=1;K=288;N=288,21069,roccmoon_engine[curated],measured,
359,moonshine$dispatch_359_cat2_c1_s8,,,1000000000,us,1000000000000,0,,excluded_impossible,cat2_c1_s8,N=1;H=288;W=1;C_inputs=1|1;C_total=2,,,excluded_impossible,hart 1's tile has no P-extension (PynqZ2Configs.scala:220 WithPExtOnTiles(0) names hart 0 only); this kernel's body is custom-0 throughout and holds no hart-1-executable alternative -- it would take an illegal instruction
360,moonshine$dispatch_360_cat2_c1_s8,,,1000000000,us,1000000000000,0,,excluded_impossible,cat2_c1_s8,N=1;H=288;W=1;C_inputs=1|1;C_total=2,,,excluded_impossible,hart 1's tile has no P-extension (PynqZ2Configs.scala:220 WithPExtOnTiles(0) names hart 0 only); this kernel's body is custom-0 throughout and holds no hart-1-executable alternative -- it would take an illegal instruction
361,moonshine$dispatch_361_permute4_s8,,,1000000000,us,1000000000000,0,,excluded_impossible,permute4_s8,d0=1;d1=2;d2=8;d3=36;p0=0;p1=2;p2=1;p3=3,,,excluded_impossible,hart 1's tile has no P-extension (PynqZ2Configs.scala:220 WithPExtOnTiles(0) names hart 0 only); this kernel's body is custom-0 throughout and holds no hart-1-executable alternative -- it would take an illegal instruction
362,moonshine$dispatch_362_permute4_s8,,,1000000000,us,1000000000000,0,,excluded_impossible,permute4_s8,d0=1;d1=2;d2=8;d3=36;p0=0;p1=2;p2=1;p3=3,,,excluded_impossible,hart 1's tile has no P-extension (PynqZ2Configs.scala:220 WithPExtOnTiles(0) names hart 0 only); this kernel's body is custom-0 throughout and holds no hart-1-executable alternative -- it would take an illegal instruction
363,moonshine$dispatch_363_matmul_b_s8,,,1000000000,us,1000000000000,0,,excluded_impossible,matmul_b_s8,B=8;M=1;K=36;N=2;transpose_b=1,,,excluded_impossible,hart 1's tile has no P-extension (PynqZ2Configs.scala:220 WithPExtOnTiles(0) names hart 0 only); this kernel's body is custom-0 throughout and holds no hart-1-executable alternative -- it would take an illegal instruction
364,moonshine$dispatch_364_softmax_s8,,,1000000000,us,1000000000000,0,,excluded_impossible,softmax_s8,M=8;K=2,,,excluded_impossible,hart 1's tile has no P-extension (PynqZ2Configs.scala:220 WithPExtOnTiles(0) names hart 0 only); this kernel's body is custom-0 throughout and holds no hart-1-executable alternative -- it would take an illegal instruction
365,moonshine$dispatch_365_matmul_b_s8,,,1000000000,us,1000000000000,0,,excluded_impossible,matmul_b_s8,B=8;M=1;K=2;N=36;transpose_b=0,,,excluded_impossible,hart 1's tile has no P-extension (PynqZ2Configs.scala:220 WithPExtOnTiles(0) names hart 0 only); this kernel's body is custom-0 throughout and holds no hart-1-executable alternative -- it would take an illegal instruction
366,moonshine$dispatch_366_linear_s8,,,0.552737265,ms,552737.265,0,,board_measured_b1_scaled_by_measured_region_factor_0.5883,linear_s8,M=1;K=288;N=288,22109,roccmoon_engine[curated],measured,
367,moonshine$dispatch_367_add_s8,,,1000000000,us,1000000000000,0,,excluded_impossible,add_s8,n=288,,,excluded_impossible,hart 1's tile has no P-extension (PynqZ2Configs.scala:220 WithPExtOnTiles(0) names hart 0 only); this kernel's body is custom-0 throughout and holds no hart-1-executable alternative -- it would take an illegal instruction
368,moonshine$dispatch_368_layernorm_s8,,,1000000000,us,1000000000000,0,,excluded_impossible,layernorm_s8,M=1;K=288,,,excluded_impossible,hart 1's tile has no P-extension (PynqZ2Configs.scala:220 WithPExtOnTiles(0) names hart 0 only); this kernel's body is custom-0 throughout and holds no hart-1-executable alternative -- it would take an illegal instruction
369,moonshine$dispatch_369_linear_s8,,,0.533543978,ms,533543.978,0,,board_measured_b1_scaled_by_measured_region_factor_0.5883,linear_s8,M=1;K=288;N=288,21342,roccmoon_engine[curated],measured,
370,moonshine$dispatch_370_matmul_b_s8,,,1000000000,us,1000000000000,0,,excluded_impossible,matmul_b_s8,B=8;M=1;K=36;N=165;transpose_b=1,,,excluded_impossible,hart 1's tile has no P-extension (PynqZ2Configs.scala:220 WithPExtOnTiles(0) names hart 0 only); this kernel's body is custom-0 throughout and holds no hart-1-executable alternative -- it would take an illegal instruction
371,moonshine$dispatch_371_softmax_s8,,,1000000000,us,1000000000000,0,,excluded_impossible,softmax_s8,M=8;K=165,,,excluded_impossible,hart 1's tile has no P-extension (PynqZ2Configs.scala:220 WithPExtOnTiles(0) names hart 0 only); this kernel's body is custom-0 throughout and holds no hart-1-executable alternative -- it would take an illegal instruction
372,moonshine$dispatch_372_matmul_b_s8,,,1000000000,us,1000000000000,0,,excluded_impossible,matmul_b_s8,B=8;M=1;K=165;N=36;transpose_b=1,,,excluded_impossible,hart 1's tile has no P-extension (PynqZ2Configs.scala:220 WithPExtOnTiles(0) names hart 0 only); this kernel's body is custom-0 throughout and holds no hart-1-executable alternative -- it would take an illegal instruction
373,moonshine$dispatch_373_linear_s8,,,0.569768550,ms,569768.550,0,,board_measured_b1_scaled_by_measured_region_factor_0.5883,linear_s8,M=1;K=288;N=288,22791,roccmoon_engine[curated],measured,
374,moonshine$dispatch_374_add_s8,,,1000000000,us,1000000000000,0,,excluded_impossible,add_s8,n=288,,,excluded_impossible,hart 1's tile has no P-extension (PynqZ2Configs.scala:220 WithPExtOnTiles(0) names hart 0 only); this kernel's body is custom-0 throughout and holds no hart-1-executable alternative -- it would take an illegal instruction
375,moonshine$dispatch_375_layernorm_s8,,,1000000000,us,1000000000000,0,,excluded_impossible,layernorm_s8,M=1;K=288,,,excluded_impossible,hart 1's tile has no P-extension (PynqZ2Configs.scala:220 WithPExtOnTiles(0) names hart 0 only); this kernel's body is custom-0 throughout and holds no hart-1-executable alternative -- it would take an illegal instruction
376,moonshine$dispatch_376_linear_s8,,,1.245401685,ms,1245401.685,0,,board_measured_b1_scaled_by_measured_region_factor_0.5883,linear_s8,M=1;K=288;N=1152,49816,roccmoon_engine[curated],measured,
377,moonshine$dispatch_377_silu_s8,,,1000000000,us,1000000000000,0,,excluded_impossible,silu_s8,n=1152,,,excluded_impossible,hart 1's tile has no P-extension (PynqZ2Configs.scala:220 WithPExtOnTiles(0) names hart 0 only); this kernel's body is custom-0 throughout and holds no hart-1-executable alternative -- it would take an illegal instruction
378,moonshine$dispatch_378_linear_s8,,,1.254079110,ms,1254079.110,0,,board_measured_b1_scaled_by_measured_region_factor_0.5883,linear_s8,M=1;K=288;N=1152,50163,roccmoon_engine[curated],measured,
379,moonshine$dispatch_379_mul_s8,,,1000000000,us,1000000000000,0,,excluded_impossible,mul_s8,n=1152,,,excluded_impossible,hart 1's tile has no P-extension (PynqZ2Configs.scala:220 WithPExtOnTiles(0) names hart 0 only); this kernel's body is custom-0 throughout and holds no hart-1-executable alternative -- it would take an illegal instruction
380,moonshine$dispatch_380_linear_s8,,,1.281773333,ms,1281773.333,0,,board_measured_b1_scaled_by_measured_region_factor_0.5883,linear_s8,M=1;K=1152;N=288,51271,roccmoon_engine[curated],measured,
381,moonshine$dispatch_381_add_s8,,,1000000000,us,1000000000000,0,,excluded_impossible,add_s8,n=288,,,excluded_impossible,hart 1's tile has no P-extension (PynqZ2Configs.scala:220 WithPExtOnTiles(0) names hart 0 only); this kernel's body is custom-0 throughout and holds no hart-1-executable alternative -- it would take an illegal instruction
382,moonshine$dispatch_382_layernorm_s8,,,1000000000,us,1000000000000,0,,excluded_impossible,layernorm_s8,M=1;K=288,,,excluded_impossible,hart 1's tile has no P-extension (PynqZ2Configs.scala:220 WithPExtOnTiles(0) names hart 0 only); this kernel's body is custom-0 throughout and holds no hart-1-executable alternative -- it would take an illegal instruction
383,moonshine$dispatch_383_linear_s8,,,0.548280893,ms,548280.893,0,,board_measured_b1_scaled_by_measured_region_factor_0.5883,linear_s8,M=1;K=288;N=288,21931,roccmoon_engine[curated],measured,
384,moonshine$dispatch_384_rope_s8,,,1000000000,us,1000000000000,0,,excluded_impossible,rope_s8,T=1;H=8;D=36;R=32,,,excluded_impossible,hart 1's tile has no P-extension (PynqZ2Configs.scala:220 WithPExtOnTiles(0) names hart 0 only); this kernel's body is custom-0 throughout and holds no hart-1-executable alternative -- it would take an illegal instruction
385,moonshine$dispatch_385_linear_s8,,,0.534058740,ms,534058.740,0,,board_measured_b1_scaled_by_measured_region_factor_0.5883,linear_s8,M=1;K=288;N=288,21362,roccmoon_engine[curated],measured,
386,moonshine$dispatch_386_rope_s8,,,1000000000,us,1000000000000,0,,excluded_impossible,rope_s8,T=1;H=8;D=36;R=32,,,excluded_impossible,hart 1's tile has no P-extension (PynqZ2Configs.scala:220 WithPExtOnTiles(0) names hart 0 only); this kernel's body is custom-0 throughout and holds no hart-1-executable alternative -- it would take an illegal instruction
387,moonshine$dispatch_387_linear_s8,,,0.534705870,ms,534705.870,0,,board_measured_b1_scaled_by_measured_region_factor_0.5883,linear_s8,M=1;K=288;N=288,21388,roccmoon_engine[curated],measured,
388,moonshine$dispatch_388_cat2_c1_s8,,,1000000000,us,1000000000000,0,,excluded_impossible,cat2_c1_s8,N=1;H=288;W=1;C_inputs=1|1;C_total=2,,,excluded_impossible,hart 1's tile has no P-extension (PynqZ2Configs.scala:220 WithPExtOnTiles(0) names hart 0 only); this kernel's body is custom-0 throughout and holds no hart-1-executable alternative -- it would take an illegal instruction
389,moonshine$dispatch_389_cat2_c1_s8,,,1000000000,us,1000000000000,0,,excluded_impossible,cat2_c1_s8,N=1;H=288;W=1;C_inputs=1|1;C_total=2,,,excluded_impossible,hart 1's tile has no P-extension (PynqZ2Configs.scala:220 WithPExtOnTiles(0) names hart 0 only); this kernel's body is custom-0 throughout and holds no hart-1-executable alternative -- it would take an illegal instruction
390,moonshine$dispatch_390_permute4_s8,,,1000000000,us,1000000000000,0,,excluded_impossible,permute4_s8,d0=1;d1=2;d2=8;d3=36;p0=0;p1=2;p2=1;p3=3,,,excluded_impossible,hart 1's tile has no P-extension (PynqZ2Configs.scala:220 WithPExtOnTiles(0) names hart 0 only); this kernel's body is custom-0 throughout and holds no hart-1-executable alternative -- it would take an illegal instruction
391,moonshine$dispatch_391_permute4_s8,,,1000000000,us,1000000000000,0,,excluded_impossible,permute4_s8,d0=1;d1=2;d2=8;d3=36;p0=0;p1=2;p2=1;p3=3,,,excluded_impossible,hart 1's tile has no P-extension (PynqZ2Configs.scala:220 WithPExtOnTiles(0) names hart 0 only); this kernel's body is custom-0 throughout and holds no hart-1-executable alternative -- it would take an illegal instruction
392,moonshine$dispatch_392_matmul_b_s8,,,1000000000,us,1000000000000,0,,excluded_impossible,matmul_b_s8,B=8;M=1;K=36;N=2;transpose_b=1,,,excluded_impossible,hart 1's tile has no P-extension (PynqZ2Configs.scala:220 WithPExtOnTiles(0) names hart 0 only); this kernel's body is custom-0 throughout and holds no hart-1-executable alternative -- it would take an illegal instruction
393,moonshine$dispatch_393_softmax_s8,,,1000000000,us,1000000000000,0,,excluded_impossible,softmax_s8,M=8;K=2,,,excluded_impossible,hart 1's tile has no P-extension (PynqZ2Configs.scala:220 WithPExtOnTiles(0) names hart 0 only); this kernel's body is custom-0 throughout and holds no hart-1-executable alternative -- it would take an illegal instruction
394,moonshine$dispatch_394_matmul_b_s8,,,1000000000,us,1000000000000,0,,excluded_impossible,matmul_b_s8,B=8;M=1;K=2;N=36;transpose_b=0,,,excluded_impossible,hart 1's tile has no P-extension (PynqZ2Configs.scala:220 WithPExtOnTiles(0) names hart 0 only); this kernel's body is custom-0 throughout and holds no hart-1-executable alternative -- it would take an illegal instruction
395,moonshine$dispatch_395_linear_s8,,,0.557458373,ms,557458.373,0,,board_measured_b1_scaled_by_measured_region_factor_0.5883,linear_s8,M=1;K=288;N=288,22298,roccmoon_engine[curated],measured,
396,moonshine$dispatch_396_add_s8,,,1000000000,us,1000000000000,0,,excluded_impossible,add_s8,n=288,,,excluded_impossible,hart 1's tile has no P-extension (PynqZ2Configs.scala:220 WithPExtOnTiles(0) names hart 0 only); this kernel's body is custom-0 throughout and holds no hart-1-executable alternative -- it would take an illegal instruction
397,moonshine$dispatch_397_layernorm_s8,,,1000000000,us,1000000000000,0,,excluded_impossible,layernorm_s8,M=1;K=288,,,excluded_impossible,hart 1's tile has no P-extension (PynqZ2Configs.scala:220 WithPExtOnTiles(0) names hart 0 only); this kernel's body is custom-0 throughout and holds no hart-1-executable alternative -- it would take an illegal instruction
398,moonshine$dispatch_398_linear_s8,,,0.544486358,ms,544486.358,0,,board_measured_b1_scaled_by_measured_region_factor_0.5883,linear_s8,M=1;K=288;N=288,21779,roccmoon_engine[curated],measured,
399,moonshine$dispatch_399_matmul_b_s8,,,1000000000,us,1000000000000,0,,excluded_impossible,matmul_b_s8,B=8;M=1;K=36;N=165;transpose_b=1,,,excluded_impossible,hart 1's tile has no P-extension (PynqZ2Configs.scala:220 WithPExtOnTiles(0) names hart 0 only); this kernel's body is custom-0 throughout and holds no hart-1-executable alternative -- it would take an illegal instruction
400,moonshine$dispatch_400_softmax_s8,,,1000000000,us,1000000000000,0,,excluded_impossible,softmax_s8,M=8;K=165,,,excluded_impossible,hart 1's tile has no P-extension (PynqZ2Configs.scala:220 WithPExtOnTiles(0) names hart 0 only); this kernel's body is custom-0 throughout and holds no hart-1-executable alternative -- it would take an illegal instruction
401,moonshine$dispatch_401_matmul_b_s8,,,1000000000,us,1000000000000,0,,excluded_impossible,matmul_b_s8,B=8;M=1;K=165;N=36;transpose_b=1,,,excluded_impossible,hart 1's tile has no P-extension (PynqZ2Configs.scala:220 WithPExtOnTiles(0) names hart 0 only); this kernel's body is custom-0 throughout and holds no hart-1-executable alternative -- it would take an illegal instruction
402,moonshine$dispatch_402_linear_s8,,,0.577489988,ms,577489.988,0,,board_measured_b1_scaled_by_measured_region_factor_0.5883,linear_s8,M=1;K=288;N=288,23100,roccmoon_engine[curated],measured,
403,moonshine$dispatch_403_add_s8,,,1000000000,us,1000000000000,0,,excluded_impossible,add_s8,n=288,,,excluded_impossible,hart 1's tile has no P-extension (PynqZ2Configs.scala:220 WithPExtOnTiles(0) names hart 0 only); this kernel's body is custom-0 throughout and holds no hart-1-executable alternative -- it would take an illegal instruction
404,moonshine$dispatch_404_layernorm_s8,,,1000000000,us,1000000000000,0,,excluded_impossible,layernorm_s8,M=1;K=288,,,excluded_impossible,hart 1's tile has no P-extension (PynqZ2Configs.scala:220 WithPExtOnTiles(0) names hart 0 only); this kernel's body is custom-0 throughout and holds no hart-1-executable alternative -- it would take an illegal instruction
405,moonshine$dispatch_405_linear_s8,,,1.253534933,ms,1253534.933,0,,board_measured_b1_scaled_by_measured_region_factor_0.5883,linear_s8,M=1;K=288;N=1152,50141,roccmoon_engine[curated],measured,
406,moonshine$dispatch_406_silu_s8,,,1000000000,us,1000000000000,0,,excluded_impossible,silu_s8,n=1152,,,excluded_impossible,hart 1's tile has no P-extension (PynqZ2Configs.scala:220 WithPExtOnTiles(0) names hart 0 only); this kernel's body is custom-0 throughout and holds no hart-1-executable alternative -- it would take an illegal instruction
407,moonshine$dispatch_407_linear_s8,,,1.250564017,ms,1250564.017,0,,board_measured_b1_scaled_by_measured_region_factor_0.5883,linear_s8,M=1;K=288;N=1152,50023,roccmoon_engine[curated],measured,
408,moonshine$dispatch_408_mul_s8,,,1000000000,us,1000000000000,0,,excluded_impossible,mul_s8,n=1152,,,excluded_impossible,hart 1's tile has no P-extension (PynqZ2Configs.scala:220 WithPExtOnTiles(0) names hart 0 only); this kernel's body is custom-0 throughout and holds no hart-1-executable alternative -- it would take an illegal instruction
409,moonshine$dispatch_409_linear_s8,,,1.262094698,ms,1262094.698,0,,board_measured_b1_scaled_by_measured_region_factor_0.5883,linear_s8,M=1;K=1152;N=288,50484,roccmoon_engine[curated],measured,
410,moonshine$dispatch_410_add_s8,,,1000000000,us,1000000000000,0,,excluded_impossible,add_s8,n=288,,,excluded_impossible,hart 1's tile has no P-extension (PynqZ2Configs.scala:220 WithPExtOnTiles(0) names hart 0 only); this kernel's body is custom-0 throughout and holds no hart-1-executable alternative -- it would take an illegal instruction
411,moonshine$dispatch_411_layernorm_s8,,,1000000000,us,1000000000000,0,,excluded_impossible,layernorm_s8,M=1;K=288,,,excluded_impossible,hart 1's tile has no P-extension (PynqZ2Configs.scala:220 WithPExtOnTiles(0) names hart 0 only); this kernel's body is custom-0 throughout and holds no hart-1-executable alternative -- it would take an illegal instruction
412,moonshine$dispatch_412_linear_s8,,,0.550987073,ms,550987.073,0,,board_measured_b1_scaled_by_measured_region_factor_0.5883,linear_s8,M=1;K=288;N=288,22039,roccmoon_engine[curated],measured,
413,moonshine$dispatch_413_rope_s8,,,1000000000,us,1000000000000,0,,excluded_impossible,rope_s8,T=1;H=8;D=36;R=32,,,excluded_impossible,hart 1's tile has no P-extension (PynqZ2Configs.scala:220 WithPExtOnTiles(0) names hart 0 only); this kernel's body is custom-0 throughout and holds no hart-1-executable alternative -- it would take an illegal instruction
414,moonshine$dispatch_414_linear_s8,,,0.542383185,ms,542383.185,0,,board_measured_b1_scaled_by_measured_region_factor_0.5883,linear_s8,M=1;K=288;N=288,21695,roccmoon_engine[curated],measured,
415,moonshine$dispatch_415_rope_s8,,,1000000000,us,1000000000000,0,,excluded_impossible,rope_s8,T=1;H=8;D=36;R=32,,,excluded_impossible,hart 1's tile has no P-extension (PynqZ2Configs.scala:220 WithPExtOnTiles(0) names hart 0 only); this kernel's body is custom-0 throughout and holds no hart-1-executable alternative -- it would take an illegal instruction
416,moonshine$dispatch_416_linear_s8,,,0.537882690,ms,537882.690,0,,board_measured_b1_scaled_by_measured_region_factor_0.5883,linear_s8,M=1;K=288;N=288,21515,roccmoon_engine[curated],measured,
417,moonshine$dispatch_417_cat2_c1_s8,,,1000000000,us,1000000000000,0,,excluded_impossible,cat2_c1_s8,N=1;H=288;W=1;C_inputs=1|1;C_total=2,,,excluded_impossible,hart 1's tile has no P-extension (PynqZ2Configs.scala:220 WithPExtOnTiles(0) names hart 0 only); this kernel's body is custom-0 throughout and holds no hart-1-executable alternative -- it would take an illegal instruction
418,moonshine$dispatch_418_cat2_c1_s8,,,1000000000,us,1000000000000,0,,excluded_impossible,cat2_c1_s8,N=1;H=288;W=1;C_inputs=1|1;C_total=2,,,excluded_impossible,hart 1's tile has no P-extension (PynqZ2Configs.scala:220 WithPExtOnTiles(0) names hart 0 only); this kernel's body is custom-0 throughout and holds no hart-1-executable alternative -- it would take an illegal instruction
419,moonshine$dispatch_419_permute4_s8,,,1000000000,us,1000000000000,0,,excluded_impossible,permute4_s8,d0=1;d1=2;d2=8;d3=36;p0=0;p1=2;p2=1;p3=3,,,excluded_impossible,hart 1's tile has no P-extension (PynqZ2Configs.scala:220 WithPExtOnTiles(0) names hart 0 only); this kernel's body is custom-0 throughout and holds no hart-1-executable alternative -- it would take an illegal instruction
420,moonshine$dispatch_420_permute4_s8,,,1000000000,us,1000000000000,0,,excluded_impossible,permute4_s8,d0=1;d1=2;d2=8;d3=36;p0=0;p1=2;p2=1;p3=3,,,excluded_impossible,hart 1's tile has no P-extension (PynqZ2Configs.scala:220 WithPExtOnTiles(0) names hart 0 only); this kernel's body is custom-0 throughout and holds no hart-1-executable alternative -- it would take an illegal instruction
421,moonshine$dispatch_421_matmul_b_s8,,,1000000000,us,1000000000000,0,,excluded_impossible,matmul_b_s8,B=8;M=1;K=36;N=2;transpose_b=1,,,excluded_impossible,hart 1's tile has no P-extension (PynqZ2Configs.scala:220 WithPExtOnTiles(0) names hart 0 only); this kernel's body is custom-0 throughout and holds no hart-1-executable alternative -- it would take an illegal instruction
422,moonshine$dispatch_422_softmax_s8,,,1000000000,us,1000000000000,0,,excluded_impossible,softmax_s8,M=8;K=2,,,excluded_impossible,hart 1's tile has no P-extension (PynqZ2Configs.scala:220 WithPExtOnTiles(0) names hart 0 only); this kernel's body is custom-0 throughout and holds no hart-1-executable alternative -- it would take an illegal instruction
423,moonshine$dispatch_423_matmul_b_s8,,,1000000000,us,1000000000000,0,,excluded_impossible,matmul_b_s8,B=8;M=1;K=2;N=36;transpose_b=0,,,excluded_impossible,hart 1's tile has no P-extension (PynqZ2Configs.scala:220 WithPExtOnTiles(0) names hart 0 only); this kernel's body is custom-0 throughout and holds no hart-1-executable alternative -- it would take an illegal instruction
424,moonshine$dispatch_424_linear_s8,,,0.560429287,ms,560429.287,0,,board_measured_b1_scaled_by_measured_region_factor_0.5883,linear_s8,M=1;K=288;N=288,22417,roccmoon_engine[curated],measured,
425,moonshine$dispatch_425_add_s8,,,1000000000,us,1000000000000,0,,excluded_impossible,add_s8,n=288,,,excluded_impossible,hart 1's tile has no P-extension (PynqZ2Configs.scala:220 WithPExtOnTiles(0) names hart 0 only); this kernel's body is custom-0 throughout and holds no hart-1-executable alternative -- it would take an illegal instruction
426,moonshine$dispatch_426_layernorm_s8,,,1000000000,us,1000000000000,0,,excluded_impossible,layernorm_s8,M=1;K=288,,,excluded_impossible,hart 1's tile has no P-extension (PynqZ2Configs.scala:220 WithPExtOnTiles(0) names hart 0 only); this kernel's body is custom-0 throughout and holds no hart-1-executable alternative -- it would take an illegal instruction
427,moonshine$dispatch_427_linear_s8,,,0.544898167,ms,544898.167,0,,board_measured_b1_scaled_by_measured_region_factor_0.5883,linear_s8,M=1;K=288;N=288,21796,roccmoon_engine[curated],measured,
428,moonshine$dispatch_428_matmul_b_s8,,,1000000000,us,1000000000000,0,,excluded_impossible,matmul_b_s8,B=8;M=1;K=36;N=165;transpose_b=1,,,excluded_impossible,hart 1's tile has no P-extension (PynqZ2Configs.scala:220 WithPExtOnTiles(0) names hart 0 only); this kernel's body is custom-0 throughout and holds no hart-1-executable alternative -- it would take an illegal instruction
429,moonshine$dispatch_429_softmax_s8,,,1000000000,us,1000000000000,0,,excluded_impossible,softmax_s8,M=8;K=165,,,excluded_impossible,hart 1's tile has no P-extension (PynqZ2Configs.scala:220 WithPExtOnTiles(0) names hart 0 only); this kernel's body is custom-0 throughout and holds no hart-1-executable alternative -- it would take an illegal instruction
430,moonshine$dispatch_430_matmul_b_s8,,,1000000000,us,1000000000000,0,,excluded_impossible,matmul_b_s8,B=8;M=1;K=165;N=36;transpose_b=1,,,excluded_impossible,hart 1's tile has no P-extension (PynqZ2Configs.scala:220 WithPExtOnTiles(0) names hart 0 only); this kernel's body is custom-0 throughout and holds no hart-1-executable alternative -- it would take an illegal instruction
431,moonshine$dispatch_431_linear_s8,,,0.581019788,ms,581019.788,0,,board_measured_b1_scaled_by_measured_region_factor_0.5883,linear_s8,M=1;K=288;N=288,23241,roccmoon_engine[curated],measured,
432,moonshine$dispatch_432_add_s8,,,1000000000,us,1000000000000,0,,excluded_impossible,add_s8,n=288,,,excluded_impossible,hart 1's tile has no P-extension (PynqZ2Configs.scala:220 WithPExtOnTiles(0) names hart 0 only); this kernel's body is custom-0 throughout and holds no hart-1-executable alternative -- it would take an illegal instruction
433,moonshine$dispatch_433_layernorm_s8,,,1000000000,us,1000000000000,0,,excluded_impossible,layernorm_s8,M=1;K=288,,,excluded_impossible,hart 1's tile has no P-extension (PynqZ2Configs.scala:220 WithPExtOnTiles(0) names hart 0 only); this kernel's body is custom-0 throughout and holds no hart-1-executable alternative -- it would take an illegal instruction
434,moonshine$dispatch_434_linear_s8,,,1.259476763,ms,1259476.762,0,,board_measured_b1_scaled_by_measured_region_factor_0.5883,linear_s8,M=1;K=288;N=1152,50379,roccmoon_engine[curated],measured,
435,moonshine$dispatch_435_silu_s8,,,1000000000,us,1000000000000,0,,excluded_impossible,silu_s8,n=1152,,,excluded_impossible,hart 1's tile has no P-extension (PynqZ2Configs.scala:220 WithPExtOnTiles(0) names hart 0 only); this kernel's body is custom-0 throughout and holds no hart-1-executable alternative -- it would take an illegal instruction
436,moonshine$dispatch_436_linear_s8,,,1.256329358,ms,1256329.358,0,,board_measured_b1_scaled_by_measured_region_factor_0.5883,linear_s8,M=1;K=288;N=1152,50253,roccmoon_engine[curated],measured,
437,moonshine$dispatch_437_mul_s8,,,1000000000,us,1000000000000,0,,excluded_impossible,mul_s8,n=1152,,,excluded_impossible,hart 1's tile has no P-extension (PynqZ2Configs.scala:220 WithPExtOnTiles(0) names hart 0 only); this kernel's body is custom-0 throughout and holds no hart-1-executable alternative -- it would take an illegal instruction
438,moonshine$dispatch_438_linear_s8,,,1.262550630,ms,1262550.630,0,,board_measured_b1_scaled_by_measured_region_factor_0.5883,linear_s8,M=1;K=1152;N=288,50502,roccmoon_engine[curated],measured,
439,moonshine$dispatch_439_add_s8,,,1000000000,us,1000000000000,0,,excluded_impossible,add_s8,n=288,,,excluded_impossible,hart 1's tile has no P-extension (PynqZ2Configs.scala:220 WithPExtOnTiles(0) names hart 0 only); this kernel's body is custom-0 throughout and holds no hart-1-executable alternative -- it would take an illegal instruction
440,moonshine$dispatch_440_layernorm_s8,,,1000000000,us,1000000000000,0,,excluded_impossible,layernorm_s8,M=1;K=288,,,excluded_impossible,hart 1's tile has no P-extension (PynqZ2Configs.scala:220 WithPExtOnTiles(0) names hart 0 only); this kernel's body is custom-0 throughout and holds no hart-1-executable alternative -- it would take an illegal instruction
441,moonshine$dispatch_441_linear_s8,,,0.551663618,ms,551663.618,0,,board_measured_b1_scaled_by_measured_region_factor_0.5883,linear_s8,M=1;K=288;N=288,22067,roccmoon_engine[curated],measured,
442,moonshine$dispatch_442_rope_s8,,,1000000000,us,1000000000000,0,,excluded_impossible,rope_s8,T=1;H=8;D=36;R=32,,,excluded_impossible,hart 1's tile has no P-extension (PynqZ2Configs.scala:220 WithPExtOnTiles(0) names hart 0 only); this kernel's body is custom-0 throughout and holds no hart-1-executable alternative -- it would take an illegal instruction
443,moonshine$dispatch_443_linear_s8,,,0.553619715,ms,553619.715,0,,board_measured_b1_scaled_by_measured_region_factor_0.5883,linear_s8,M=1;K=288;N=288,22145,roccmoon_engine[curated],measured,
444,moonshine$dispatch_444_rope_s8,,,1000000000,us,1000000000000,0,,excluded_impossible,rope_s8,T=1;H=8;D=36;R=32,,,excluded_impossible,hart 1's tile has no P-extension (PynqZ2Configs.scala:220 WithPExtOnTiles(0) names hart 0 only); this kernel's body is custom-0 throughout and holds no hart-1-executable alternative -- it would take an illegal instruction
445,moonshine$dispatch_445_linear_s8,,,0.543118560,ms,543118.560,0,,board_measured_b1_scaled_by_measured_region_factor_0.5883,linear_s8,M=1;K=288;N=288,21725,roccmoon_engine[curated],measured,
446,moonshine$dispatch_446_cat2_c1_s8,,,1000000000,us,1000000000000,0,,excluded_impossible,cat2_c1_s8,N=1;H=288;W=1;C_inputs=1|1;C_total=2,,,excluded_impossible,hart 1's tile has no P-extension (PynqZ2Configs.scala:220 WithPExtOnTiles(0) names hart 0 only); this kernel's body is custom-0 throughout and holds no hart-1-executable alternative -- it would take an illegal instruction
447,moonshine$dispatch_447_cat2_c1_s8,,,1000000000,us,1000000000000,0,,excluded_impossible,cat2_c1_s8,N=1;H=288;W=1;C_inputs=1|1;C_total=2,,,excluded_impossible,hart 1's tile has no P-extension (PynqZ2Configs.scala:220 WithPExtOnTiles(0) names hart 0 only); this kernel's body is custom-0 throughout and holds no hart-1-executable alternative -- it would take an illegal instruction
448,moonshine$dispatch_448_permute4_s8,,,1000000000,us,1000000000000,0,,excluded_impossible,permute4_s8,d0=1;d1=2;d2=8;d3=36;p0=0;p1=2;p2=1;p3=3,,,excluded_impossible,hart 1's tile has no P-extension (PynqZ2Configs.scala:220 WithPExtOnTiles(0) names hart 0 only); this kernel's body is custom-0 throughout and holds no hart-1-executable alternative -- it would take an illegal instruction
449,moonshine$dispatch_449_permute4_s8,,,1000000000,us,1000000000000,0,,excluded_impossible,permute4_s8,d0=1;d1=2;d2=8;d3=36;p0=0;p1=2;p2=1;p3=3,,,excluded_impossible,hart 1's tile has no P-extension (PynqZ2Configs.scala:220 WithPExtOnTiles(0) names hart 0 only); this kernel's body is custom-0 throughout and holds no hart-1-executable alternative -- it would take an illegal instruction
450,moonshine$dispatch_450_matmul_b_s8,,,1000000000,us,1000000000000,0,,excluded_impossible,matmul_b_s8,B=8;M=1;K=36;N=2;transpose_b=1,,,excluded_impossible,hart 1's tile has no P-extension (PynqZ2Configs.scala:220 WithPExtOnTiles(0) names hart 0 only); this kernel's body is custom-0 throughout and holds no hart-1-executable alternative -- it would take an illegal instruction
451,moonshine$dispatch_451_softmax_s8,,,1000000000,us,1000000000000,0,,excluded_impossible,softmax_s8,M=8;K=2,,,excluded_impossible,hart 1's tile has no P-extension (PynqZ2Configs.scala:220 WithPExtOnTiles(0) names hart 0 only); this kernel's body is custom-0 throughout and holds no hart-1-executable alternative -- it would take an illegal instruction
452,moonshine$dispatch_452_matmul_b_s8,,,1000000000,us,1000000000000,0,,excluded_impossible,matmul_b_s8,B=8;M=1;K=2;N=36;transpose_b=0,,,excluded_impossible,hart 1's tile has no P-extension (PynqZ2Configs.scala:220 WithPExtOnTiles(0) names hart 0 only); this kernel's body is custom-0 throughout and holds no hart-1-executable alternative -- it would take an illegal instruction
453,moonshine$dispatch_453_linear_s8,,,0.563914965,ms,563914.965,0,,board_measured_b1_scaled_by_measured_region_factor_0.5883,linear_s8,M=1;K=288;N=288,22557,roccmoon_engine[curated],measured,
454,moonshine$dispatch_454_add_s8,,,1000000000,us,1000000000000,0,,excluded_impossible,add_s8,n=288,,,excluded_impossible,hart 1's tile has no P-extension (PynqZ2Configs.scala:220 WithPExtOnTiles(0) names hart 0 only); this kernel's body is custom-0 throughout and holds no hart-1-executable alternative -- it would take an illegal instruction
455,moonshine$dispatch_455_layernorm_s8,,,1000000000,us,1000000000000,0,,excluded_impossible,layernorm_s8,M=1;K=288,,,excluded_impossible,hart 1's tile has no P-extension (PynqZ2Configs.scala:220 WithPExtOnTiles(0) names hart 0 only); this kernel's body is custom-0 throughout and holds no hart-1-executable alternative -- it would take an illegal instruction
456,moonshine$dispatch_456_linear_s8,,,0.556178820,ms,556178.820,0,,board_measured_b1_scaled_by_measured_region_factor_0.5883,linear_s8,M=1;K=288;N=288,22247,roccmoon_engine[curated],measured,
457,moonshine$dispatch_457_matmul_b_s8,,,1000000000,us,1000000000000,0,,excluded_impossible,matmul_b_s8,B=8;M=1;K=36;N=165;transpose_b=1,,,excluded_impossible,hart 1's tile has no P-extension (PynqZ2Configs.scala:220 WithPExtOnTiles(0) names hart 0 only); this kernel's body is custom-0 throughout and holds no hart-1-executable alternative -- it would take an illegal instruction
458,moonshine$dispatch_458_softmax_s8,,,1000000000,us,1000000000000,0,,excluded_impossible,softmax_s8,M=8;K=165,,,excluded_impossible,hart 1's tile has no P-extension (PynqZ2Configs.scala:220 WithPExtOnTiles(0) names hart 0 only); this kernel's body is custom-0 throughout and holds no hart-1-executable alternative -- it would take an illegal instruction
459,moonshine$dispatch_459_matmul_b_s8,,,1000000000,us,1000000000000,0,,excluded_impossible,matmul_b_s8,B=8;M=1;K=165;N=36;transpose_b=1,,,excluded_impossible,hart 1's tile has no P-extension (PynqZ2Configs.scala:220 WithPExtOnTiles(0) names hart 0 only); this kernel's body is custom-0 throughout and holds no hart-1-executable alternative -- it would take an illegal instruction
460,moonshine$dispatch_460_linear_s8,,,0.589403063,ms,589403.063,0,,board_measured_b1_scaled_by_measured_region_factor_0.5883,linear_s8,M=1;K=288;N=288,23576,roccmoon_engine[curated],measured,
461,moonshine$dispatch_461_add_s8,,,1000000000,us,1000000000000,0,,excluded_impossible,add_s8,n=288,,,excluded_impossible,hart 1's tile has no P-extension (PynqZ2Configs.scala:220 WithPExtOnTiles(0) names hart 0 only); this kernel's body is custom-0 throughout and holds no hart-1-executable alternative -- it would take an illegal instruction
462,moonshine$dispatch_462_layernorm_s8,,,1000000000,us,1000000000000,0,,excluded_impossible,layernorm_s8,M=1;K=288,,,excluded_impossible,hart 1's tile has no P-extension (PynqZ2Configs.scala:220 WithPExtOnTiles(0) names hart 0 only); this kernel's body is custom-0 throughout and holds no hart-1-executable alternative -- it would take an illegal instruction
463,moonshine$dispatch_463_linear_s8,,,1.262065283,ms,1262065.282,0,,board_measured_b1_scaled_by_measured_region_factor_0.5883,linear_s8,M=1;K=288;N=1152,50483,roccmoon_engine[curated],measured,
464,moonshine$dispatch_464_silu_s8,,,1000000000,us,1000000000000,0,,excluded_impossible,silu_s8,n=1152,,,excluded_impossible,hart 1's tile has no P-extension (PynqZ2Configs.scala:220 WithPExtOnTiles(0) names hart 0 only); this kernel's body is custom-0 throughout and holds no hart-1-executable alternative -- it would take an illegal instruction
465,moonshine$dispatch_465_linear_s8,,,1.280331998,ms,1280331.998,0,,board_measured_b1_scaled_by_measured_region_factor_0.5883,linear_s8,M=1;K=288;N=1152,51213,roccmoon_engine[curated],measured,
466,moonshine$dispatch_466_mul_s8,,,1000000000,us,1000000000000,0,,excluded_impossible,mul_s8,n=1152,,,excluded_impossible,hart 1's tile has no P-extension (PynqZ2Configs.scala:220 WithPExtOnTiles(0) names hart 0 only); this kernel's body is custom-0 throughout and holds no hart-1-executable alternative -- it would take an illegal instruction
467,moonshine$dispatch_467_linear_s8,,,1.280905590,ms,1280905.590,0,,board_measured_b1_scaled_by_measured_region_factor_0.5883,linear_s8,M=1;K=1152;N=288,51236,roccmoon_engine[curated],measured,
468,moonshine$dispatch_468_add_s8,,,1000000000,us,1000000000000,0,,excluded_impossible,add_s8,n=288,,,excluded_impossible,hart 1's tile has no P-extension (PynqZ2Configs.scala:220 WithPExtOnTiles(0) names hart 0 only); this kernel's body is custom-0 throughout and holds no hart-1-executable alternative -- it would take an illegal instruction
469,moonshine$dispatch_469_layernorm_s8,,,1000000000,us,1000000000000,0,,excluded_impossible,layernorm_s8,M=1;K=288,,,excluded_impossible,hart 1's tile has no P-extension (PynqZ2Configs.scala:220 WithPExtOnTiles(0) names hart 0 only); this kernel's body is custom-0 throughout and holds no hart-1-executable alternative -- it would take an illegal instruction
470,moonshine$dispatch_470_linear_s8,,,14.177574068,ms,14177574.068,0,,board_measured_b1_scaled_by_measured_region_factor_0.5883,linear_s8,M=1;K=288;N=16384,567103,roccmoon_engine[curated],measured,
471,moonshine$dispatch_471_linear_s8,,,14.141408325,ms,14141408.325,0,,board_measured_b1_scaled_by_measured_region_factor_0.5883,linear_s8,M=1;K=288;N=16384,565656,roccmoon_engine[curated],measured,
472,moonshine$dispatch_472_cat2_c1_s8,,,1000000000,us,1000000000000,0,,excluded_impossible,cat2_c1_s8,N=1;H=1;W=1;C_inputs=16384|16384;C_total=32768,,,excluded_impossible,hart 1's tile has no P-extension (PynqZ2Configs.scala:220 WithPExtOnTiles(0) names hart 0 only); this kernel's body is custom-0 throughout and holds no hart-1-executable alternative -- it would take an illegal instruction
473,moonshine$dispatch_473_layernorm_s8,,,1000000000,us,1000000000000,0,,excluded_impossible,layernorm_s8,M=1;K=288,,,excluded_impossible,hart 1's tile has no P-extension (PynqZ2Configs.scala:220 WithPExtOnTiles(0) names hart 0 only); this kernel's body is custom-0 throughout and holds no hart-1-executable alternative -- it would take an illegal instruction
474,moonshine$dispatch_474_linear_s8,,,0.567106493,ms,567106.493,0,,board_measured_b1_scaled_by_measured_region_factor_0.5883,linear_s8,M=1;K=288;N=288,22684,roccmoon_engine[curated],measured,
475,moonshine$dispatch_475_rope_s8,,,1000000000,us,1000000000000,0,,excluded_impossible,rope_s8,T=1;H=8;D=36;R=32,,,excluded_impossible,hart 1's tile has no P-extension (PynqZ2Configs.scala:220 WithPExtOnTiles(0) names hart 0 only); this kernel's body is custom-0 throughout and holds no hart-1-executable alternative -- it would take an illegal instruction
476,moonshine$dispatch_476_linear_s8,,,0.530499525,ms,530499.525,0,,board_measured_b1_scaled_by_measured_region_factor_0.5883,linear_s8,M=1;K=288;N=288,21220,roccmoon_engine[curated],measured,
477,moonshine$dispatch_477_rope_s8,,,1000000000,us,1000000000000,0,,excluded_impossible,rope_s8,T=1;H=8;D=36;R=32,,,excluded_impossible,hart 1's tile has no P-extension (PynqZ2Configs.scala:220 WithPExtOnTiles(0) names hart 0 only); this kernel's body is custom-0 throughout and holds no hart-1-executable alternative -- it would take an illegal instruction
478,moonshine$dispatch_478_linear_s8,,,0.517909905,ms,517909.905,0,,board_measured_b1_scaled_by_measured_region_factor_0.5883,linear_s8,M=1;K=288;N=288,20716,roccmoon_engine[curated],measured,
479,moonshine$dispatch_479_cat2_c1_s8,,,1000000000,us,1000000000000,0,,excluded_impossible,cat2_c1_s8,N=1;H=288;W=1;C_inputs=2|1;C_total=3,,,excluded_impossible,hart 1's tile has no P-extension (PynqZ2Configs.scala:220 WithPExtOnTiles(0) names hart 0 only); this kernel's body is custom-0 throughout and holds no hart-1-executable alternative -- it would take an illegal instruction
480,moonshine$dispatch_480_cat2_c1_s8,,,1000000000,us,1000000000000,0,,excluded_impossible,cat2_c1_s8,N=1;H=288;W=1;C_inputs=2|1;C_total=3,,,excluded_impossible,hart 1's tile has no P-extension (PynqZ2Configs.scala:220 WithPExtOnTiles(0) names hart 0 only); this kernel's body is custom-0 throughout and holds no hart-1-executable alternative -- it would take an illegal instruction
481,moonshine$dispatch_481_permute4_s8,,,1000000000,us,1000000000000,0,,excluded_impossible,permute4_s8,d0=1;d1=3;d2=8;d3=36;p0=0;p1=2;p2=1;p3=3,,,excluded_impossible,hart 1's tile has no P-extension (PynqZ2Configs.scala:220 WithPExtOnTiles(0) names hart 0 only); this kernel's body is custom-0 throughout and holds no hart-1-executable alternative -- it would take an illegal instruction
482,moonshine$dispatch_482_permute4_s8,,,1000000000,us,1000000000000,0,,excluded_impossible,permute4_s8,d0=1;d1=3;d2=8;d3=36;p0=0;p1=2;p2=1;p3=3,,,excluded_impossible,hart 1's tile has no P-extension (PynqZ2Configs.scala:220 WithPExtOnTiles(0) names hart 0 only); this kernel's body is custom-0 throughout and holds no hart-1-executable alternative -- it would take an illegal instruction
483,moonshine$dispatch_483_matmul_b_s8,,,1000000000,us,1000000000000,0,,excluded_impossible,matmul_b_s8,B=8;M=1;K=36;N=3;transpose_b=1,,,excluded_impossible,hart 1's tile has no P-extension (PynqZ2Configs.scala:220 WithPExtOnTiles(0) names hart 0 only); this kernel's body is custom-0 throughout and holds no hart-1-executable alternative -- it would take an illegal instruction
484,moonshine$dispatch_484_softmax_s8,,,1000000000,us,1000000000000,0,,excluded_impossible,softmax_s8,M=8;K=3,,,excluded_impossible,hart 1's tile has no P-extension (PynqZ2Configs.scala:220 WithPExtOnTiles(0) names hart 0 only); this kernel's body is custom-0 throughout and holds no hart-1-executable alternative -- it would take an illegal instruction
485,moonshine$dispatch_485_matmul_b_s8,,,1000000000,us,1000000000000,0,,excluded_impossible,matmul_b_s8,B=8;M=1;K=3;N=36;transpose_b=0,,,excluded_impossible,hart 1's tile has no P-extension (PynqZ2Configs.scala:220 WithPExtOnTiles(0) names hart 0 only); this kernel's body is custom-0 throughout and holds no hart-1-executable alternative -- it would take an illegal instruction
486,moonshine$dispatch_486_linear_s8,,,0.539029875,ms,539029.875,0,,board_measured_b1_scaled_by_measured_region_factor_0.5883,linear_s8,M=1;K=288;N=288,21561,roccmoon_engine[curated],measured,
487,moonshine$dispatch_487_add_s8,,,1000000000,us,1000000000000,0,,excluded_impossible,add_s8,n=288,,,excluded_impossible,hart 1's tile has no P-extension (PynqZ2Configs.scala:220 WithPExtOnTiles(0) names hart 0 only); this kernel's body is custom-0 throughout and holds no hart-1-executable alternative -- it would take an illegal instruction
488,moonshine$dispatch_488_layernorm_s8,,,1000000000,us,1000000000000,0,,excluded_impossible,layernorm_s8,M=1;K=288,,,excluded_impossible,hart 1's tile has no P-extension (PynqZ2Configs.scala:220 WithPExtOnTiles(0) names hart 0 only); this kernel's body is custom-0 throughout and holds no hart-1-executable alternative -- it would take an illegal instruction
489,moonshine$dispatch_489_linear_s8,,,0.525087165,ms,525087.165,0,,board_measured_b1_scaled_by_measured_region_factor_0.5883,linear_s8,M=1;K=288;N=288,21003,roccmoon_engine[curated],measured,
490,moonshine$dispatch_490_matmul_b_s8,,,1000000000,us,1000000000000,0,,excluded_impossible,matmul_b_s8,B=8;M=1;K=36;N=165;transpose_b=1,,,excluded_impossible,hart 1's tile has no P-extension (PynqZ2Configs.scala:220 WithPExtOnTiles(0) names hart 0 only); this kernel's body is custom-0 throughout and holds no hart-1-executable alternative -- it would take an illegal instruction
491,moonshine$dispatch_491_softmax_s8,,,1000000000,us,1000000000000,0,,excluded_impossible,softmax_s8,M=8;K=165,,,excluded_impossible,hart 1's tile has no P-extension (PynqZ2Configs.scala:220 WithPExtOnTiles(0) names hart 0 only); this kernel's body is custom-0 throughout and holds no hart-1-executable alternative -- it would take an illegal instruction
492,moonshine$dispatch_492_matmul_b_s8,,,1000000000,us,1000000000000,0,,excluded_impossible,matmul_b_s8,B=8;M=1;K=165;N=36;transpose_b=1,,,excluded_impossible,hart 1's tile has no P-extension (PynqZ2Configs.scala:220 WithPExtOnTiles(0) names hart 0 only); this kernel's body is custom-0 throughout and holds no hart-1-executable alternative -- it would take an illegal instruction
493,moonshine$dispatch_493_linear_s8,,,0.557002440,ms,557002.440,0,,board_measured_b1_scaled_by_measured_region_factor_0.5883,linear_s8,M=1;K=288;N=288,22280,roccmoon_engine[curated],measured,
494,moonshine$dispatch_494_add_s8,,,1000000000,us,1000000000000,0,,excluded_impossible,add_s8,n=288,,,excluded_impossible,hart 1's tile has no P-extension (PynqZ2Configs.scala:220 WithPExtOnTiles(0) names hart 0 only); this kernel's body is custom-0 throughout and holds no hart-1-executable alternative -- it would take an illegal instruction
495,moonshine$dispatch_495_layernorm_s8,,,1000000000,us,1000000000000,0,,excluded_impossible,layernorm_s8,M=1;K=288,,,excluded_impossible,hart 1's tile has no P-extension (PynqZ2Configs.scala:220 WithPExtOnTiles(0) names hart 0 only); this kernel's body is custom-0 throughout and holds no hart-1-executable alternative -- it would take an illegal instruction
496,moonshine$dispatch_496_linear_s8,,,1.241121802,ms,1241121.802,0,,board_measured_b1_scaled_by_measured_region_factor_0.5883,linear_s8,M=1;K=288;N=1152,49645,roccmoon_engine[curated],measured,
497,moonshine$dispatch_497_silu_s8,,,1000000000,us,1000000000000,0,,excluded_impossible,silu_s8,n=1152,,,excluded_impossible,hart 1's tile has no P-extension (PynqZ2Configs.scala:220 WithPExtOnTiles(0) names hart 0 only); this kernel's body is custom-0 throughout and holds no hart-1-executable alternative -- it would take an illegal instruction
498,moonshine$dispatch_498_linear_s8,,,1.238959800,ms,1238959.800,0,,board_measured_b1_scaled_by_measured_region_factor_0.5883,linear_s8,M=1;K=288;N=1152,49558,roccmoon_engine[curated],measured,
499,moonshine$dispatch_499_mul_s8,,,1000000000,us,1000000000000,0,,excluded_impossible,mul_s8,n=1152,,,excluded_impossible,hart 1's tile has no P-extension (PynqZ2Configs.scala:220 WithPExtOnTiles(0) names hart 0 only); this kernel's body is custom-0 throughout and holds no hart-1-executable alternative -- it would take an illegal instruction
500,moonshine$dispatch_500_linear_s8,,,1.242092498,ms,1242092.498,0,,board_measured_b1_scaled_by_measured_region_factor_0.5883,linear_s8,M=1;K=1152;N=288,49684,roccmoon_engine[curated],measured,
501,moonshine$dispatch_501_add_s8,,,1000000000,us,1000000000000,0,,excluded_impossible,add_s8,n=288,,,excluded_impossible,hart 1's tile has no P-extension (PynqZ2Configs.scala:220 WithPExtOnTiles(0) names hart 0 only); this kernel's body is custom-0 throughout and holds no hart-1-executable alternative -- it would take an illegal instruction
502,moonshine$dispatch_502_layernorm_s8,,,1000000000,us,1000000000000,0,,excluded_impossible,layernorm_s8,M=1;K=288,,,excluded_impossible,hart 1's tile has no P-extension (PynqZ2Configs.scala:220 WithPExtOnTiles(0) names hart 0 only); this kernel's body is custom-0 throughout and holds no hart-1-executable alternative -- it would take an illegal instruction
503,moonshine$dispatch_503_linear_s8,,,0.526484377,ms,526484.377,0,,board_measured_b1_scaled_by_measured_region_factor_0.5883,linear_s8,M=1;K=288;N=288,21059,roccmoon_engine[curated],measured,
504,moonshine$dispatch_504_rope_s8,,,1000000000,us,1000000000000,0,,excluded_impossible,rope_s8,T=1;H=8;D=36;R=32,,,excluded_impossible,hart 1's tile has no P-extension (PynqZ2Configs.scala:220 WithPExtOnTiles(0) names hart 0 only); this kernel's body is custom-0 throughout and holds no hart-1-executable alternative -- it would take an illegal instruction
505,moonshine$dispatch_505_linear_s8,,,0.526469670,ms,526469.670,0,,board_measured_b1_scaled_by_measured_region_factor_0.5883,linear_s8,M=1;K=288;N=288,21059,roccmoon_engine[curated],measured,
506,moonshine$dispatch_506_rope_s8,,,1000000000,us,1000000000000,0,,excluded_impossible,rope_s8,T=1;H=8;D=36;R=32,,,excluded_impossible,hart 1's tile has no P-extension (PynqZ2Configs.scala:220 WithPExtOnTiles(0) names hart 0 only); this kernel's body is custom-0 throughout and holds no hart-1-executable alternative -- it would take an illegal instruction
507,moonshine$dispatch_507_linear_s8,,,0.524131178,ms,524131.178,0,,board_measured_b1_scaled_by_measured_region_factor_0.5883,linear_s8,M=1;K=288;N=288,20965,roccmoon_engine[curated],measured,
508,moonshine$dispatch_508_cat2_c1_s8,,,1000000000,us,1000000000000,0,,excluded_impossible,cat2_c1_s8,N=1;H=288;W=1;C_inputs=2|1;C_total=3,,,excluded_impossible,hart 1's tile has no P-extension (PynqZ2Configs.scala:220 WithPExtOnTiles(0) names hart 0 only); this kernel's body is custom-0 throughout and holds no hart-1-executable alternative -- it would take an illegal instruction
509,moonshine$dispatch_509_cat2_c1_s8,,,1000000000,us,1000000000000,0,,excluded_impossible,cat2_c1_s8,N=1;H=288;W=1;C_inputs=2|1;C_total=3,,,excluded_impossible,hart 1's tile has no P-extension (PynqZ2Configs.scala:220 WithPExtOnTiles(0) names hart 0 only); this kernel's body is custom-0 throughout and holds no hart-1-executable alternative -- it would take an illegal instruction
510,moonshine$dispatch_510_permute4_s8,,,1000000000,us,1000000000000,0,,excluded_impossible,permute4_s8,d0=1;d1=3;d2=8;d3=36;p0=0;p1=2;p2=1;p3=3,,,excluded_impossible,hart 1's tile has no P-extension (PynqZ2Configs.scala:220 WithPExtOnTiles(0) names hart 0 only); this kernel's body is custom-0 throughout and holds no hart-1-executable alternative -- it would take an illegal instruction
511,moonshine$dispatch_511_permute4_s8,,,1000000000,us,1000000000000,0,,excluded_impossible,permute4_s8,d0=1;d1=3;d2=8;d3=36;p0=0;p1=2;p2=1;p3=3,,,excluded_impossible,hart 1's tile has no P-extension (PynqZ2Configs.scala:220 WithPExtOnTiles(0) names hart 0 only); this kernel's body is custom-0 throughout and holds no hart-1-executable alternative -- it would take an illegal instruction
512,moonshine$dispatch_512_matmul_b_s8,,,1000000000,us,1000000000000,0,,excluded_impossible,matmul_b_s8,B=8;M=1;K=36;N=3;transpose_b=1,,,excluded_impossible,hart 1's tile has no P-extension (PynqZ2Configs.scala:220 WithPExtOnTiles(0) names hart 0 only); this kernel's body is custom-0 throughout and holds no hart-1-executable alternative -- it would take an illegal instruction
513,moonshine$dispatch_513_softmax_s8,,,1000000000,us,1000000000000,0,,excluded_impossible,softmax_s8,M=8;K=3,,,excluded_impossible,hart 1's tile has no P-extension (PynqZ2Configs.scala:220 WithPExtOnTiles(0) names hart 0 only); this kernel's body is custom-0 throughout and holds no hart-1-executable alternative -- it would take an illegal instruction
514,moonshine$dispatch_514_matmul_b_s8,,,1000000000,us,1000000000000,0,,excluded_impossible,matmul_b_s8,B=8;M=1;K=3;N=36;transpose_b=0,,,excluded_impossible,hart 1's tile has no P-extension (PynqZ2Configs.scala:220 WithPExtOnTiles(0) names hart 0 only); this kernel's body is custom-0 throughout and holds no hart-1-executable alternative -- it would take an illegal instruction
515,moonshine$dispatch_515_linear_s8,,,0.545398223,ms,545398.223,0,,board_measured_b1_scaled_by_measured_region_factor_0.5883,linear_s8,M=1;K=288;N=288,21816,roccmoon_engine[curated],measured,
516,moonshine$dispatch_516_add_s8,,,1000000000,us,1000000000000,0,,excluded_impossible,add_s8,n=288,,,excluded_impossible,hart 1's tile has no P-extension (PynqZ2Configs.scala:220 WithPExtOnTiles(0) names hart 0 only); this kernel's body is custom-0 throughout and holds no hart-1-executable alternative -- it would take an illegal instruction
517,moonshine$dispatch_517_layernorm_s8,,,1000000000,us,1000000000000,0,,excluded_impossible,layernorm_s8,M=1;K=288,,,excluded_impossible,hart 1's tile has no P-extension (PynqZ2Configs.scala:220 WithPExtOnTiles(0) names hart 0 only); this kernel's body is custom-0 throughout and holds no hart-1-executable alternative -- it would take an illegal instruction
518,moonshine$dispatch_518_linear_s8,,,0.531808493,ms,531808.493,0,,board_measured_b1_scaled_by_measured_region_factor_0.5883,linear_s8,M=1;K=288;N=288,21272,roccmoon_engine[curated],measured,
519,moonshine$dispatch_519_matmul_b_s8,,,1000000000,us,1000000000000,0,,excluded_impossible,matmul_b_s8,B=8;M=1;K=36;N=165;transpose_b=1,,,excluded_impossible,hart 1's tile has no P-extension (PynqZ2Configs.scala:220 WithPExtOnTiles(0) names hart 0 only); this kernel's body is custom-0 throughout and holds no hart-1-executable alternative -- it would take an illegal instruction
520,moonshine$dispatch_520_softmax_s8,,,1000000000,us,1000000000000,0,,excluded_impossible,softmax_s8,M=8;K=165,,,excluded_impossible,hart 1's tile has no P-extension (PynqZ2Configs.scala:220 WithPExtOnTiles(0) names hart 0 only); this kernel's body is custom-0 throughout and holds no hart-1-executable alternative -- it would take an illegal instruction
521,moonshine$dispatch_521_matmul_b_s8,,,1000000000,us,1000000000000,0,,excluded_impossible,matmul_b_s8,B=8;M=1;K=165;N=36;transpose_b=1,,,excluded_impossible,hart 1's tile has no P-extension (PynqZ2Configs.scala:220 WithPExtOnTiles(0) names hart 0 only); this kernel's body is custom-0 throughout and holds no hart-1-executable alternative -- it would take an illegal instruction
522,moonshine$dispatch_522_linear_s8,,,0.565885770,ms,565885.770,0,,board_measured_b1_scaled_by_measured_region_factor_0.5883,linear_s8,M=1;K=288;N=288,22635,roccmoon_engine[curated],measured,
523,moonshine$dispatch_523_add_s8,,,1000000000,us,1000000000000,0,,excluded_impossible,add_s8,n=288,,,excluded_impossible,hart 1's tile has no P-extension (PynqZ2Configs.scala:220 WithPExtOnTiles(0) names hart 0 only); this kernel's body is custom-0 throughout and holds no hart-1-executable alternative -- it would take an illegal instruction
524,moonshine$dispatch_524_layernorm_s8,,,1000000000,us,1000000000000,0,,excluded_impossible,layernorm_s8,M=1;K=288,,,excluded_impossible,hart 1's tile has no P-extension (PynqZ2Configs.scala:220 WithPExtOnTiles(0) names hart 0 only); this kernel's body is custom-0 throughout and holds no hart-1-executable alternative -- it would take an illegal instruction
525,moonshine$dispatch_525_linear_s8,,,1.238886263,ms,1238886.263,0,,board_measured_b1_scaled_by_measured_region_factor_0.5883,linear_s8,M=1;K=288;N=1152,49555,roccmoon_engine[curated],measured,
526,moonshine$dispatch_526_silu_s8,,,1000000000,us,1000000000000,0,,excluded_impossible,silu_s8,n=1152,,,excluded_impossible,hart 1's tile has no P-extension (PynqZ2Configs.scala:220 WithPExtOnTiles(0) names hart 0 only); this kernel's body is custom-0 throughout and holds no hart-1-executable alternative -- it would take an illegal instruction
527,moonshine$dispatch_527_linear_s8,,,1.236841920,ms,1236841.920,0,,board_measured_b1_scaled_by_measured_region_factor_0.5883,linear_s8,M=1;K=288;N=1152,49474,roccmoon_engine[curated],measured,
528,moonshine$dispatch_528_mul_s8,,,1000000000,us,1000000000000,0,,excluded_impossible,mul_s8,n=1152,,,excluded_impossible,hart 1's tile has no P-extension (PynqZ2Configs.scala:220 WithPExtOnTiles(0) names hart 0 only); this kernel's body is custom-0 throughout and holds no hart-1-executable alternative -- it would take an illegal instruction
529,moonshine$dispatch_529_linear_s8,,,1.248004913,ms,1248004.913,0,,board_measured_b1_scaled_by_measured_region_factor_0.5883,linear_s8,M=1;K=1152;N=288,49920,roccmoon_engine[curated],measured,
530,moonshine$dispatch_530_add_s8,,,1000000000,us,1000000000000,0,,excluded_impossible,add_s8,n=288,,,excluded_impossible,hart 1's tile has no P-extension (PynqZ2Configs.scala:220 WithPExtOnTiles(0) names hart 0 only); this kernel's body is custom-0 throughout and holds no hart-1-executable alternative -- it would take an illegal instruction
531,moonshine$dispatch_531_layernorm_s8,,,1000000000,us,1000000000000,0,,excluded_impossible,layernorm_s8,M=1;K=288,,,excluded_impossible,hart 1's tile has no P-extension (PynqZ2Configs.scala:220 WithPExtOnTiles(0) names hart 0 only); this kernel's body is custom-0 throughout and holds no hart-1-executable alternative -- it would take an illegal instruction
532,moonshine$dispatch_532_linear_s8,,,0.530440695,ms,530440.695,0,,board_measured_b1_scaled_by_measured_region_factor_0.5883,linear_s8,M=1;K=288;N=288,21218,roccmoon_engine[curated],measured,
533,moonshine$dispatch_533_rope_s8,,,1000000000,us,1000000000000,0,,excluded_impossible,rope_s8,T=1;H=8;D=36;R=32,,,excluded_impossible,hart 1's tile has no P-extension (PynqZ2Configs.scala:220 WithPExtOnTiles(0) names hart 0 only); this kernel's body is custom-0 throughout and holds no hart-1-executable alternative -- it would take an illegal instruction
534,moonshine$dispatch_534_linear_s8,,,0.535647150,ms,535647.150,0,,board_measured_b1_scaled_by_measured_region_factor_0.5883,linear_s8,M=1;K=288;N=288,21426,roccmoon_engine[curated],measured,
535,moonshine$dispatch_535_rope_s8,,,1000000000,us,1000000000000,0,,excluded_impossible,rope_s8,T=1;H=8;D=36;R=32,,,excluded_impossible,hart 1's tile has no P-extension (PynqZ2Configs.scala:220 WithPExtOnTiles(0) names hart 0 only); this kernel's body is custom-0 throughout and holds no hart-1-executable alternative -- it would take an illegal instruction
536,moonshine$dispatch_536_linear_s8,,,0.529778857,ms,529778.857,0,,board_measured_b1_scaled_by_measured_region_factor_0.5883,linear_s8,M=1;K=288;N=288,21191,roccmoon_engine[curated],measured,
537,moonshine$dispatch_537_cat2_c1_s8,,,1000000000,us,1000000000000,0,,excluded_impossible,cat2_c1_s8,N=1;H=288;W=1;C_inputs=2|1;C_total=3,,,excluded_impossible,hart 1's tile has no P-extension (PynqZ2Configs.scala:220 WithPExtOnTiles(0) names hart 0 only); this kernel's body is custom-0 throughout and holds no hart-1-executable alternative -- it would take an illegal instruction
538,moonshine$dispatch_538_cat2_c1_s8,,,1000000000,us,1000000000000,0,,excluded_impossible,cat2_c1_s8,N=1;H=288;W=1;C_inputs=2|1;C_total=3,,,excluded_impossible,hart 1's tile has no P-extension (PynqZ2Configs.scala:220 WithPExtOnTiles(0) names hart 0 only); this kernel's body is custom-0 throughout and holds no hart-1-executable alternative -- it would take an illegal instruction
539,moonshine$dispatch_539_permute4_s8,,,1000000000,us,1000000000000,0,,excluded_impossible,permute4_s8,d0=1;d1=3;d2=8;d3=36;p0=0;p1=2;p2=1;p3=3,,,excluded_impossible,hart 1's tile has no P-extension (PynqZ2Configs.scala:220 WithPExtOnTiles(0) names hart 0 only); this kernel's body is custom-0 throughout and holds no hart-1-executable alternative -- it would take an illegal instruction
540,moonshine$dispatch_540_permute4_s8,,,1000000000,us,1000000000000,0,,excluded_impossible,permute4_s8,d0=1;d1=3;d2=8;d3=36;p0=0;p1=2;p2=1;p3=3,,,excluded_impossible,hart 1's tile has no P-extension (PynqZ2Configs.scala:220 WithPExtOnTiles(0) names hart 0 only); this kernel's body is custom-0 throughout and holds no hart-1-executable alternative -- it would take an illegal instruction
541,moonshine$dispatch_541_matmul_b_s8,,,1000000000,us,1000000000000,0,,excluded_impossible,matmul_b_s8,B=8;M=1;K=36;N=3;transpose_b=1,,,excluded_impossible,hart 1's tile has no P-extension (PynqZ2Configs.scala:220 WithPExtOnTiles(0) names hart 0 only); this kernel's body is custom-0 throughout and holds no hart-1-executable alternative -- it would take an illegal instruction
542,moonshine$dispatch_542_softmax_s8,,,1000000000,us,1000000000000,0,,excluded_impossible,softmax_s8,M=8;K=3,,,excluded_impossible,hart 1's tile has no P-extension (PynqZ2Configs.scala:220 WithPExtOnTiles(0) names hart 0 only); this kernel's body is custom-0 throughout and holds no hart-1-executable alternative -- it would take an illegal instruction
543,moonshine$dispatch_543_matmul_b_s8,,,1000000000,us,1000000000000,0,,excluded_impossible,matmul_b_s8,B=8;M=1;K=3;N=36;transpose_b=0,,,excluded_impossible,hart 1's tile has no P-extension (PynqZ2Configs.scala:220 WithPExtOnTiles(0) names hart 0 only); this kernel's body is custom-0 throughout and holds no hart-1-executable alternative -- it would take an illegal instruction
544,moonshine$dispatch_544_linear_s8,,,0.554899267,ms,554899.267,0,,board_measured_b1_scaled_by_measured_region_factor_0.5883,linear_s8,M=1;K=288;N=288,22196,roccmoon_engine[curated],measured,
545,moonshine$dispatch_545_add_s8,,,1000000000,us,1000000000000,0,,excluded_impossible,add_s8,n=288,,,excluded_impossible,hart 1's tile has no P-extension (PynqZ2Configs.scala:220 WithPExtOnTiles(0) names hart 0 only); this kernel's body is custom-0 throughout and holds no hart-1-executable alternative -- it would take an illegal instruction
546,moonshine$dispatch_546_layernorm_s8,,,1000000000,us,1000000000000,0,,excluded_impossible,layernorm_s8,M=1;K=288,,,excluded_impossible,hart 1's tile has no P-extension (PynqZ2Configs.scala:220 WithPExtOnTiles(0) names hart 0 only); this kernel's body is custom-0 throughout and holds no hart-1-executable alternative -- it would take an illegal instruction
547,moonshine$dispatch_547_linear_s8,,,0.532411500,ms,532411.500,0,,board_measured_b1_scaled_by_measured_region_factor_0.5883,linear_s8,M=1;K=288;N=288,21296,roccmoon_engine[curated],measured,
548,moonshine$dispatch_548_matmul_b_s8,,,1000000000,us,1000000000000,0,,excluded_impossible,matmul_b_s8,B=8;M=1;K=36;N=165;transpose_b=1,,,excluded_impossible,hart 1's tile has no P-extension (PynqZ2Configs.scala:220 WithPExtOnTiles(0) names hart 0 only); this kernel's body is custom-0 throughout and holds no hart-1-executable alternative -- it would take an illegal instruction
549,moonshine$dispatch_549_softmax_s8,,,1000000000,us,1000000000000,0,,excluded_impossible,softmax_s8,M=8;K=165,,,excluded_impossible,hart 1's tile has no P-extension (PynqZ2Configs.scala:220 WithPExtOnTiles(0) names hart 0 only); this kernel's body is custom-0 throughout and holds no hart-1-executable alternative -- it would take an illegal instruction
550,moonshine$dispatch_550_matmul_b_s8,,,1000000000,us,1000000000000,0,,excluded_impossible,matmul_b_s8,B=8;M=1;K=165;N=36;transpose_b=1,,,excluded_impossible,hart 1's tile has no P-extension (PynqZ2Configs.scala:220 WithPExtOnTiles(0) names hart 0 only); this kernel's body is custom-0 throughout and holds no hart-1-executable alternative -- it would take an illegal instruction
551,moonshine$dispatch_551_linear_s8,,,0.564488557,ms,564488.557,0,,board_measured_b1_scaled_by_measured_region_factor_0.5883,linear_s8,M=1;K=288;N=288,22580,roccmoon_engine[curated],measured,
552,moonshine$dispatch_552_add_s8,,,1000000000,us,1000000000000,0,,excluded_impossible,add_s8,n=288,,,excluded_impossible,hart 1's tile has no P-extension (PynqZ2Configs.scala:220 WithPExtOnTiles(0) names hart 0 only); this kernel's body is custom-0 throughout and holds no hart-1-executable alternative -- it would take an illegal instruction
553,moonshine$dispatch_553_layernorm_s8,,,1000000000,us,1000000000000,0,,excluded_impossible,layernorm_s8,M=1;K=288,,,excluded_impossible,hart 1's tile has no P-extension (PynqZ2Configs.scala:220 WithPExtOnTiles(0) names hart 0 only); this kernel's body is custom-0 throughout and holds no hart-1-executable alternative -- it would take an illegal instruction
554,moonshine$dispatch_554_linear_s8,,,1.248710873,ms,1248710.873,0,,board_measured_b1_scaled_by_measured_region_factor_0.5883,linear_s8,M=1;K=288;N=1152,49948,roccmoon_engine[curated],measured,
555,moonshine$dispatch_555_silu_s8,,,1000000000,us,1000000000000,0,,excluded_impossible,silu_s8,n=1152,,,excluded_impossible,hart 1's tile has no P-extension (PynqZ2Configs.scala:220 WithPExtOnTiles(0) names hart 0 only); this kernel's body is custom-0 throughout and holds no hart-1-executable alternative -- it would take an illegal instruction
556,moonshine$dispatch_556_linear_s8,,,1.255549860,ms,1255549.860,0,,board_measured_b1_scaled_by_measured_region_factor_0.5883,linear_s8,M=1;K=288;N=1152,50222,roccmoon_engine[curated],measured,
557,moonshine$dispatch_557_mul_s8,,,1000000000,us,1000000000000,0,,excluded_impossible,mul_s8,n=1152,,,excluded_impossible,hart 1's tile has no P-extension (PynqZ2Configs.scala:220 WithPExtOnTiles(0) names hart 0 only); this kernel's body is custom-0 throughout and holds no hart-1-executable alternative -- it would take an illegal instruction
558,moonshine$dispatch_558_linear_s8,,,1.273801868,ms,1273801.868,0,,board_measured_b1_scaled_by_measured_region_factor_0.5883,linear_s8,M=1;K=1152;N=288,50952,roccmoon_engine[curated],measured,
559,moonshine$dispatch_559_add_s8,,,1000000000,us,1000000000000,0,,excluded_impossible,add_s8,n=288,,,excluded_impossible,hart 1's tile has no P-extension (PynqZ2Configs.scala:220 WithPExtOnTiles(0) names hart 0 only); this kernel's body is custom-0 throughout and holds no hart-1-executable alternative -- it would take an illegal instruction
560,moonshine$dispatch_560_layernorm_s8,,,1000000000,us,1000000000000,0,,excluded_impossible,layernorm_s8,M=1;K=288,,,excluded_impossible,hart 1's tile has no P-extension (PynqZ2Configs.scala:220 WithPExtOnTiles(0) names hart 0 only); this kernel's body is custom-0 throughout and holds no hart-1-executable alternative -- it would take an illegal instruction
561,moonshine$dispatch_561_linear_s8,,,0.537573833,ms,537573.833,0,,board_measured_b1_scaled_by_measured_region_factor_0.5883,linear_s8,M=1;K=288;N=288,21503,roccmoon_engine[curated],measured,
562,moonshine$dispatch_562_rope_s8,,,1000000000,us,1000000000000,0,,excluded_impossible,rope_s8,T=1;H=8;D=36;R=32,,,excluded_impossible,hart 1's tile has no P-extension (PynqZ2Configs.scala:220 WithPExtOnTiles(0) names hart 0 only); this kernel's body is custom-0 throughout and holds no hart-1-executable alternative -- it would take an illegal instruction
563,moonshine$dispatch_563_linear_s8,,,0.542912655,ms,542912.655,0,,board_measured_b1_scaled_by_measured_region_factor_0.5883,linear_s8,M=1;K=288;N=288,21717,roccmoon_engine[curated],measured,
564,moonshine$dispatch_564_rope_s8,,,1000000000,us,1000000000000,0,,excluded_impossible,rope_s8,T=1;H=8;D=36;R=32,,,excluded_impossible,hart 1's tile has no P-extension (PynqZ2Configs.scala:220 WithPExtOnTiles(0) names hart 0 only); this kernel's body is custom-0 throughout and holds no hart-1-executable alternative -- it would take an illegal instruction
565,moonshine$dispatch_565_linear_s8,,,0.535250048,ms,535250.048,0,,board_measured_b1_scaled_by_measured_region_factor_0.5883,linear_s8,M=1;K=288;N=288,21410,roccmoon_engine[curated],measured,
566,moonshine$dispatch_566_cat2_c1_s8,,,1000000000,us,1000000000000,0,,excluded_impossible,cat2_c1_s8,N=1;H=288;W=1;C_inputs=2|1;C_total=3,,,excluded_impossible,hart 1's tile has no P-extension (PynqZ2Configs.scala:220 WithPExtOnTiles(0) names hart 0 only); this kernel's body is custom-0 throughout and holds no hart-1-executable alternative -- it would take an illegal instruction
567,moonshine$dispatch_567_cat2_c1_s8,,,1000000000,us,1000000000000,0,,excluded_impossible,cat2_c1_s8,N=1;H=288;W=1;C_inputs=2|1;C_total=3,,,excluded_impossible,hart 1's tile has no P-extension (PynqZ2Configs.scala:220 WithPExtOnTiles(0) names hart 0 only); this kernel's body is custom-0 throughout and holds no hart-1-executable alternative -- it would take an illegal instruction
568,moonshine$dispatch_568_permute4_s8,,,1000000000,us,1000000000000,0,,excluded_impossible,permute4_s8,d0=1;d1=3;d2=8;d3=36;p0=0;p1=2;p2=1;p3=3,,,excluded_impossible,hart 1's tile has no P-extension (PynqZ2Configs.scala:220 WithPExtOnTiles(0) names hart 0 only); this kernel's body is custom-0 throughout and holds no hart-1-executable alternative -- it would take an illegal instruction
569,moonshine$dispatch_569_permute4_s8,,,1000000000,us,1000000000000,0,,excluded_impossible,permute4_s8,d0=1;d1=3;d2=8;d3=36;p0=0;p1=2;p2=1;p3=3,,,excluded_impossible,hart 1's tile has no P-extension (PynqZ2Configs.scala:220 WithPExtOnTiles(0) names hart 0 only); this kernel's body is custom-0 throughout and holds no hart-1-executable alternative -- it would take an illegal instruction
570,moonshine$dispatch_570_matmul_b_s8,,,1000000000,us,1000000000000,0,,excluded_impossible,matmul_b_s8,B=8;M=1;K=36;N=3;transpose_b=1,,,excluded_impossible,hart 1's tile has no P-extension (PynqZ2Configs.scala:220 WithPExtOnTiles(0) names hart 0 only); this kernel's body is custom-0 throughout and holds no hart-1-executable alternative -- it would take an illegal instruction
571,moonshine$dispatch_571_softmax_s8,,,1000000000,us,1000000000000,0,,excluded_impossible,softmax_s8,M=8;K=3,,,excluded_impossible,hart 1's tile has no P-extension (PynqZ2Configs.scala:220 WithPExtOnTiles(0) names hart 0 only); this kernel's body is custom-0 throughout and holds no hart-1-executable alternative -- it would take an illegal instruction
572,moonshine$dispatch_572_matmul_b_s8,,,1000000000,us,1000000000000,0,,excluded_impossible,matmul_b_s8,B=8;M=1;K=3;N=36;transpose_b=0,,,excluded_impossible,hart 1's tile has no P-extension (PynqZ2Configs.scala:220 WithPExtOnTiles(0) names hart 0 only); this kernel's body is custom-0 throughout and holds no hart-1-executable alternative -- it would take an illegal instruction
573,moonshine$dispatch_573_linear_s8,,,0.560723438,ms,560723.438,0,,board_measured_b1_scaled_by_measured_region_factor_0.5883,linear_s8,M=1;K=288;N=288,22429,roccmoon_engine[curated],measured,
574,moonshine$dispatch_574_add_s8,,,1000000000,us,1000000000000,0,,excluded_impossible,add_s8,n=288,,,excluded_impossible,hart 1's tile has no P-extension (PynqZ2Configs.scala:220 WithPExtOnTiles(0) names hart 0 only); this kernel's body is custom-0 throughout and holds no hart-1-executable alternative -- it would take an illegal instruction
575,moonshine$dispatch_575_layernorm_s8,,,1000000000,us,1000000000000,0,,excluded_impossible,layernorm_s8,M=1;K=288,,,excluded_impossible,hart 1's tile has no P-extension (PynqZ2Configs.scala:220 WithPExtOnTiles(0) names hart 0 only); this kernel's body is custom-0 throughout and holds no hart-1-executable alternative -- it would take an illegal instruction
576,moonshine$dispatch_576_linear_s8,,,0.543074438,ms,543074.438,0,,board_measured_b1_scaled_by_measured_region_factor_0.5883,linear_s8,M=1;K=288;N=288,21723,roccmoon_engine[curated],measured,
577,moonshine$dispatch_577_matmul_b_s8,,,1000000000,us,1000000000000,0,,excluded_impossible,matmul_b_s8,B=8;M=1;K=36;N=165;transpose_b=1,,,excluded_impossible,hart 1's tile has no P-extension (PynqZ2Configs.scala:220 WithPExtOnTiles(0) names hart 0 only); this kernel's body is custom-0 throughout and holds no hart-1-executable alternative -- it would take an illegal instruction
578,moonshine$dispatch_578_softmax_s8,,,1000000000,us,1000000000000,0,,excluded_impossible,softmax_s8,M=8;K=165,,,excluded_impossible,hart 1's tile has no P-extension (PynqZ2Configs.scala:220 WithPExtOnTiles(0) names hart 0 only); this kernel's body is custom-0 throughout and holds no hart-1-executable alternative -- it would take an illegal instruction
579,moonshine$dispatch_579_matmul_b_s8,,,1000000000,us,1000000000000,0,,excluded_impossible,matmul_b_s8,B=8;M=1;K=165;N=36;transpose_b=1,,,excluded_impossible,hart 1's tile has no P-extension (PynqZ2Configs.scala:220 WithPExtOnTiles(0) names hart 0 only); this kernel's body is custom-0 throughout and holds no hart-1-executable alternative -- it would take an illegal instruction
580,moonshine$dispatch_580_linear_s8,,,0.575254447,ms,575254.448,0,,board_measured_b1_scaled_by_measured_region_factor_0.5883,linear_s8,M=1;K=288;N=288,23010,roccmoon_engine[curated],measured,
581,moonshine$dispatch_581_add_s8,,,1000000000,us,1000000000000,0,,excluded_impossible,add_s8,n=288,,,excluded_impossible,hart 1's tile has no P-extension (PynqZ2Configs.scala:220 WithPExtOnTiles(0) names hart 0 only); this kernel's body is custom-0 throughout and holds no hart-1-executable alternative -- it would take an illegal instruction
582,moonshine$dispatch_582_layernorm_s8,,,1000000000,us,1000000000000,0,,excluded_impossible,layernorm_s8,M=1;K=288,,,excluded_impossible,hart 1's tile has no P-extension (PynqZ2Configs.scala:220 WithPExtOnTiles(0) names hart 0 only); this kernel's body is custom-0 throughout and holds no hart-1-executable alternative -- it would take an illegal instruction
583,moonshine$dispatch_583_linear_s8,,,1.253314320,ms,1253314.320,0,,board_measured_b1_scaled_by_measured_region_factor_0.5883,linear_s8,M=1;K=288;N=1152,50133,roccmoon_engine[curated],measured,
584,moonshine$dispatch_584_silu_s8,,,1000000000,us,1000000000000,0,,excluded_impossible,silu_s8,n=1152,,,excluded_impossible,hart 1's tile has no P-extension (PynqZ2Configs.scala:220 WithPExtOnTiles(0) names hart 0 only); this kernel's body is custom-0 throughout and holds no hart-1-executable alternative -- it would take an illegal instruction
585,moonshine$dispatch_585_linear_s8,,,1.254461505,ms,1254461.505,0,,board_measured_b1_scaled_by_measured_region_factor_0.5883,linear_s8,M=1;K=288;N=1152,50178,roccmoon_engine[curated],measured,
586,moonshine$dispatch_586_mul_s8,,,1000000000,us,1000000000000,0,,excluded_impossible,mul_s8,n=1152,,,excluded_impossible,hart 1's tile has no P-extension (PynqZ2Configs.scala:220 WithPExtOnTiles(0) names hart 0 only); this kernel's body is custom-0 throughout and holds no hart-1-executable alternative -- it would take an illegal instruction
587,moonshine$dispatch_587_linear_s8,,,1.258226625,ms,1258226.625,0,,board_measured_b1_scaled_by_measured_region_factor_0.5883,linear_s8,M=1;K=1152;N=288,50329,roccmoon_engine[curated],measured,
588,moonshine$dispatch_588_add_s8,,,1000000000,us,1000000000000,0,,excluded_impossible,add_s8,n=288,,,excluded_impossible,hart 1's tile has no P-extension (PynqZ2Configs.scala:220 WithPExtOnTiles(0) names hart 0 only); this kernel's body is custom-0 throughout and holds no hart-1-executable alternative -- it would take an illegal instruction
589,moonshine$dispatch_589_layernorm_s8,,,1000000000,us,1000000000000,0,,excluded_impossible,layernorm_s8,M=1;K=288,,,excluded_impossible,hart 1's tile has no P-extension (PynqZ2Configs.scala:220 WithPExtOnTiles(0) names hart 0 only); this kernel's body is custom-0 throughout and holds no hart-1-executable alternative -- it would take an illegal instruction
590,moonshine$dispatch_590_linear_s8,,,0.546824850,ms,546824.850,0,,board_measured_b1_scaled_by_measured_region_factor_0.5883,linear_s8,M=1;K=288;N=288,21873,roccmoon_engine[curated],measured,
591,moonshine$dispatch_591_rope_s8,,,1000000000,us,1000000000000,0,,excluded_impossible,rope_s8,T=1;H=8;D=36;R=32,,,excluded_impossible,hart 1's tile has no P-extension (PynqZ2Configs.scala:220 WithPExtOnTiles(0) names hart 0 only); this kernel's body is custom-0 throughout and holds no hart-1-executable alternative -- it would take an illegal instruction
592,moonshine$dispatch_592_linear_s8,,,0.540927143,ms,540927.143,0,,board_measured_b1_scaled_by_measured_region_factor_0.5883,linear_s8,M=1;K=288;N=288,21637,roccmoon_engine[curated],measured,
593,moonshine$dispatch_593_rope_s8,,,1000000000,us,1000000000000,0,,excluded_impossible,rope_s8,T=1;H=8;D=36;R=32,,,excluded_impossible,hart 1's tile has no P-extension (PynqZ2Configs.scala:220 WithPExtOnTiles(0) names hart 0 only); this kernel's body is custom-0 throughout and holds no hart-1-executable alternative -- it would take an illegal instruction
594,moonshine$dispatch_594_linear_s8,,,0.544074548,ms,544074.548,0,,board_measured_b1_scaled_by_measured_region_factor_0.5883,linear_s8,M=1;K=288;N=288,21763,roccmoon_engine[curated],measured,
595,moonshine$dispatch_595_cat2_c1_s8,,,1000000000,us,1000000000000,0,,excluded_impossible,cat2_c1_s8,N=1;H=288;W=1;C_inputs=2|1;C_total=3,,,excluded_impossible,hart 1's tile has no P-extension (PynqZ2Configs.scala:220 WithPExtOnTiles(0) names hart 0 only); this kernel's body is custom-0 throughout and holds no hart-1-executable alternative -- it would take an illegal instruction
596,moonshine$dispatch_596_cat2_c1_s8,,,1000000000,us,1000000000000,0,,excluded_impossible,cat2_c1_s8,N=1;H=288;W=1;C_inputs=2|1;C_total=3,,,excluded_impossible,hart 1's tile has no P-extension (PynqZ2Configs.scala:220 WithPExtOnTiles(0) names hart 0 only); this kernel's body is custom-0 throughout and holds no hart-1-executable alternative -- it would take an illegal instruction
597,moonshine$dispatch_597_permute4_s8,,,1000000000,us,1000000000000,0,,excluded_impossible,permute4_s8,d0=1;d1=3;d2=8;d3=36;p0=0;p1=2;p2=1;p3=3,,,excluded_impossible,hart 1's tile has no P-extension (PynqZ2Configs.scala:220 WithPExtOnTiles(0) names hart 0 only); this kernel's body is custom-0 throughout and holds no hart-1-executable alternative -- it would take an illegal instruction
598,moonshine$dispatch_598_permute4_s8,,,1000000000,us,1000000000000,0,,excluded_impossible,permute4_s8,d0=1;d1=3;d2=8;d3=36;p0=0;p1=2;p2=1;p3=3,,,excluded_impossible,hart 1's tile has no P-extension (PynqZ2Configs.scala:220 WithPExtOnTiles(0) names hart 0 only); this kernel's body is custom-0 throughout and holds no hart-1-executable alternative -- it would take an illegal instruction
599,moonshine$dispatch_599_matmul_b_s8,,,1000000000,us,1000000000000,0,,excluded_impossible,matmul_b_s8,B=8;M=1;K=36;N=3;transpose_b=1,,,excluded_impossible,hart 1's tile has no P-extension (PynqZ2Configs.scala:220 WithPExtOnTiles(0) names hart 0 only); this kernel's body is custom-0 throughout and holds no hart-1-executable alternative -- it would take an illegal instruction
600,moonshine$dispatch_600_softmax_s8,,,1000000000,us,1000000000000,0,,excluded_impossible,softmax_s8,M=8;K=3,,,excluded_impossible,hart 1's tile has no P-extension (PynqZ2Configs.scala:220 WithPExtOnTiles(0) names hart 0 only); this kernel's body is custom-0 throughout and holds no hart-1-executable alternative -- it would take an illegal instruction
601,moonshine$dispatch_601_matmul_b_s8,,,1000000000,us,1000000000000,0,,excluded_impossible,matmul_b_s8,B=8;M=1;K=3;N=36;transpose_b=0,,,excluded_impossible,hart 1's tile has no P-extension (PynqZ2Configs.scala:220 WithPExtOnTiles(0) names hart 0 only); this kernel's body is custom-0 throughout and holds no hart-1-executable alternative -- it would take an illegal instruction
602,moonshine$dispatch_602_linear_s8,,,0.559532130,ms,559532.130,0,,board_measured_b1_scaled_by_measured_region_factor_0.5883,linear_s8,M=1;K=288;N=288,22381,roccmoon_engine[curated],measured,
603,moonshine$dispatch_603_add_s8,,,1000000000,us,1000000000000,0,,excluded_impossible,add_s8,n=288,,,excluded_impossible,hart 1's tile has no P-extension (PynqZ2Configs.scala:220 WithPExtOnTiles(0) names hart 0 only); this kernel's body is custom-0 throughout and holds no hart-1-executable alternative -- it would take an illegal instruction
604,moonshine$dispatch_604_layernorm_s8,,,1000000000,us,1000000000000,0,,excluded_impossible,layernorm_s8,M=1;K=288,,,excluded_impossible,hart 1's tile has no P-extension (PynqZ2Configs.scala:220 WithPExtOnTiles(0) names hart 0 only); this kernel's body is custom-0 throughout and holds no hart-1-executable alternative -- it would take an illegal instruction
605,moonshine$dispatch_605_linear_s8,,,0.545309978,ms,545309.978,0,,board_measured_b1_scaled_by_measured_region_factor_0.5883,linear_s8,M=1;K=288;N=288,21812,roccmoon_engine[curated],measured,
606,moonshine$dispatch_606_matmul_b_s8,,,1000000000,us,1000000000000,0,,excluded_impossible,matmul_b_s8,B=8;M=1;K=36;N=165;transpose_b=1,,,excluded_impossible,hart 1's tile has no P-extension (PynqZ2Configs.scala:220 WithPExtOnTiles(0) names hart 0 only); this kernel's body is custom-0 throughout and holds no hart-1-executable alternative -- it would take an illegal instruction
607,moonshine$dispatch_607_softmax_s8,,,1000000000,us,1000000000000,0,,excluded_impossible,softmax_s8,M=8;K=165,,,excluded_impossible,hart 1's tile has no P-extension (PynqZ2Configs.scala:220 WithPExtOnTiles(0) names hart 0 only); this kernel's body is custom-0 throughout and holds no hart-1-executable alternative -- it would take an illegal instruction
608,moonshine$dispatch_608_matmul_b_s8,,,1000000000,us,1000000000000,0,,excluded_impossible,matmul_b_s8,B=8;M=1;K=165;N=36;transpose_b=1,,,excluded_impossible,hart 1's tile has no P-extension (PynqZ2Configs.scala:220 WithPExtOnTiles(0) names hart 0 only); this kernel's body is custom-0 throughout and holds no hart-1-executable alternative -- it would take an illegal instruction
609,moonshine$dispatch_609_linear_s8,,,0.578916615,ms,578916.615,0,,board_measured_b1_scaled_by_measured_region_factor_0.5883,linear_s8,M=1;K=288;N=288,23157,roccmoon_engine[curated],measured,
610,moonshine$dispatch_610_add_s8,,,1000000000,us,1000000000000,0,,excluded_impossible,add_s8,n=288,,,excluded_impossible,hart 1's tile has no P-extension (PynqZ2Configs.scala:220 WithPExtOnTiles(0) names hart 0 only); this kernel's body is custom-0 throughout and holds no hart-1-executable alternative -- it would take an illegal instruction
611,moonshine$dispatch_611_layernorm_s8,,,1000000000,us,1000000000000,0,,excluded_impossible,layernorm_s8,M=1;K=288,,,excluded_impossible,hart 1's tile has no P-extension (PynqZ2Configs.scala:220 WithPExtOnTiles(0) names hart 0 only); this kernel's body is custom-0 throughout and holds no hart-1-executable alternative -- it would take an illegal instruction
612,moonshine$dispatch_612_linear_s8,,,1.248490260,ms,1248490.260,0,,board_measured_b1_scaled_by_measured_region_factor_0.5883,linear_s8,M=1;K=288;N=1152,49940,roccmoon_engine[curated],measured,
613,moonshine$dispatch_613_silu_s8,,,1000000000,us,1000000000000,0,,excluded_impossible,silu_s8,n=1152,,,excluded_impossible,hart 1's tile has no P-extension (PynqZ2Configs.scala:220 WithPExtOnTiles(0) names hart 0 only); this kernel's body is custom-0 throughout and holds no hart-1-executable alternative -- it would take an illegal instruction
614,moonshine$dispatch_614_linear_s8,,,1.260903390,ms,1260903.390,0,,board_measured_b1_scaled_by_measured_region_factor_0.5883,linear_s8,M=1;K=288;N=1152,50436,roccmoon_engine[curated],measured,
615,moonshine$dispatch_615_mul_s8,,,1000000000,us,1000000000000,0,,excluded_impossible,mul_s8,n=1152,,,excluded_impossible,hart 1's tile has no P-extension (PynqZ2Configs.scala:220 WithPExtOnTiles(0) names hart 0 only); this kernel's body is custom-0 throughout and holds no hart-1-executable alternative -- it would take an illegal instruction
616,moonshine$dispatch_616_linear_s8,,,1.262344725,ms,1262344.725,0,,board_measured_b1_scaled_by_measured_region_factor_0.5883,linear_s8,M=1;K=1152;N=288,50494,roccmoon_engine[curated],measured,
617,moonshine$dispatch_617_add_s8,,,1000000000,us,1000000000000,0,,excluded_impossible,add_s8,n=288,,,excluded_impossible,hart 1's tile has no P-extension (PynqZ2Configs.scala:220 WithPExtOnTiles(0) names hart 0 only); this kernel's body is custom-0 throughout and holds no hart-1-executable alternative -- it would take an illegal instruction
618,moonshine$dispatch_618_layernorm_s8,,,1000000000,us,1000000000000,0,,excluded_impossible,layernorm_s8,M=1;K=288,,,excluded_impossible,hart 1's tile has no P-extension (PynqZ2Configs.scala:220 WithPExtOnTiles(0) names hart 0 only); this kernel's body is custom-0 throughout and holds no hart-1-executable alternative -- it would take an illegal instruction
619,moonshine$dispatch_619_linear_s8,,,0.547398443,ms,547398.443,0,,board_measured_b1_scaled_by_measured_region_factor_0.5883,linear_s8,M=1;K=288;N=288,21896,roccmoon_engine[curated],measured,
620,moonshine$dispatch_620_rope_s8,,,1000000000,us,1000000000000,0,,excluded_impossible,rope_s8,T=1;H=8;D=36;R=32,,,excluded_impossible,hart 1's tile has no P-extension (PynqZ2Configs.scala:220 WithPExtOnTiles(0) names hart 0 only); this kernel's body is custom-0 throughout and holds no hart-1-executable alternative -- it would take an illegal instruction
621,moonshine$dispatch_621_linear_s8,,,0.549942840,ms,549942.840,0,,board_measured_b1_scaled_by_measured_region_factor_0.5883,linear_s8,M=1;K=288;N=288,21998,roccmoon_engine[curated],measured,
622,moonshine$dispatch_622_rope_s8,,,1000000000,us,1000000000000,0,,excluded_impossible,rope_s8,T=1;H=8;D=36;R=32,,,excluded_impossible,hart 1's tile has no P-extension (PynqZ2Configs.scala:220 WithPExtOnTiles(0) names hart 0 only); this kernel's body is custom-0 throughout and holds no hart-1-executable alternative -- it would take an illegal instruction
623,moonshine$dispatch_623_linear_s8,,,0.549986963,ms,549986.963,0,,board_measured_b1_scaled_by_measured_region_factor_0.5883,linear_s8,M=1;K=288;N=288,21999,roccmoon_engine[curated],measured,
624,moonshine$dispatch_624_cat2_c1_s8,,,1000000000,us,1000000000000,0,,excluded_impossible,cat2_c1_s8,N=1;H=288;W=1;C_inputs=2|1;C_total=3,,,excluded_impossible,hart 1's tile has no P-extension (PynqZ2Configs.scala:220 WithPExtOnTiles(0) names hart 0 only); this kernel's body is custom-0 throughout and holds no hart-1-executable alternative -- it would take an illegal instruction
625,moonshine$dispatch_625_cat2_c1_s8,,,1000000000,us,1000000000000,0,,excluded_impossible,cat2_c1_s8,N=1;H=288;W=1;C_inputs=2|1;C_total=3,,,excluded_impossible,hart 1's tile has no P-extension (PynqZ2Configs.scala:220 WithPExtOnTiles(0) names hart 0 only); this kernel's body is custom-0 throughout and holds no hart-1-executable alternative -- it would take an illegal instruction
626,moonshine$dispatch_626_permute4_s8,,,1000000000,us,1000000000000,0,,excluded_impossible,permute4_s8,d0=1;d1=3;d2=8;d3=36;p0=0;p1=2;p2=1;p3=3,,,excluded_impossible,hart 1's tile has no P-extension (PynqZ2Configs.scala:220 WithPExtOnTiles(0) names hart 0 only); this kernel's body is custom-0 throughout and holds no hart-1-executable alternative -- it would take an illegal instruction
627,moonshine$dispatch_627_permute4_s8,,,1000000000,us,1000000000000,0,,excluded_impossible,permute4_s8,d0=1;d1=3;d2=8;d3=36;p0=0;p1=2;p2=1;p3=3,,,excluded_impossible,hart 1's tile has no P-extension (PynqZ2Configs.scala:220 WithPExtOnTiles(0) names hart 0 only); this kernel's body is custom-0 throughout and holds no hart-1-executable alternative -- it would take an illegal instruction
628,moonshine$dispatch_628_matmul_b_s8,,,1000000000,us,1000000000000,0,,excluded_impossible,matmul_b_s8,B=8;M=1;K=36;N=3;transpose_b=1,,,excluded_impossible,hart 1's tile has no P-extension (PynqZ2Configs.scala:220 WithPExtOnTiles(0) names hart 0 only); this kernel's body is custom-0 throughout and holds no hart-1-executable alternative -- it would take an illegal instruction
629,moonshine$dispatch_629_softmax_s8,,,1000000000,us,1000000000000,0,,excluded_impossible,softmax_s8,M=8;K=3,,,excluded_impossible,hart 1's tile has no P-extension (PynqZ2Configs.scala:220 WithPExtOnTiles(0) names hart 0 only); this kernel's body is custom-0 throughout and holds no hart-1-executable alternative -- it would take an illegal instruction
630,moonshine$dispatch_630_matmul_b_s8,,,1000000000,us,1000000000000,0,,excluded_impossible,matmul_b_s8,B=8;M=1;K=3;N=36;transpose_b=0,,,excluded_impossible,hart 1's tile has no P-extension (PynqZ2Configs.scala:220 WithPExtOnTiles(0) names hart 0 only); this kernel's body is custom-0 throughout and holds no hart-1-executable alternative -- it would take an illegal instruction
631,moonshine$dispatch_631_linear_s8,,,0.569268495,ms,569268.495,0,,board_measured_b1_scaled_by_measured_region_factor_0.5883,linear_s8,M=1;K=288;N=288,22771,roccmoon_engine[curated],measured,
632,moonshine$dispatch_632_add_s8,,,1000000000,us,1000000000000,0,,excluded_impossible,add_s8,n=288,,,excluded_impossible,hart 1's tile has no P-extension (PynqZ2Configs.scala:220 WithPExtOnTiles(0) names hart 0 only); this kernel's body is custom-0 throughout and holds no hart-1-executable alternative -- it would take an illegal instruction
633,moonshine$dispatch_633_layernorm_s8,,,1000000000,us,1000000000000,0,,excluded_impossible,layernorm_s8,M=1;K=288,,,excluded_impossible,hart 1's tile has no P-extension (PynqZ2Configs.scala:220 WithPExtOnTiles(0) names hart 0 only); this kernel's body is custom-0 throughout and holds no hart-1-executable alternative -- it would take an illegal instruction
634,moonshine$dispatch_634_linear_s8,,,0.554090355,ms,554090.355,0,,board_measured_b1_scaled_by_measured_region_factor_0.5883,linear_s8,M=1;K=288;N=288,22164,roccmoon_engine[curated],measured,
635,moonshine$dispatch_635_matmul_b_s8,,,1000000000,us,1000000000000,0,,excluded_impossible,matmul_b_s8,B=8;M=1;K=36;N=165;transpose_b=1,,,excluded_impossible,hart 1's tile has no P-extension (PynqZ2Configs.scala:220 WithPExtOnTiles(0) names hart 0 only); this kernel's body is custom-0 throughout and holds no hart-1-executable alternative -- it would take an illegal instruction
636,moonshine$dispatch_636_softmax_s8,,,1000000000,us,1000000000000,0,,excluded_impossible,softmax_s8,M=8;K=165,,,excluded_impossible,hart 1's tile has no P-extension (PynqZ2Configs.scala:220 WithPExtOnTiles(0) names hart 0 only); this kernel's body is custom-0 throughout and holds no hart-1-executable alternative -- it would take an illegal instruction
637,moonshine$dispatch_637_matmul_b_s8,,,1000000000,us,1000000000000,0,,excluded_impossible,matmul_b_s8,B=8;M=1;K=165;N=36;transpose_b=1,,,excluded_impossible,hart 1's tile has no P-extension (PynqZ2Configs.scala:220 WithPExtOnTiles(0) names hart 0 only); this kernel's body is custom-0 throughout and holds no hart-1-executable alternative -- it would take an illegal instruction
638,moonshine$dispatch_638_linear_s8,,,0.590800275,ms,590800.275,0,,board_measured_b1_scaled_by_measured_region_factor_0.5883,linear_s8,M=1;K=288;N=288,23632,roccmoon_engine[curated],measured,
639,moonshine$dispatch_639_add_s8,,,1000000000,us,1000000000000,0,,excluded_impossible,add_s8,n=288,,,excluded_impossible,hart 1's tile has no P-extension (PynqZ2Configs.scala:220 WithPExtOnTiles(0) names hart 0 only); this kernel's body is custom-0 throughout and holds no hart-1-executable alternative -- it would take an illegal instruction
640,moonshine$dispatch_640_layernorm_s8,,,1000000000,us,1000000000000,0,,excluded_impossible,layernorm_s8,M=1;K=288,,,excluded_impossible,hart 1's tile has no P-extension (PynqZ2Configs.scala:220 WithPExtOnTiles(0) names hart 0 only); this kernel's body is custom-0 throughout and holds no hart-1-executable alternative -- it would take an illegal instruction
641,moonshine$dispatch_641_linear_s8,,,1.261403445,ms,1261403.445,0,,board_measured_b1_scaled_by_measured_region_factor_0.5883,linear_s8,M=1;K=288;N=1152,50456,roccmoon_engine[curated],measured,
642,moonshine$dispatch_642_silu_s8,,,1000000000,us,1000000000000,0,,excluded_impossible,silu_s8,n=1152,,,excluded_impossible,hart 1's tile has no P-extension (PynqZ2Configs.scala:220 WithPExtOnTiles(0) names hart 0 only); this kernel's body is custom-0 throughout and holds no hart-1-executable alternative -- it would take an illegal instruction
643,moonshine$dispatch_643_linear_s8,,,1.274654903,ms,1274654.903,0,,board_measured_b1_scaled_by_measured_region_factor_0.5883,linear_s8,M=1;K=288;N=1152,50986,roccmoon_engine[curated],measured,
644,moonshine$dispatch_644_mul_s8,,,1000000000,us,1000000000000,0,,excluded_impossible,mul_s8,n=1152,,,excluded_impossible,hart 1's tile has no P-extension (PynqZ2Configs.scala:220 WithPExtOnTiles(0) names hart 0 only); this kernel's body is custom-0 throughout and holds no hart-1-executable alternative -- it would take an illegal instruction
645,moonshine$dispatch_645_linear_s8,,,1.280714392,ms,1280714.393,0,,board_measured_b1_scaled_by_measured_region_factor_0.5883,linear_s8,M=1;K=1152;N=288,51229,roccmoon_engine[curated],measured,
646,moonshine$dispatch_646_add_s8,,,1000000000,us,1000000000000,0,,excluded_impossible,add_s8,n=288,,,excluded_impossible,hart 1's tile has no P-extension (PynqZ2Configs.scala:220 WithPExtOnTiles(0) names hart 0 only); this kernel's body is custom-0 throughout and holds no hart-1-executable alternative -- it would take an illegal instruction
647,moonshine$dispatch_647_layernorm_s8,,,1000000000,us,1000000000000,0,,excluded_impossible,layernorm_s8,M=1;K=288,,,excluded_impossible,hart 1's tile has no P-extension (PynqZ2Configs.scala:220 WithPExtOnTiles(0) names hart 0 only); this kernel's body is custom-0 throughout and holds no hart-1-executable alternative -- it would take an illegal instruction
648,moonshine$dispatch_648_linear_s8,,,14.163234255,ms,14163234.255,0,,board_measured_b1_scaled_by_measured_region_factor_0.5883,linear_s8,M=1;K=288;N=16384,566529,roccmoon_engine[curated],measured,
649,moonshine$dispatch_649_linear_s8,,,14.169205500,ms,14169205.500,0,,board_measured_b1_scaled_by_measured_region_factor_0.5883,linear_s8,M=1;K=288;N=16384,566768,roccmoon_engine[curated],measured,
650,moonshine$dispatch_650_cat2_c1_s8,,,1000000000,us,1000000000000,0,,excluded_impossible,cat2_c1_s8,N=1;H=1;W=1;C_inputs=16384|16384;C_total=32768,,,excluded_impossible,hart 1's tile has no P-extension (PynqZ2Configs.scala:220 WithPExtOnTiles(0) names hart 0 only); this kernel's body is custom-0 throughout and holds no hart-1-executable alternative -- it would take an illegal instruction
651,moonshine$dispatch_651_layernorm_s8,,,1000000000,us,1000000000000,0,,excluded_impossible,layernorm_s8,M=1;K=288,,,excluded_impossible,hart 1's tile has no P-extension (PynqZ2Configs.scala:220 WithPExtOnTiles(0) names hart 0 only); this kernel's body is custom-0 throughout and holds no hart-1-executable alternative -- it would take an illegal instruction
652,moonshine$dispatch_652_linear_s8,,,0.569209665,ms,569209.665,0,,board_measured_b1_scaled_by_measured_region_factor_0.5883,linear_s8,M=1;K=288;N=288,22768,roccmoon_engine[curated],measured,
653,moonshine$dispatch_653_rope_s8,,,1000000000,us,1000000000000,0,,excluded_impossible,rope_s8,T=1;H=8;D=36;R=32,,,excluded_impossible,hart 1's tile has no P-extension (PynqZ2Configs.scala:220 WithPExtOnTiles(0) names hart 0 only); this kernel's body is custom-0 throughout and holds no hart-1-executable alternative -- it would take an illegal instruction
654,moonshine$dispatch_654_linear_s8,,,0.533411610,ms,533411.610,0,,board_measured_b1_scaled_by_measured_region_factor_0.5883,linear_s8,M=1;K=288;N=288,21336,roccmoon_engine[curated],measured,
655,moonshine$dispatch_655_rope_s8,,,1000000000,us,1000000000000,0,,excluded_impossible,rope_s8,T=1;H=8;D=36;R=32,,,excluded_impossible,hart 1's tile has no P-extension (PynqZ2Configs.scala:220 WithPExtOnTiles(0) names hart 0 only); this kernel's body is custom-0 throughout and holds no hart-1-executable alternative -- it would take an illegal instruction
656,moonshine$dispatch_656_linear_s8,,,0.517409850,ms,517409.850,0,,board_measured_b1_scaled_by_measured_region_factor_0.5883,linear_s8,M=1;K=288;N=288,20696,roccmoon_engine[curated],measured,
657,moonshine$dispatch_657_cat2_c1_s8,,,1000000000,us,1000000000000,0,,excluded_impossible,cat2_c1_s8,N=1;H=288;W=1;C_inputs=3|1;C_total=4,,,excluded_impossible,hart 1's tile has no P-extension (PynqZ2Configs.scala:220 WithPExtOnTiles(0) names hart 0 only); this kernel's body is custom-0 throughout and holds no hart-1-executable alternative -- it would take an illegal instruction
658,moonshine$dispatch_658_cat2_c1_s8,,,1000000000,us,1000000000000,0,,excluded_impossible,cat2_c1_s8,N=1;H=288;W=1;C_inputs=3|1;C_total=4,,,excluded_impossible,hart 1's tile has no P-extension (PynqZ2Configs.scala:220 WithPExtOnTiles(0) names hart 0 only); this kernel's body is custom-0 throughout and holds no hart-1-executable alternative -- it would take an illegal instruction
659,moonshine$dispatch_659_permute4_s8,,,1000000000,us,1000000000000,0,,excluded_impossible,permute4_s8,d0=1;d1=4;d2=8;d3=36;p0=0;p1=2;p2=1;p3=3,,,excluded_impossible,hart 1's tile has no P-extension (PynqZ2Configs.scala:220 WithPExtOnTiles(0) names hart 0 only); this kernel's body is custom-0 throughout and holds no hart-1-executable alternative -- it would take an illegal instruction
660,moonshine$dispatch_660_permute4_s8,,,1000000000,us,1000000000000,0,,excluded_impossible,permute4_s8,d0=1;d1=4;d2=8;d3=36;p0=0;p1=2;p2=1;p3=3,,,excluded_impossible,hart 1's tile has no P-extension (PynqZ2Configs.scala:220 WithPExtOnTiles(0) names hart 0 only); this kernel's body is custom-0 throughout and holds no hart-1-executable alternative -- it would take an illegal instruction
661,moonshine$dispatch_661_matmul_b_s8,,,1000000000,us,1000000000000,0,,excluded_impossible,matmul_b_s8,B=8;M=1;K=36;N=4;transpose_b=1,,,excluded_impossible,hart 1's tile has no P-extension (PynqZ2Configs.scala:220 WithPExtOnTiles(0) names hart 0 only); this kernel's body is custom-0 throughout and holds no hart-1-executable alternative -- it would take an illegal instruction
662,moonshine$dispatch_662_softmax_s8,,,1000000000,us,1000000000000,0,,excluded_impossible,softmax_s8,M=8;K=4,,,excluded_impossible,hart 1's tile has no P-extension (PynqZ2Configs.scala:220 WithPExtOnTiles(0) names hart 0 only); this kernel's body is custom-0 throughout and holds no hart-1-executable alternative -- it would take an illegal instruction
663,moonshine$dispatch_663_matmul_b_s8,,,1000000000,us,1000000000000,0,,excluded_impossible,matmul_b_s8,B=8;M=1;K=4;N=36;transpose_b=0,,,excluded_impossible,hart 1's tile has no P-extension (PynqZ2Configs.scala:220 WithPExtOnTiles(0) names hart 0 only); this kernel's body is custom-0 throughout and holds no hart-1-executable alternative -- it would take an illegal instruction
664,moonshine$dispatch_664_linear_s8,,,0.537823860,ms,537823.860,0,,board_measured_b1_scaled_by_measured_region_factor_0.5883,linear_s8,M=1;K=288;N=288,21513,roccmoon_engine[curated],measured,
665,moonshine$dispatch_665_add_s8,,,1000000000,us,1000000000000,0,,excluded_impossible,add_s8,n=288,,,excluded_impossible,hart 1's tile has no P-extension (PynqZ2Configs.scala:220 WithPExtOnTiles(0) names hart 0 only); this kernel's body is custom-0 throughout and holds no hart-1-executable alternative -- it would take an illegal instruction
666,moonshine$dispatch_666_layernorm_s8,,,1000000000,us,1000000000000,0,,excluded_impossible,layernorm_s8,M=1;K=288,,,excluded_impossible,hart 1's tile has no P-extension (PynqZ2Configs.scala:220 WithPExtOnTiles(0) names hart 0 only); this kernel's body is custom-0 throughout and holds no hart-1-executable alternative -- it would take an illegal instruction
667,moonshine$dispatch_667_linear_s8,,,0.526543208,ms,526543.208,0,,board_measured_b1_scaled_by_measured_region_factor_0.5883,linear_s8,M=1;K=288;N=288,21062,roccmoon_engine[curated],measured,
668,moonshine$dispatch_668_matmul_b_s8,,,1000000000,us,1000000000000,0,,excluded_impossible,matmul_b_s8,B=8;M=1;K=36;N=165;transpose_b=1,,,excluded_impossible,hart 1's tile has no P-extension (PynqZ2Configs.scala:220 WithPExtOnTiles(0) names hart 0 only); this kernel's body is custom-0 throughout and holds no hart-1-executable alternative -- it would take an illegal instruction
669,moonshine$dispatch_669_softmax_s8,,,1000000000,us,1000000000000,0,,excluded_impossible,softmax_s8,M=8;K=165,,,excluded_impossible,hart 1's tile has no P-extension (PynqZ2Configs.scala:220 WithPExtOnTiles(0) names hart 0 only); this kernel's body is custom-0 throughout and holds no hart-1-executable alternative -- it would take an illegal instruction
670,moonshine$dispatch_670_matmul_b_s8,,,1000000000,us,1000000000000,0,,excluded_impossible,matmul_b_s8,B=8;M=1;K=165;N=36;transpose_b=1,,,excluded_impossible,hart 1's tile has no P-extension (PynqZ2Configs.scala:220 WithPExtOnTiles(0) names hart 0 only); this kernel's body is custom-0 throughout and holds no hart-1-executable alternative -- it would take an illegal instruction
671,moonshine$dispatch_671_linear_s8,,,0.562414800,ms,562414.800,0,,board_measured_b1_scaled_by_measured_region_factor_0.5883,linear_s8,M=1;K=288;N=288,22497,roccmoon_engine[curated],measured,
672,moonshine$dispatch_672_add_s8,,,1000000000,us,1000000000000,0,,excluded_impossible,add_s8,n=288,,,excluded_impossible,hart 1's tile has no P-extension (PynqZ2Configs.scala:220 WithPExtOnTiles(0) names hart 0 only); this kernel's body is custom-0 throughout and holds no hart-1-executable alternative -- it would take an illegal instruction
673,moonshine$dispatch_673_layernorm_s8,,,1000000000,us,1000000000000,0,,excluded_impossible,layernorm_s8,M=1;K=288,,,excluded_impossible,hart 1's tile has no P-extension (PynqZ2Configs.scala:220 WithPExtOnTiles(0) names hart 0 only); this kernel's body is custom-0 throughout and holds no hart-1-executable alternative -- it would take an illegal instruction
674,moonshine$dispatch_674_linear_s8,,,1.238547990,ms,1238547.990,0,,board_measured_b1_scaled_by_measured_region_factor_0.5883,linear_s8,M=1;K=288;N=1152,49542,roccmoon_engine[curated],measured,
675,moonshine$dispatch_675_silu_s8,,,1000000000,us,1000000000000,0,,excluded_impossible,silu_s8,n=1152,,,excluded_impossible,hart 1's tile has no P-extension (PynqZ2Configs.scala:220 WithPExtOnTiles(0) names hart 0 only); this kernel's body is custom-0 throughout and holds no hart-1-executable alternative -- it would take an illegal instruction
676,moonshine$dispatch_676_linear_s8,,,1.239033337,ms,1239033.337,0,,board_measured_b1_scaled_by_measured_region_factor_0.5883,linear_s8,M=1;K=288;N=1152,49561,roccmoon_engine[curated],measured,
677,moonshine$dispatch_677_mul_s8,,,1000000000,us,1000000000000,0,,excluded_impossible,mul_s8,n=1152,,,excluded_impossible,hart 1's tile has no P-extension (PynqZ2Configs.scala:220 WithPExtOnTiles(0) names hart 0 only); this kernel's body is custom-0 throughout and holds no hart-1-executable alternative -- it would take an illegal instruction
678,moonshine$dispatch_678_linear_s8,,,1.239121583,ms,1239121.583,0,,board_measured_b1_scaled_by_measured_region_factor_0.5883,linear_s8,M=1;K=1152;N=288,49565,roccmoon_engine[curated],measured,
679,moonshine$dispatch_679_add_s8,,,1000000000,us,1000000000000,0,,excluded_impossible,add_s8,n=288,,,excluded_impossible,hart 1's tile has no P-extension (PynqZ2Configs.scala:220 WithPExtOnTiles(0) names hart 0 only); this kernel's body is custom-0 throughout and holds no hart-1-executable alternative -- it would take an illegal instruction
680,moonshine$dispatch_680_layernorm_s8,,,1000000000,us,1000000000000,0,,excluded_impossible,layernorm_s8,M=1;K=288,,,excluded_impossible,hart 1's tile has no P-extension (PynqZ2Configs.scala:220 WithPExtOnTiles(0) names hart 0 only); this kernel's body is custom-0 throughout and holds no hart-1-executable alternative -- it would take an illegal instruction
681,moonshine$dispatch_681_linear_s8,,,0.528396352,ms,528396.352,0,,board_measured_b1_scaled_by_measured_region_factor_0.5883,linear_s8,M=1;K=288;N=288,21136,roccmoon_engine[curated],measured,
682,moonshine$dispatch_682_rope_s8,,,1000000000,us,1000000000000,0,,excluded_impossible,rope_s8,T=1;H=8;D=36;R=32,,,excluded_impossible,hart 1's tile has no P-extension (PynqZ2Configs.scala:220 WithPExtOnTiles(0) names hart 0 only); this kernel's body is custom-0 throughout and holds no hart-1-executable alternative -- it would take an illegal instruction
683,moonshine$dispatch_683_linear_s8,,,0.525999030,ms,525999.030,0,,board_measured_b1_scaled_by_measured_region_factor_0.5883,linear_s8,M=1;K=288;N=288,21040,roccmoon_engine[curated],measured,
684,moonshine$dispatch_684_rope_s8,,,1000000000,us,1000000000000,0,,excluded_impossible,rope_s8,T=1;H=8;D=36;R=32,,,excluded_impossible,hart 1's tile has no P-extension (PynqZ2Configs.scala:220 WithPExtOnTiles(0) names hart 0 only); this kernel's body is custom-0 throughout and holds no hart-1-executable alternative -- it would take an illegal instruction
685,moonshine$dispatch_685_linear_s8,,,0.528293400,ms,528293.400,0,,board_measured_b1_scaled_by_measured_region_factor_0.5883,linear_s8,M=1;K=288;N=288,21132,roccmoon_engine[curated],measured,
686,moonshine$dispatch_686_cat2_c1_s8,,,1000000000,us,1000000000000,0,,excluded_impossible,cat2_c1_s8,N=1;H=288;W=1;C_inputs=3|1;C_total=4,,,excluded_impossible,hart 1's tile has no P-extension (PynqZ2Configs.scala:220 WithPExtOnTiles(0) names hart 0 only); this kernel's body is custom-0 throughout and holds no hart-1-executable alternative -- it would take an illegal instruction
687,moonshine$dispatch_687_cat2_c1_s8,,,1000000000,us,1000000000000,0,,excluded_impossible,cat2_c1_s8,N=1;H=288;W=1;C_inputs=3|1;C_total=4,,,excluded_impossible,hart 1's tile has no P-extension (PynqZ2Configs.scala:220 WithPExtOnTiles(0) names hart 0 only); this kernel's body is custom-0 throughout and holds no hart-1-executable alternative -- it would take an illegal instruction
688,moonshine$dispatch_688_permute4_s8,,,1000000000,us,1000000000000,0,,excluded_impossible,permute4_s8,d0=1;d1=4;d2=8;d3=36;p0=0;p1=2;p2=1;p3=3,,,excluded_impossible,hart 1's tile has no P-extension (PynqZ2Configs.scala:220 WithPExtOnTiles(0) names hart 0 only); this kernel's body is custom-0 throughout and holds no hart-1-executable alternative -- it would take an illegal instruction
689,moonshine$dispatch_689_permute4_s8,,,1000000000,us,1000000000000,0,,excluded_impossible,permute4_s8,d0=1;d1=4;d2=8;d3=36;p0=0;p1=2;p2=1;p3=3,,,excluded_impossible,hart 1's tile has no P-extension (PynqZ2Configs.scala:220 WithPExtOnTiles(0) names hart 0 only); this kernel's body is custom-0 throughout and holds no hart-1-executable alternative -- it would take an illegal instruction
690,moonshine$dispatch_690_matmul_b_s8,,,1000000000,us,1000000000000,0,,excluded_impossible,matmul_b_s8,B=8;M=1;K=36;N=4;transpose_b=1,,,excluded_impossible,hart 1's tile has no P-extension (PynqZ2Configs.scala:220 WithPExtOnTiles(0) names hart 0 only); this kernel's body is custom-0 throughout and holds no hart-1-executable alternative -- it would take an illegal instruction
691,moonshine$dispatch_691_softmax_s8,,,1000000000,us,1000000000000,0,,excluded_impossible,softmax_s8,M=8;K=4,,,excluded_impossible,hart 1's tile has no P-extension (PynqZ2Configs.scala:220 WithPExtOnTiles(0) names hart 0 only); this kernel's body is custom-0 throughout and holds no hart-1-executable alternative -- it would take an illegal instruction
692,moonshine$dispatch_692_matmul_b_s8,,,1000000000,us,1000000000000,0,,excluded_impossible,matmul_b_s8,B=8;M=1;K=4;N=36;transpose_b=0,,,excluded_impossible,hart 1's tile has no P-extension (PynqZ2Configs.scala:220 WithPExtOnTiles(0) names hart 0 only); this kernel's body is custom-0 throughout and holds no hart-1-executable alternative -- it would take an illegal instruction
693,moonshine$dispatch_693_linear_s8,,,0.553252028,ms,553252.027,0,,board_measured_b1_scaled_by_measured_region_factor_0.5883,linear_s8,M=1;K=288;N=288,22130,roccmoon_engine[curated],measured,
694,moonshine$dispatch_694_add_s8,,,1000000000,us,1000000000000,0,,excluded_impossible,add_s8,n=288,,,excluded_impossible,hart 1's tile has no P-extension (PynqZ2Configs.scala:220 WithPExtOnTiles(0) names hart 0 only); this kernel's body is custom-0 throughout and holds no hart-1-executable alternative -- it would take an illegal instruction
695,moonshine$dispatch_695_layernorm_s8,,,1000000000,us,1000000000000,0,,excluded_impossible,layernorm_s8,M=1;K=288,,,excluded_impossible,hart 1's tile has no P-extension (PynqZ2Configs.scala:220 WithPExtOnTiles(0) names hart 0 only); this kernel's body is custom-0 throughout and holds no hart-1-executable alternative -- it would take an illegal instruction
696,moonshine$dispatch_696_linear_s8,,,0.529293510,ms,529293.510,0,,board_measured_b1_scaled_by_measured_region_factor_0.5883,linear_s8,M=1;K=288;N=288,21172,roccmoon_engine[curated],measured,
697,moonshine$dispatch_697_matmul_b_s8,,,1000000000,us,1000000000000,0,,excluded_impossible,matmul_b_s8,B=8;M=1;K=36;N=165;transpose_b=1,,,excluded_impossible,hart 1's tile has no P-extension (PynqZ2Configs.scala:220 WithPExtOnTiles(0) names hart 0 only); this kernel's body is custom-0 throughout and holds no hart-1-executable alternative -- it would take an illegal instruction
698,moonshine$dispatch_698_softmax_s8,,,1000000000,us,1000000000000,0,,excluded_impossible,softmax_s8,M=8;K=165,,,excluded_impossible,hart 1's tile has no P-extension (PynqZ2Configs.scala:220 WithPExtOnTiles(0) names hart 0 only); this kernel's body is custom-0 throughout and holds no hart-1-executable alternative -- it would take an illegal instruction
699,moonshine$dispatch_699_matmul_b_s8,,,1000000000,us,1000000000000,0,,excluded_impossible,matmul_b_s8,B=8;M=1;K=165;N=36;transpose_b=1,,,excluded_impossible,hart 1's tile has no P-extension (PynqZ2Configs.scala:220 WithPExtOnTiles(0) names hart 0 only); this kernel's body is custom-0 throughout and holds no hart-1-executable alternative -- it would take an illegal instruction
700,moonshine$dispatch_700_linear_s8,,,0.565312178,ms,565312.178,0,,board_measured_b1_scaled_by_measured_region_factor_0.5883,linear_s8,M=1;K=288;N=288,22612,roccmoon_engine[curated],measured,
701,moonshine$dispatch_701_add_s8,,,1000000000,us,1000000000000,0,,excluded_impossible,add_s8,n=288,,,excluded_impossible,hart 1's tile has no P-extension (PynqZ2Configs.scala:220 WithPExtOnTiles(0) names hart 0 only); this kernel's body is custom-0 throughout and holds no hart-1-executable alternative -- it would take an illegal instruction
702,moonshine$dispatch_702_layernorm_s8,,,1000000000,us,1000000000000,0,,excluded_impossible,layernorm_s8,M=1;K=288,,,excluded_impossible,hart 1's tile has no P-extension (PynqZ2Configs.scala:220 WithPExtOnTiles(0) names hart 0 only); this kernel's body is custom-0 throughout and holds no hart-1-executable alternative -- it would take an illegal instruction
703,moonshine$dispatch_703_linear_s8,,,1.238430330,ms,1238430.330,0,,board_measured_b1_scaled_by_measured_region_factor_0.5883,linear_s8,M=1;K=288;N=1152,49537,roccmoon_engine[curated],measured,
704,moonshine$dispatch_704_silu_s8,,,1000000000,us,1000000000000,0,,excluded_impossible,silu_s8,n=1152,,,excluded_impossible,hart 1's tile has no P-extension (PynqZ2Configs.scala:220 WithPExtOnTiles(0) names hart 0 only); this kernel's body is custom-0 throughout and holds no hart-1-executable alternative -- it would take an illegal instruction
705,moonshine$dispatch_705_linear_s8,,,1.242342525,ms,1242342.525,0,,board_measured_b1_scaled_by_measured_region_factor_0.5883,linear_s8,M=1;K=288;N=1152,49694,roccmoon_engine[curated],measured,
706,moonshine$dispatch_706_mul_s8,,,1000000000,us,1000000000000,0,,excluded_impossible,mul_s8,n=1152,,,excluded_impossible,hart 1's tile has no P-extension (PynqZ2Configs.scala:220 WithPExtOnTiles(0) names hart 0 only); this kernel's body is custom-0 throughout and holds no hart-1-executable alternative -- it would take an illegal instruction
707,moonshine$dispatch_707_linear_s8,,,1.243019070,ms,1243019.070,0,,board_measured_b1_scaled_by_measured_region_factor_0.5883,linear_s8,M=1;K=1152;N=288,49721,roccmoon_engine[curated],measured,
708,moonshine$dispatch_708_add_s8,,,1000000000,us,1000000000000,0,,excluded_impossible,add_s8,n=288,,,excluded_impossible,hart 1's tile has no P-extension (PynqZ2Configs.scala:220 WithPExtOnTiles(0) names hart 0 only); this kernel's body is custom-0 throughout and holds no hart-1-executable alternative -- it would take an illegal instruction
709,moonshine$dispatch_709_layernorm_s8,,,1000000000,us,1000000000000,0,,excluded_impossible,layernorm_s8,M=1;K=288,,,excluded_impossible,hart 1's tile has no P-extension (PynqZ2Configs.scala:220 WithPExtOnTiles(0) names hart 0 only); this kernel's body is custom-0 throughout and holds no hart-1-executable alternative -- it would take an illegal instruction
710,moonshine$dispatch_710_linear_s8,,,0.532249718,ms,532249.718,0,,board_measured_b1_scaled_by_measured_region_factor_0.5883,linear_s8,M=1;K=288;N=288,21290,roccmoon_engine[curated],measured,
711,moonshine$dispatch_711_rope_s8,,,1000000000,us,1000000000000,0,,excluded_impossible,rope_s8,T=1;H=8;D=36;R=32,,,excluded_impossible,hart 1's tile has no P-extension (PynqZ2Configs.scala:220 WithPExtOnTiles(0) names hart 0 only); this kernel's body is custom-0 throughout and holds no hart-1-executable alternative -- it would take an illegal instruction
712,moonshine$dispatch_712_linear_s8,,,0.543471540,ms,543471.540,0,,board_measured_b1_scaled_by_measured_region_factor_0.5883,linear_s8,M=1;K=288;N=288,21739,roccmoon_engine[curated],measured,
713,moonshine$dispatch_713_rope_s8,,,1000000000,us,1000000000000,0,,excluded_impossible,rope_s8,T=1;H=8;D=36;R=32,,,excluded_impossible,hart 1's tile has no P-extension (PynqZ2Configs.scala:220 WithPExtOnTiles(0) names hart 0 only); this kernel's body is custom-0 throughout and holds no hart-1-executable alternative -- it would take an illegal instruction
714,moonshine$dispatch_714_linear_s8,,,0.529896518,ms,529896.518,0,,board_measured_b1_scaled_by_measured_region_factor_0.5883,linear_s8,M=1;K=288;N=288,21196,roccmoon_engine[curated],measured,
715,moonshine$dispatch_715_cat2_c1_s8,,,1000000000,us,1000000000000,0,,excluded_impossible,cat2_c1_s8,N=1;H=288;W=1;C_inputs=3|1;C_total=4,,,excluded_impossible,hart 1's tile has no P-extension (PynqZ2Configs.scala:220 WithPExtOnTiles(0) names hart 0 only); this kernel's body is custom-0 throughout and holds no hart-1-executable alternative -- it would take an illegal instruction
716,moonshine$dispatch_716_cat2_c1_s8,,,1000000000,us,1000000000000,0,,excluded_impossible,cat2_c1_s8,N=1;H=288;W=1;C_inputs=3|1;C_total=4,,,excluded_impossible,hart 1's tile has no P-extension (PynqZ2Configs.scala:220 WithPExtOnTiles(0) names hart 0 only); this kernel's body is custom-0 throughout and holds no hart-1-executable alternative -- it would take an illegal instruction
717,moonshine$dispatch_717_permute4_s8,,,1000000000,us,1000000000000,0,,excluded_impossible,permute4_s8,d0=1;d1=4;d2=8;d3=36;p0=0;p1=2;p2=1;p3=3,,,excluded_impossible,hart 1's tile has no P-extension (PynqZ2Configs.scala:220 WithPExtOnTiles(0) names hart 0 only); this kernel's body is custom-0 throughout and holds no hart-1-executable alternative -- it would take an illegal instruction
718,moonshine$dispatch_718_permute4_s8,,,1000000000,us,1000000000000,0,,excluded_impossible,permute4_s8,d0=1;d1=4;d2=8;d3=36;p0=0;p1=2;p2=1;p3=3,,,excluded_impossible,hart 1's tile has no P-extension (PynqZ2Configs.scala:220 WithPExtOnTiles(0) names hart 0 only); this kernel's body is custom-0 throughout and holds no hart-1-executable alternative -- it would take an illegal instruction
719,moonshine$dispatch_719_matmul_b_s8,,,1000000000,us,1000000000000,0,,excluded_impossible,matmul_b_s8,B=8;M=1;K=36;N=4;transpose_b=1,,,excluded_impossible,hart 1's tile has no P-extension (PynqZ2Configs.scala:220 WithPExtOnTiles(0) names hart 0 only); this kernel's body is custom-0 throughout and holds no hart-1-executable alternative -- it would take an illegal instruction
720,moonshine$dispatch_720_softmax_s8,,,1000000000,us,1000000000000,0,,excluded_impossible,softmax_s8,M=8;K=4,,,excluded_impossible,hart 1's tile has no P-extension (PynqZ2Configs.scala:220 WithPExtOnTiles(0) names hart 0 only); this kernel's body is custom-0 throughout and holds no hart-1-executable alternative -- it would take an illegal instruction
721,moonshine$dispatch_721_matmul_b_s8,,,1000000000,us,1000000000000,0,,excluded_impossible,matmul_b_s8,B=8;M=1;K=4;N=36;transpose_b=0,,,excluded_impossible,hart 1's tile has no P-extension (PynqZ2Configs.scala:220 WithPExtOnTiles(0) names hart 0 only); this kernel's body is custom-0 throughout and holds no hart-1-executable alternative -- it would take an illegal instruction
722,moonshine$dispatch_722_linear_s8,,,0.555428737,ms,555428.738,0,,board_measured_b1_scaled_by_measured_region_factor_0.5883,linear_s8,M=1;K=288;N=288,22217,roccmoon_engine[curated],measured,
723,moonshine$dispatch_723_add_s8,,,1000000000,us,1000000000000,0,,excluded_impossible,add_s8,n=288,,,excluded_impossible,hart 1's tile has no P-extension (PynqZ2Configs.scala:220 WithPExtOnTiles(0) names hart 0 only); this kernel's body is custom-0 throughout and holds no hart-1-executable alternative -- it would take an illegal instruction
724,moonshine$dispatch_724_layernorm_s8,,,1000000000,us,1000000000000,0,,excluded_impossible,layernorm_s8,M=1;K=288,,,excluded_impossible,hart 1's tile has no P-extension (PynqZ2Configs.scala:220 WithPExtOnTiles(0) names hart 0 only); this kernel's body is custom-0 throughout and holds no hart-1-executable alternative -- it would take an illegal instruction
725,moonshine$dispatch_725_linear_s8,,,0.535853055,ms,535853.055,0,,board_measured_b1_scaled_by_measured_region_factor_0.5883,linear_s8,M=1;K=288;N=288,21434,roccmoon_engine[curated],measured,
726,moonshine$dispatch_726_matmul_b_s8,,,1000000000,us,1000000000000,0,,excluded_impossible,matmul_b_s8,B=8;M=1;K=36;N=165;transpose_b=1,,,excluded_impossible,hart 1's tile has no P-extension (PynqZ2Configs.scala:220 WithPExtOnTiles(0) names hart 0 only); this kernel's body is custom-0 throughout and holds no hart-1-executable alternative -- it would take an illegal instruction
727,moonshine$dispatch_727_softmax_s8,,,1000000000,us,1000000000000,0,,excluded_impossible,softmax_s8,M=8;K=165,,,excluded_impossible,hart 1's tile has no P-extension (PynqZ2Configs.scala:220 WithPExtOnTiles(0) names hart 0 only); this kernel's body is custom-0 throughout and holds no hart-1-executable alternative -- it would take an illegal instruction
728,moonshine$dispatch_728_matmul_b_s8,,,1000000000,us,1000000000000,0,,excluded_impossible,matmul_b_s8,B=8;M=1;K=165;N=36;transpose_b=1,,,excluded_impossible,hart 1's tile has no P-extension (PynqZ2Configs.scala:220 WithPExtOnTiles(0) names hart 0 only); this kernel's body is custom-0 throughout and holds no hart-1-executable alternative -- it would take an illegal instruction
729,moonshine$dispatch_729_linear_s8,,,0.568297800,ms,568297.800,0,,board_measured_b1_scaled_by_measured_region_factor_0.5883,linear_s8,M=1;K=288;N=288,22732,roccmoon_engine[curated],measured,
730,moonshine$dispatch_730_add_s8,,,1000000000,us,1000000000000,0,,excluded_impossible,add_s8,n=288,,,excluded_impossible,hart 1's tile has no P-extension (PynqZ2Configs.scala:220 WithPExtOnTiles(0) names hart 0 only); this kernel's body is custom-0 throughout and holds no hart-1-executable alternative -- it would take an illegal instruction
731,moonshine$dispatch_731_layernorm_s8,,,1000000000,us,1000000000000,0,,excluded_impossible,layernorm_s8,M=1;K=288,,,excluded_impossible,hart 1's tile has no P-extension (PynqZ2Configs.scala:220 WithPExtOnTiles(0) names hart 0 only); this kernel's body is custom-0 throughout and holds no hart-1-executable alternative -- it would take an illegal instruction
732,moonshine$dispatch_732_linear_s8,,,1.244533943,ms,1244533.943,0,,board_measured_b1_scaled_by_measured_region_factor_0.5883,linear_s8,M=1;K=288;N=1152,49781,roccmoon_engine[curated],measured,
733,moonshine$dispatch_733_silu_s8,,,1000000000,us,1000000000000,0,,excluded_impossible,silu_s8,n=1152,,,excluded_impossible,hart 1's tile has no P-extension (PynqZ2Configs.scala:220 WithPExtOnTiles(0) names hart 0 only); this kernel's body is custom-0 throughout and holds no hart-1-executable alternative -- it would take an illegal instruction
734,moonshine$dispatch_734_linear_s8,,,1.261138710,ms,1261138.710,0,,board_measured_b1_scaled_by_measured_region_factor_0.5883,linear_s8,M=1;K=288;N=1152,50446,roccmoon_engine[curated],measured,
735,moonshine$dispatch_735_mul_s8,,,1000000000,us,1000000000000,0,,excluded_impossible,mul_s8,n=1152,,,excluded_impossible,hart 1's tile has no P-extension (PynqZ2Configs.scala:220 WithPExtOnTiles(0) names hart 0 only); this kernel's body is custom-0 throughout and holds no hart-1-executable alternative -- it would take an illegal instruction
736,moonshine$dispatch_736_linear_s8,,,1.268095358,ms,1268095.358,0,,board_measured_b1_scaled_by_measured_region_factor_0.5883,linear_s8,M=1;K=1152;N=288,50724,roccmoon_engine[curated],measured,
737,moonshine$dispatch_737_add_s8,,,1000000000,us,1000000000000,0,,excluded_impossible,add_s8,n=288,,,excluded_impossible,hart 1's tile has no P-extension (PynqZ2Configs.scala:220 WithPExtOnTiles(0) names hart 0 only); this kernel's body is custom-0 throughout and holds no hart-1-executable alternative -- it would take an illegal instruction
738,moonshine$dispatch_738_layernorm_s8,,,1000000000,us,1000000000000,0,,excluded_impossible,layernorm_s8,M=1;K=288,,,excluded_impossible,hart 1's tile has no P-extension (PynqZ2Configs.scala:220 WithPExtOnTiles(0) names hart 0 only); this kernel's body is custom-0 throughout and holds no hart-1-executable alternative -- it would take an illegal instruction
739,moonshine$dispatch_739_linear_s8,,,0.540338842,ms,540338.843,0,,board_measured_b1_scaled_by_measured_region_factor_0.5883,linear_s8,M=1;K=288;N=288,21614,roccmoon_engine[curated],measured,
740,moonshine$dispatch_740_rope_s8,,,1000000000,us,1000000000000,0,,excluded_impossible,rope_s8,T=1;H=8;D=36;R=32,,,excluded_impossible,hart 1's tile has no P-extension (PynqZ2Configs.scala:220 WithPExtOnTiles(0) names hart 0 only); this kernel's body is custom-0 throughout and holds no hart-1-executable alternative -- it would take an illegal instruction
741,moonshine$dispatch_741_linear_s8,,,0.542206695,ms,542206.695,0,,board_measured_b1_scaled_by_measured_region_factor_0.5883,linear_s8,M=1;K=288;N=288,21688,roccmoon_engine[curated],measured,
742,moonshine$dispatch_742_rope_s8,,,1000000000,us,1000000000000,0,,excluded_impossible,rope_s8,T=1;H=8;D=36;R=32,,,excluded_impossible,hart 1's tile has no P-extension (PynqZ2Configs.scala:220 WithPExtOnTiles(0) names hart 0 only); this kernel's body is custom-0 throughout and holds no hart-1-executable alternative -- it would take an illegal instruction
743,moonshine$dispatch_743_linear_s8,,,0.533205705,ms,533205.705,0,,board_measured_b1_scaled_by_measured_region_factor_0.5883,linear_s8,M=1;K=288;N=288,21328,roccmoon_engine[curated],measured,
744,moonshine$dispatch_744_cat2_c1_s8,,,1000000000,us,1000000000000,0,,excluded_impossible,cat2_c1_s8,N=1;H=288;W=1;C_inputs=3|1;C_total=4,,,excluded_impossible,hart 1's tile has no P-extension (PynqZ2Configs.scala:220 WithPExtOnTiles(0) names hart 0 only); this kernel's body is custom-0 throughout and holds no hart-1-executable alternative -- it would take an illegal instruction
745,moonshine$dispatch_745_cat2_c1_s8,,,1000000000,us,1000000000000,0,,excluded_impossible,cat2_c1_s8,N=1;H=288;W=1;C_inputs=3|1;C_total=4,,,excluded_impossible,hart 1's tile has no P-extension (PynqZ2Configs.scala:220 WithPExtOnTiles(0) names hart 0 only); this kernel's body is custom-0 throughout and holds no hart-1-executable alternative -- it would take an illegal instruction
746,moonshine$dispatch_746_permute4_s8,,,1000000000,us,1000000000000,0,,excluded_impossible,permute4_s8,d0=1;d1=4;d2=8;d3=36;p0=0;p1=2;p2=1;p3=3,,,excluded_impossible,hart 1's tile has no P-extension (PynqZ2Configs.scala:220 WithPExtOnTiles(0) names hart 0 only); this kernel's body is custom-0 throughout and holds no hart-1-executable alternative -- it would take an illegal instruction
747,moonshine$dispatch_747_permute4_s8,,,1000000000,us,1000000000000,0,,excluded_impossible,permute4_s8,d0=1;d1=4;d2=8;d3=36;p0=0;p1=2;p2=1;p3=3,,,excluded_impossible,hart 1's tile has no P-extension (PynqZ2Configs.scala:220 WithPExtOnTiles(0) names hart 0 only); this kernel's body is custom-0 throughout and holds no hart-1-executable alternative -- it would take an illegal instruction
748,moonshine$dispatch_748_matmul_b_s8,,,1000000000,us,1000000000000,0,,excluded_impossible,matmul_b_s8,B=8;M=1;K=36;N=4;transpose_b=1,,,excluded_impossible,hart 1's tile has no P-extension (PynqZ2Configs.scala:220 WithPExtOnTiles(0) names hart 0 only); this kernel's body is custom-0 throughout and holds no hart-1-executable alternative -- it would take an illegal instruction
749,moonshine$dispatch_749_softmax_s8,,,1000000000,us,1000000000000,0,,excluded_impossible,softmax_s8,M=8;K=4,,,excluded_impossible,hart 1's tile has no P-extension (PynqZ2Configs.scala:220 WithPExtOnTiles(0) names hart 0 only); this kernel's body is custom-0 throughout and holds no hart-1-executable alternative -- it would take an illegal instruction
750,moonshine$dispatch_750_matmul_b_s8,,,1000000000,us,1000000000000,0,,excluded_impossible,matmul_b_s8,B=8;M=1;K=4;N=36;transpose_b=0,,,excluded_impossible,hart 1's tile has no P-extension (PynqZ2Configs.scala:220 WithPExtOnTiles(0) names hart 0 only); this kernel's body is custom-0 throughout and holds no hart-1-executable alternative -- it would take an illegal instruction
751,moonshine$dispatch_751_linear_s8,,,0.565709280,ms,565709.280,0,,board_measured_b1_scaled_by_measured_region_factor_0.5883,linear_s8,M=1;K=288;N=288,22628,roccmoon_engine[curated],measured,
752,moonshine$dispatch_752_add_s8,,,1000000000,us,1000000000000,0,,excluded_impossible,add_s8,n=288,,,excluded_impossible,hart 1's tile has no P-extension (PynqZ2Configs.scala:220 WithPExtOnTiles(0) names hart 0 only); this kernel's body is custom-0 throughout and holds no hart-1-executable alternative -- it would take an illegal instruction
753,moonshine$dispatch_753_layernorm_s8,,,1000000000,us,1000000000000,0,,excluded_impossible,layernorm_s8,M=1;K=288,,,excluded_impossible,hart 1's tile has no P-extension (PynqZ2Configs.scala:220 WithPExtOnTiles(0) names hart 0 only); this kernel's body is custom-0 throughout and holds no hart-1-executable alternative -- it would take an illegal instruction
754,moonshine$dispatch_754_linear_s8,,,0.539353440,ms,539353.440,0,,board_measured_b1_scaled_by_measured_region_factor_0.5883,linear_s8,M=1;K=288;N=288,21574,roccmoon_engine[curated],measured,
755,moonshine$dispatch_755_matmul_b_s8,,,1000000000,us,1000000000000,0,,excluded_impossible,matmul_b_s8,B=8;M=1;K=36;N=165;transpose_b=1,,,excluded_impossible,hart 1's tile has no P-extension (PynqZ2Configs.scala:220 WithPExtOnTiles(0) names hart 0 only); this kernel's body is custom-0 throughout and holds no hart-1-executable alternative -- it would take an illegal instruction
756,moonshine$dispatch_756_softmax_s8,,,1000000000,us,1000000000000,0,,excluded_impossible,softmax_s8,M=8;K=165,,,excluded_impossible,hart 1's tile has no P-extension (PynqZ2Configs.scala:220 WithPExtOnTiles(0) names hart 0 only); this kernel's body is custom-0 throughout and holds no hart-1-executable alternative -- it would take an illegal instruction
757,moonshine$dispatch_757_matmul_b_s8,,,1000000000,us,1000000000000,0,,excluded_impossible,matmul_b_s8,B=8;M=1;K=165;N=36;transpose_b=1,,,excluded_impossible,hart 1's tile has no P-extension (PynqZ2Configs.scala:220 WithPExtOnTiles(0) names hart 0 only); this kernel's body is custom-0 throughout and holds no hart-1-executable alternative -- it would take an illegal instruction
758,moonshine$dispatch_758_linear_s8,,,0.581593380,ms,581593.380,0,,board_measured_b1_scaled_by_measured_region_factor_0.5883,linear_s8,M=1;K=288;N=288,23264,roccmoon_engine[curated],measured,
759,moonshine$dispatch_759_add_s8,,,1000000000,us,1000000000000,0,,excluded_impossible,add_s8,n=288,,,excluded_impossible,hart 1's tile has no P-extension (PynqZ2Configs.scala:220 WithPExtOnTiles(0) names hart 0 only); this kernel's body is custom-0 throughout and holds no hart-1-executable alternative -- it would take an illegal instruction
760,moonshine$dispatch_760_layernorm_s8,,,1000000000,us,1000000000000,0,,excluded_impossible,layernorm_s8,M=1;K=288,,,excluded_impossible,hart 1's tile has no P-extension (PynqZ2Configs.scala:220 WithPExtOnTiles(0) names hart 0 only); this kernel's body is custom-0 throughout and holds no hart-1-executable alternative -- it would take an illegal instruction
761,moonshine$dispatch_761_linear_s8,,,1.249755105,ms,1249755.105,0,,board_measured_b1_scaled_by_measured_region_factor_0.5883,linear_s8,M=1;K=288;N=1152,49990,roccmoon_engine[curated],measured,
762,moonshine$dispatch_762_silu_s8,,,1000000000,us,1000000000000,0,,excluded_impossible,silu_s8,n=1152,,,excluded_impossible,hart 1's tile has no P-extension (PynqZ2Configs.scala:220 WithPExtOnTiles(0) names hart 0 only); this kernel's body is custom-0 throughout and holds no hart-1-executable alternative -- it would take an illegal instruction
763,moonshine$dispatch_763_linear_s8,,,1.249313880,ms,1249313.880,0,,board_measured_b1_scaled_by_measured_region_factor_0.5883,linear_s8,M=1;K=288;N=1152,49973,roccmoon_engine[curated],measured,
764,moonshine$dispatch_764_mul_s8,,,1000000000,us,1000000000000,0,,excluded_impossible,mul_s8,n=1152,,,excluded_impossible,hart 1's tile has no P-extension (PynqZ2Configs.scala:220 WithPExtOnTiles(0) names hart 0 only); this kernel's body is custom-0 throughout and holds no hart-1-executable alternative -- it would take an illegal instruction
765,moonshine$dispatch_765_linear_s8,,,1.266609900,ms,1266609.900,0,,board_measured_b1_scaled_by_measured_region_factor_0.5883,linear_s8,M=1;K=1152;N=288,50664,roccmoon_engine[curated],measured,
766,moonshine$dispatch_766_add_s8,,,1000000000,us,1000000000000,0,,excluded_impossible,add_s8,n=288,,,excluded_impossible,hart 1's tile has no P-extension (PynqZ2Configs.scala:220 WithPExtOnTiles(0) names hart 0 only); this kernel's body is custom-0 throughout and holds no hart-1-executable alternative -- it would take an illegal instruction
767,moonshine$dispatch_767_layernorm_s8,,,1000000000,us,1000000000000,0,,excluded_impossible,layernorm_s8,M=1;K=288,,,excluded_impossible,hart 1's tile has no P-extension (PynqZ2Configs.scala:220 WithPExtOnTiles(0) names hart 0 only); this kernel's body is custom-0 throughout and holds no hart-1-executable alternative -- it would take an illegal instruction
768,moonshine$dispatch_768_linear_s8,,,0.545045243,ms,545045.243,0,,board_measured_b1_scaled_by_measured_region_factor_0.5883,linear_s8,M=1;K=288;N=288,21802,roccmoon_engine[curated],measured,
769,moonshine$dispatch_769_rope_s8,,,1000000000,us,1000000000000,0,,excluded_impossible,rope_s8,T=1;H=8;D=36;R=32,,,excluded_impossible,hart 1's tile has no P-extension (PynqZ2Configs.scala:220 WithPExtOnTiles(0) names hart 0 only); this kernel's body is custom-0 throughout and holds no hart-1-executable alternative -- it would take an illegal instruction
770,moonshine$dispatch_770_linear_s8,,,0.543750983,ms,543750.983,0,,board_measured_b1_scaled_by_measured_region_factor_0.5883,linear_s8,M=1;K=288;N=288,21750,roccmoon_engine[curated],measured,
771,moonshine$dispatch_771_rope_s8,,,1000000000,us,1000000000000,0,,excluded_impossible,rope_s8,T=1;H=8;D=36;R=32,,,excluded_impossible,hart 1's tile has no P-extension (PynqZ2Configs.scala:220 WithPExtOnTiles(0) names hart 0 only); this kernel's body is custom-0 throughout and holds no hart-1-executable alternative -- it would take an illegal instruction
772,moonshine$dispatch_772_linear_s8,,,0.538971045,ms,538971.045,0,,board_measured_b1_scaled_by_measured_region_factor_0.5883,linear_s8,M=1;K=288;N=288,21559,roccmoon_engine[curated],measured,
773,moonshine$dispatch_773_cat2_c1_s8,,,1000000000,us,1000000000000,0,,excluded_impossible,cat2_c1_s8,N=1;H=288;W=1;C_inputs=3|1;C_total=4,,,excluded_impossible,hart 1's tile has no P-extension (PynqZ2Configs.scala:220 WithPExtOnTiles(0) names hart 0 only); this kernel's body is custom-0 throughout and holds no hart-1-executable alternative -- it would take an illegal instruction
774,moonshine$dispatch_774_cat2_c1_s8,,,1000000000,us,1000000000000,0,,excluded_impossible,cat2_c1_s8,N=1;H=288;W=1;C_inputs=3|1;C_total=4,,,excluded_impossible,hart 1's tile has no P-extension (PynqZ2Configs.scala:220 WithPExtOnTiles(0) names hart 0 only); this kernel's body is custom-0 throughout and holds no hart-1-executable alternative -- it would take an illegal instruction
775,moonshine$dispatch_775_permute4_s8,,,1000000000,us,1000000000000,0,,excluded_impossible,permute4_s8,d0=1;d1=4;d2=8;d3=36;p0=0;p1=2;p2=1;p3=3,,,excluded_impossible,hart 1's tile has no P-extension (PynqZ2Configs.scala:220 WithPExtOnTiles(0) names hart 0 only); this kernel's body is custom-0 throughout and holds no hart-1-executable alternative -- it would take an illegal instruction
776,moonshine$dispatch_776_permute4_s8,,,1000000000,us,1000000000000,0,,excluded_impossible,permute4_s8,d0=1;d1=4;d2=8;d3=36;p0=0;p1=2;p2=1;p3=3,,,excluded_impossible,hart 1's tile has no P-extension (PynqZ2Configs.scala:220 WithPExtOnTiles(0) names hart 0 only); this kernel's body is custom-0 throughout and holds no hart-1-executable alternative -- it would take an illegal instruction
777,moonshine$dispatch_777_matmul_b_s8,,,1000000000,us,1000000000000,0,,excluded_impossible,matmul_b_s8,B=8;M=1;K=36;N=4;transpose_b=1,,,excluded_impossible,hart 1's tile has no P-extension (PynqZ2Configs.scala:220 WithPExtOnTiles(0) names hart 0 only); this kernel's body is custom-0 throughout and holds no hart-1-executable alternative -- it would take an illegal instruction
778,moonshine$dispatch_778_softmax_s8,,,1000000000,us,1000000000000,0,,excluded_impossible,softmax_s8,M=8;K=4,,,excluded_impossible,hart 1's tile has no P-extension (PynqZ2Configs.scala:220 WithPExtOnTiles(0) names hart 0 only); this kernel's body is custom-0 throughout and holds no hart-1-executable alternative -- it would take an illegal instruction
779,moonshine$dispatch_779_matmul_b_s8,,,1000000000,us,1000000000000,0,,excluded_impossible,matmul_b_s8,B=8;M=1;K=4;N=36;transpose_b=0,,,excluded_impossible,hart 1's tile has no P-extension (PynqZ2Configs.scala:220 WithPExtOnTiles(0) names hart 0 only); this kernel's body is custom-0 throughout and holds no hart-1-executable alternative -- it would take an illegal instruction
780,moonshine$dispatch_780_linear_s8,,,0.562002990,ms,562002.990,0,,board_measured_b1_scaled_by_measured_region_factor_0.5883,linear_s8,M=1;K=288;N=288,22480,roccmoon_engine[curated],measured,
781,moonshine$dispatch_781_add_s8,,,1000000000,us,1000000000000,0,,excluded_impossible,add_s8,n=288,,,excluded_impossible,hart 1's tile has no P-extension (PynqZ2Configs.scala:220 WithPExtOnTiles(0) names hart 0 only); this kernel's body is custom-0 throughout and holds no hart-1-executable alternative -- it would take an illegal instruction
782,moonshine$dispatch_782_layernorm_s8,,,1000000000,us,1000000000000,0,,excluded_impossible,layernorm_s8,M=1;K=288,,,excluded_impossible,hart 1's tile has no P-extension (PynqZ2Configs.scala:220 WithPExtOnTiles(0) names hart 0 only); this kernel's body is custom-0 throughout and holds no hart-1-executable alternative -- it would take an illegal instruction
783,moonshine$dispatch_783_linear_s8,,,0.549942840,ms,549942.840,0,,board_measured_b1_scaled_by_measured_region_factor_0.5883,linear_s8,M=1;K=288;N=288,21998,roccmoon_engine[curated],measured,
784,moonshine$dispatch_784_matmul_b_s8,,,1000000000,us,1000000000000,0,,excluded_impossible,matmul_b_s8,B=8;M=1;K=36;N=165;transpose_b=1,,,excluded_impossible,hart 1's tile has no P-extension (PynqZ2Configs.scala:220 WithPExtOnTiles(0) names hart 0 only); this kernel's body is custom-0 throughout and holds no hart-1-executable alternative -- it would take an illegal instruction
785,moonshine$dispatch_785_softmax_s8,,,1000000000,us,1000000000000,0,,excluded_impossible,softmax_s8,M=8;K=165,,,excluded_impossible,hart 1's tile has no P-extension (PynqZ2Configs.scala:220 WithPExtOnTiles(0) names hart 0 only); this kernel's body is custom-0 throughout and holds no hart-1-executable alternative -- it would take an illegal instruction
786,moonshine$dispatch_786_matmul_b_s8,,,1000000000,us,1000000000000,0,,excluded_impossible,matmul_b_s8,B=8;M=1;K=165;N=36;transpose_b=1,,,excluded_impossible,hart 1's tile has no P-extension (PynqZ2Configs.scala:220 WithPExtOnTiles(0) names hart 0 only); this kernel's body is custom-0 throughout and holds no hart-1-executable alternative -- it would take an illegal instruction
787,moonshine$dispatch_787_linear_s8,,,0.587108693,ms,587108.693,0,,board_measured_b1_scaled_by_measured_region_factor_0.5883,linear_s8,M=1;K=288;N=288,23484,roccmoon_engine[curated],measured,
788,moonshine$dispatch_788_add_s8,,,1000000000,us,1000000000000,0,,excluded_impossible,add_s8,n=288,,,excluded_impossible,hart 1's tile has no P-extension (PynqZ2Configs.scala:220 WithPExtOnTiles(0) names hart 0 only); this kernel's body is custom-0 throughout and holds no hart-1-executable alternative -- it would take an illegal instruction
789,moonshine$dispatch_789_layernorm_s8,,,1000000000,us,1000000000000,0,,excluded_impossible,layernorm_s8,M=1;K=288,,,excluded_impossible,hart 1's tile has no P-extension (PynqZ2Configs.scala:220 WithPExtOnTiles(0) names hart 0 only); this kernel's body is custom-0 throughout and holds no hart-1-executable alternative -- it would take an illegal instruction
790,moonshine$dispatch_790_linear_s8,,,1.256844120,ms,1256844.120,0,,board_measured_b1_scaled_by_measured_region_factor_0.5883,linear_s8,M=1;K=288;N=1152,50274,roccmoon_engine[curated],measured,
791,moonshine$dispatch_791_silu_s8,,,1000000000,us,1000000000000,0,,excluded_impossible,silu_s8,n=1152,,,excluded_impossible,hart 1's tile has no P-extension (PynqZ2Configs.scala:220 WithPExtOnTiles(0) names hart 0 only); this kernel's body is custom-0 throughout and holds no hart-1-executable alternative -- it would take an illegal instruction
792,moonshine$dispatch_792_linear_s8,,,1.258859048,ms,1258859.048,0,,board_measured_b1_scaled_by_measured_region_factor_0.5883,linear_s8,M=1;K=288;N=1152,50354,roccmoon_engine[curated],measured,
793,moonshine$dispatch_793_mul_s8,,,1000000000,us,1000000000000,0,,excluded_impossible,mul_s8,n=1152,,,excluded_impossible,hart 1's tile has no P-extension (PynqZ2Configs.scala:220 WithPExtOnTiles(0) names hart 0 only); this kernel's body is custom-0 throughout and holds no hart-1-executable alternative -- it would take an illegal instruction
794,moonshine$dispatch_794_linear_s8,,,1.268374800,ms,1268374.800,0,,board_measured_b1_scaled_by_measured_region_factor_0.5883,linear_s8,M=1;K=1152;N=288,50735,roccmoon_engine[curated],measured,
795,moonshine$dispatch_795_add_s8,,,1000000000,us,1000000000000,0,,excluded_impossible,add_s8,n=288,,,excluded_impossible,hart 1's tile has no P-extension (PynqZ2Configs.scala:220 WithPExtOnTiles(0) names hart 0 only); this kernel's body is custom-0 throughout and holds no hart-1-executable alternative -- it would take an illegal instruction
796,moonshine$dispatch_796_layernorm_s8,,,1000000000,us,1000000000000,0,,excluded_impossible,layernorm_s8,M=1;K=288,,,excluded_impossible,hart 1's tile has no P-extension (PynqZ2Configs.scala:220 WithPExtOnTiles(0) names hart 0 only); this kernel's body is custom-0 throughout and holds no hart-1-executable alternative -- it would take an illegal instruction
797,moonshine$dispatch_797_linear_s8,,,0.554193308,ms,554193.308,0,,board_measured_b1_scaled_by_measured_region_factor_0.5883,linear_s8,M=1;K=288;N=288,22168,roccmoon_engine[curated],measured,
798,moonshine$dispatch_798_rope_s8,,,1000000000,us,1000000000000,0,,excluded_impossible,rope_s8,T=1;H=8;D=36;R=32,,,excluded_impossible,hart 1's tile has no P-extension (PynqZ2Configs.scala:220 WithPExtOnTiles(0) names hart 0 only); this kernel's body is custom-0 throughout and holds no hart-1-executable alternative -- it would take an illegal instruction
799,moonshine$dispatch_799_linear_s8,,,0.548751533,ms,548751.533,0,,board_measured_b1_scaled_by_measured_region_factor_0.5883,linear_s8,M=1;K=288;N=288,21950,roccmoon_engine[curated],measured,
800,moonshine$dispatch_800_rope_s8,,,1000000000,us,1000000000000,0,,excluded_impossible,rope_s8,T=1;H=8;D=36;R=32,,,excluded_impossible,hart 1's tile has no P-extension (PynqZ2Configs.scala:220 WithPExtOnTiles(0) names hart 0 only); this kernel's body is custom-0 throughout and holds no hart-1-executable alternative -- it would take an illegal instruction
801,moonshine$dispatch_801_linear_s8,,,0.548383845,ms,548383.845,0,,board_measured_b1_scaled_by_measured_region_factor_0.5883,linear_s8,M=1;K=288;N=288,21935,roccmoon_engine[curated],measured,
802,moonshine$dispatch_802_cat2_c1_s8,,,1000000000,us,1000000000000,0,,excluded_impossible,cat2_c1_s8,N=1;H=288;W=1;C_inputs=3|1;C_total=4,,,excluded_impossible,hart 1's tile has no P-extension (PynqZ2Configs.scala:220 WithPExtOnTiles(0) names hart 0 only); this kernel's body is custom-0 throughout and holds no hart-1-executable alternative -- it would take an illegal instruction
803,moonshine$dispatch_803_cat2_c1_s8,,,1000000000,us,1000000000000,0,,excluded_impossible,cat2_c1_s8,N=1;H=288;W=1;C_inputs=3|1;C_total=4,,,excluded_impossible,hart 1's tile has no P-extension (PynqZ2Configs.scala:220 WithPExtOnTiles(0) names hart 0 only); this kernel's body is custom-0 throughout and holds no hart-1-executable alternative -- it would take an illegal instruction
804,moonshine$dispatch_804_permute4_s8,,,1000000000,us,1000000000000,0,,excluded_impossible,permute4_s8,d0=1;d1=4;d2=8;d3=36;p0=0;p1=2;p2=1;p3=3,,,excluded_impossible,hart 1's tile has no P-extension (PynqZ2Configs.scala:220 WithPExtOnTiles(0) names hart 0 only); this kernel's body is custom-0 throughout and holds no hart-1-executable alternative -- it would take an illegal instruction
805,moonshine$dispatch_805_permute4_s8,,,1000000000,us,1000000000000,0,,excluded_impossible,permute4_s8,d0=1;d1=4;d2=8;d3=36;p0=0;p1=2;p2=1;p3=3,,,excluded_impossible,hart 1's tile has no P-extension (PynqZ2Configs.scala:220 WithPExtOnTiles(0) names hart 0 only); this kernel's body is custom-0 throughout and holds no hart-1-executable alternative -- it would take an illegal instruction
806,moonshine$dispatch_806_matmul_b_s8,,,1000000000,us,1000000000000,0,,excluded_impossible,matmul_b_s8,B=8;M=1;K=36;N=4;transpose_b=1,,,excluded_impossible,hart 1's tile has no P-extension (PynqZ2Configs.scala:220 WithPExtOnTiles(0) names hart 0 only); this kernel's body is custom-0 throughout and holds no hart-1-executable alternative -- it would take an illegal instruction
807,moonshine$dispatch_807_softmax_s8,,,1000000000,us,1000000000000,0,,excluded_impossible,softmax_s8,M=8;K=4,,,excluded_impossible,hart 1's tile has no P-extension (PynqZ2Configs.scala:220 WithPExtOnTiles(0) names hart 0 only); this kernel's body is custom-0 throughout and holds no hart-1-executable alternative -- it would take an illegal instruction
808,moonshine$dispatch_808_matmul_b_s8,,,1000000000,us,1000000000000,0,,excluded_impossible,matmul_b_s8,B=8;M=1;K=4;N=36;transpose_b=0,,,excluded_impossible,hart 1's tile has no P-extension (PynqZ2Configs.scala:220 WithPExtOnTiles(0) names hart 0 only); this kernel's body is custom-0 throughout and holds no hart-1-executable alternative -- it would take an illegal instruction
809,moonshine$dispatch_809_linear_s8,,,0.569430277,ms,569430.277,0,,board_measured_b1_scaled_by_measured_region_factor_0.5883,linear_s8,M=1;K=288;N=288,22777,roccmoon_engine[curated],measured,
810,moonshine$dispatch_810_add_s8,,,1000000000,us,1000000000000,0,,excluded_impossible,add_s8,n=288,,,excluded_impossible,hart 1's tile has no P-extension (PynqZ2Configs.scala:220 WithPExtOnTiles(0) names hart 0 only); this kernel's body is custom-0 throughout and holds no hart-1-executable alternative -- it would take an illegal instruction
811,moonshine$dispatch_811_layernorm_s8,,,1000000000,us,1000000000000,0,,excluded_impossible,layernorm_s8,M=1;K=288,,,excluded_impossible,hart 1's tile has no P-extension (PynqZ2Configs.scala:220 WithPExtOnTiles(0) names hart 0 only); this kernel's body is custom-0 throughout and holds no hart-1-executable alternative -- it would take an illegal instruction
812,moonshine$dispatch_812_linear_s8,,,0.560635193,ms,560635.193,0,,board_measured_b1_scaled_by_measured_region_factor_0.5883,linear_s8,M=1;K=288;N=288,22425,roccmoon_engine[curated],measured,
813,moonshine$dispatch_813_matmul_b_s8,,,1000000000,us,1000000000000,0,,excluded_impossible,matmul_b_s8,B=8;M=1;K=36;N=165;transpose_b=1,,,excluded_impossible,hart 1's tile has no P-extension (PynqZ2Configs.scala:220 WithPExtOnTiles(0) names hart 0 only); this kernel's body is custom-0 throughout and holds no hart-1-executable alternative -- it would take an illegal instruction
814,moonshine$dispatch_814_softmax_s8,,,1000000000,us,1000000000000,0,,excluded_impossible,softmax_s8,M=8;K=165,,,excluded_impossible,hart 1's tile has no P-extension (PynqZ2Configs.scala:220 WithPExtOnTiles(0) names hart 0 only); this kernel's body is custom-0 throughout and holds no hart-1-executable alternative -- it would take an illegal instruction
815,moonshine$dispatch_815_matmul_b_s8,,,1000000000,us,1000000000000,0,,excluded_impossible,matmul_b_s8,B=8;M=1;K=165;N=36;transpose_b=1,,,excluded_impossible,hart 1's tile has no P-extension (PynqZ2Configs.scala:220 WithPExtOnTiles(0) names hart 0 only); this kernel's body is custom-0 throughout and holds no hart-1-executable alternative -- it would take an illegal instruction
816,moonshine$dispatch_816_linear_s8,,,0.587093985,ms,587093.985,0,,board_measured_b1_scaled_by_measured_region_factor_0.5883,linear_s8,M=1;K=288;N=288,23484,roccmoon_engine[curated],measured,
817,moonshine$dispatch_817_add_s8,,,1000000000,us,1000000000000,0,,excluded_impossible,add_s8,n=288,,,excluded_impossible,hart 1's tile has no P-extension (PynqZ2Configs.scala:220 WithPExtOnTiles(0) names hart 0 only); this kernel's body is custom-0 throughout and holds no hart-1-executable alternative -- it would take an illegal instruction
818,moonshine$dispatch_818_layernorm_s8,,,1000000000,us,1000000000000,0,,excluded_impossible,layernorm_s8,M=1;K=288,,,excluded_impossible,hart 1's tile has no P-extension (PynqZ2Configs.scala:220 WithPExtOnTiles(0) names hart 0 only); this kernel's body is custom-0 throughout and holds no hart-1-executable alternative -- it would take an illegal instruction
819,moonshine$dispatch_819_linear_s8,,,1.265903940,ms,1265903.940,0,,board_measured_b1_scaled_by_measured_region_factor_0.5883,linear_s8,M=1;K=288;N=1152,50636,roccmoon_engine[curated],measured,
820,moonshine$dispatch_820_silu_s8,,,1000000000,us,1000000000000,0,,excluded_impossible,silu_s8,n=1152,,,excluded_impossible,hart 1's tile has no P-extension (PynqZ2Configs.scala:220 WithPExtOnTiles(0) names hart 0 only); this kernel's body is custom-0 throughout and holds no hart-1-executable alternative -- it would take an illegal instruction
821,moonshine$dispatch_821_linear_s8,,,1.276963980,ms,1276963.980,0,,board_measured_b1_scaled_by_measured_region_factor_0.5883,linear_s8,M=1;K=288;N=1152,51079,roccmoon_engine[curated],measured,
822,moonshine$dispatch_822_mul_s8,,,1000000000,us,1000000000000,0,,excluded_impossible,mul_s8,n=1152,,,excluded_impossible,hart 1's tile has no P-extension (PynqZ2Configs.scala:220 WithPExtOnTiles(0) names hart 0 only); this kernel's body is custom-0 throughout and holds no hart-1-executable alternative -- it would take an illegal instruction
823,moonshine$dispatch_823_linear_s8,,,1.288509368,ms,1288509.368,0,,board_measured_b1_scaled_by_measured_region_factor_0.5883,linear_s8,M=1;K=1152;N=288,51540,roccmoon_engine[curated],measured,
824,moonshine$dispatch_824_add_s8,,,1000000000,us,1000000000000,0,,excluded_impossible,add_s8,n=288,,,excluded_impossible,hart 1's tile has no P-extension (PynqZ2Configs.scala:220 WithPExtOnTiles(0) names hart 0 only); this kernel's body is custom-0 throughout and holds no hart-1-executable alternative -- it would take an illegal instruction
825,moonshine$dispatch_825_layernorm_s8,,,1000000000,us,1000000000000,0,,excluded_impossible,layernorm_s8,M=1;K=288,,,excluded_impossible,hart 1's tile has no P-extension (PynqZ2Configs.scala:220 WithPExtOnTiles(0) names hart 0 only); this kernel's body is custom-0 throughout and holds no hart-1-executable alternative -- it would take an illegal instruction
826,moonshine$dispatch_826_linear_s8,,,14.163366623,ms,14163366.623,0,,board_measured_b1_scaled_by_measured_region_factor_0.5883,linear_s8,M=1;K=288;N=16384,566535,roccmoon_engine[curated],measured,
827,moonshine$dispatch_827_linear_s8,,,14.138569778,ms,14138569.777,0,,board_measured_b1_scaled_by_measured_region_factor_0.5883,linear_s8,M=1;K=288;N=16384,565543,roccmoon_engine[curated],measured,
828,moonshine$dispatch_828_cat2_c1_s8,,,1000000000,us,1000000000000,0,,excluded_impossible,cat2_c1_s8,N=1;H=1;W=1;C_inputs=16384|16384;C_total=32768,,,excluded_impossible,hart 1's tile has no P-extension (PynqZ2Configs.scala:220 WithPExtOnTiles(0) names hart 0 only); this kernel's body is custom-0 throughout and holds no hart-1-executable alternative -- it would take an illegal instruction
829,moonshine$dispatch_829_layernorm_s8,,,1000000000,us,1000000000000,0,,excluded_impossible,layernorm_s8,M=1;K=288,,,excluded_impossible,hart 1's tile has no P-extension (PynqZ2Configs.scala:220 WithPExtOnTiles(0) names hart 0 only); this kernel's body is custom-0 throughout and holds no hart-1-executable alternative -- it would take an illegal instruction
830,moonshine$dispatch_830_linear_s8,,,0.568533120,ms,568533.120,0,,board_measured_b1_scaled_by_measured_region_factor_0.5883,linear_s8,M=1;K=288;N=288,22741,roccmoon_engine[curated],measured,
831,moonshine$dispatch_831_rope_s8,,,1000000000,us,1000000000000,0,,excluded_impossible,rope_s8,T=1;H=8;D=36;R=32,,,excluded_impossible,hart 1's tile has no P-extension (PynqZ2Configs.scala:220 WithPExtOnTiles(0) names hart 0 only); this kernel's body is custom-0 throughout and holds no hart-1-executable alternative -- it would take an illegal instruction
832,moonshine$dispatch_832_linear_s8,,,0.532455623,ms,532455.623,0,,board_measured_b1_scaled_by_measured_region_factor_0.5883,linear_s8,M=1;K=288;N=288,21298,roccmoon_engine[curated],measured,
833,moonshine$dispatch_833_rope_s8,,,1000000000,us,1000000000000,0,,excluded_impossible,rope_s8,T=1;H=8;D=36;R=32,,,excluded_impossible,hart 1's tile has no P-extension (PynqZ2Configs.scala:220 WithPExtOnTiles(0) names hart 0 only); this kernel's body is custom-0 throughout and holds no hart-1-executable alternative -- it would take an illegal instruction
834,moonshine$dispatch_834_linear_s8,,,0.518380545,ms,518380.545,0,,board_measured_b1_scaled_by_measured_region_factor_0.5883,linear_s8,M=1;K=288;N=288,20735,roccmoon_engine[curated],measured,
835,moonshine$dispatch_835_cat2_c1_s8,,,1000000000,us,1000000000000,0,,excluded_impossible,cat2_c1_s8,N=1;H=288;W=1;C_inputs=4|1;C_total=5,,,excluded_impossible,hart 1's tile has no P-extension (PynqZ2Configs.scala:220 WithPExtOnTiles(0) names hart 0 only); this kernel's body is custom-0 throughout and holds no hart-1-executable alternative -- it would take an illegal instruction
836,moonshine$dispatch_836_cat2_c1_s8,,,1000000000,us,1000000000000,0,,excluded_impossible,cat2_c1_s8,N=1;H=288;W=1;C_inputs=4|1;C_total=5,,,excluded_impossible,hart 1's tile has no P-extension (PynqZ2Configs.scala:220 WithPExtOnTiles(0) names hart 0 only); this kernel's body is custom-0 throughout and holds no hart-1-executable alternative -- it would take an illegal instruction
837,moonshine$dispatch_837_permute4_s8,,,1000000000,us,1000000000000,0,,excluded_impossible,permute4_s8,d0=1;d1=5;d2=8;d3=36;p0=0;p1=2;p2=1;p3=3,,,excluded_impossible,hart 1's tile has no P-extension (PynqZ2Configs.scala:220 WithPExtOnTiles(0) names hart 0 only); this kernel's body is custom-0 throughout and holds no hart-1-executable alternative -- it would take an illegal instruction
838,moonshine$dispatch_838_permute4_s8,,,1000000000,us,1000000000000,0,,excluded_impossible,permute4_s8,d0=1;d1=5;d2=8;d3=36;p0=0;p1=2;p2=1;p3=3,,,excluded_impossible,hart 1's tile has no P-extension (PynqZ2Configs.scala:220 WithPExtOnTiles(0) names hart 0 only); this kernel's body is custom-0 throughout and holds no hart-1-executable alternative -- it would take an illegal instruction
839,moonshine$dispatch_839_matmul_b_s8,,,1000000000,us,1000000000000,0,,excluded_impossible,matmul_b_s8,B=8;M=1;K=36;N=5;transpose_b=1,,,excluded_impossible,hart 1's tile has no P-extension (PynqZ2Configs.scala:220 WithPExtOnTiles(0) names hart 0 only); this kernel's body is custom-0 throughout and holds no hart-1-executable alternative -- it would take an illegal instruction
840,moonshine$dispatch_840_softmax_s8,,,1000000000,us,1000000000000,0,,excluded_impossible,softmax_s8,M=8;K=5,,,excluded_impossible,hart 1's tile has no P-extension (PynqZ2Configs.scala:220 WithPExtOnTiles(0) names hart 0 only); this kernel's body is custom-0 throughout and holds no hart-1-executable alternative -- it would take an illegal instruction
841,moonshine$dispatch_841_matmul_b_s8,,,1000000000,us,1000000000000,0,,excluded_impossible,matmul_b_s8,B=8;M=1;K=5;N=36;transpose_b=0,,,excluded_impossible,hart 1's tile has no P-extension (PynqZ2Configs.scala:220 WithPExtOnTiles(0) names hart 0 only); this kernel's body is custom-0 throughout and holds no hart-1-executable alternative -- it would take an illegal instruction
842,moonshine$dispatch_842_linear_s8,,,0.542794995,ms,542794.995,0,,board_measured_b1_scaled_by_measured_region_factor_0.5883,linear_s8,M=1;K=288;N=288,21712,roccmoon_engine[curated],measured,
843,moonshine$dispatch_843_add_s8,,,1000000000,us,1000000000000,0,,excluded_impossible,add_s8,n=288,,,excluded_impossible,hart 1's tile has no P-extension (PynqZ2Configs.scala:220 WithPExtOnTiles(0) names hart 0 only); this kernel's body is custom-0 throughout and holds no hart-1-executable alternative -- it would take an illegal instruction
844,moonshine$dispatch_844_layernorm_s8,,,1000000000,us,1000000000000,0,,excluded_impossible,layernorm_s8,M=1;K=288,,,excluded_impossible,hart 1's tile has no P-extension (PynqZ2Configs.scala:220 WithPExtOnTiles(0) names hart 0 only); this kernel's body is custom-0 throughout and holds no hart-1-executable alternative -- it would take an illegal instruction
845,moonshine$dispatch_845_linear_s8,,,0.527278583,ms,527278.583,0,,board_measured_b1_scaled_by_measured_region_factor_0.5883,linear_s8,M=1;K=288;N=288,21091,roccmoon_engine[curated],measured,
846,moonshine$dispatch_846_matmul_b_s8,,,1000000000,us,1000000000000,0,,excluded_impossible,matmul_b_s8,B=8;M=1;K=36;N=165;transpose_b=1,,,excluded_impossible,hart 1's tile has no P-extension (PynqZ2Configs.scala:220 WithPExtOnTiles(0) names hart 0 only); this kernel's body is custom-0 throughout and holds no hart-1-executable alternative -- it would take an illegal instruction
847,moonshine$dispatch_847_softmax_s8,,,1000000000,us,1000000000000,0,,excluded_impossible,softmax_s8,M=8;K=165,,,excluded_impossible,hart 1's tile has no P-extension (PynqZ2Configs.scala:220 WithPExtOnTiles(0) names hart 0 only); this kernel's body is custom-0 throughout and holds no hart-1-executable alternative -- it would take an illegal instruction
848,moonshine$dispatch_848_matmul_b_s8,,,1000000000,us,1000000000000,0,,excluded_impossible,matmul_b_s8,B=8;M=1;K=165;N=36;transpose_b=1,,,excluded_impossible,hart 1's tile has no P-extension (PynqZ2Configs.scala:220 WithPExtOnTiles(0) names hart 0 only); this kernel's body is custom-0 throughout and holds no hart-1-executable alternative -- it would take an illegal instruction
849,moonshine$dispatch_849_linear_s8,,,0.554899267,ms,554899.267,0,,board_measured_b1_scaled_by_measured_region_factor_0.5883,linear_s8,M=1;K=288;N=288,22196,roccmoon_engine[curated],measured,
850,moonshine$dispatch_850_add_s8,,,1000000000,us,1000000000000,0,,excluded_impossible,add_s8,n=288,,,excluded_impossible,hart 1's tile has no P-extension (PynqZ2Configs.scala:220 WithPExtOnTiles(0) names hart 0 only); this kernel's body is custom-0 throughout and holds no hart-1-executable alternative -- it would take an illegal instruction
851,moonshine$dispatch_851_layernorm_s8,,,1000000000,us,1000000000000,0,,excluded_impossible,layernorm_s8,M=1;K=288,,,excluded_impossible,hart 1's tile has no P-extension (PynqZ2Configs.scala:220 WithPExtOnTiles(0) names hart 0 only); this kernel's body is custom-0 throughout and holds no hart-1-executable alternative -- it would take an illegal instruction
852,moonshine$dispatch_852_linear_s8,,,1.233738637,ms,1233738.637,0,,board_measured_b1_scaled_by_measured_region_factor_0.5883,linear_s8,M=1;K=288;N=1152,49350,roccmoon_engine[curated],measured,
853,moonshine$dispatch_853_silu_s8,,,1000000000,us,1000000000000,0,,excluded_impossible,silu_s8,n=1152,,,excluded_impossible,hart 1's tile has no P-extension (PynqZ2Configs.scala:220 WithPExtOnTiles(0) names hart 0 only); this kernel's body is custom-0 throughout and holds no hart-1-executable alternative -- it would take an illegal instruction
854,moonshine$dispatch_854_linear_s8,,,1.232150228,ms,1232150.228,0,,board_measured_b1_scaled_by_measured_region_factor_0.5883,linear_s8,M=1;K=288;N=1152,49286,roccmoon_engine[curated],measured,
855,moonshine$dispatch_855_mul_s8,,,1000000000,us,1000000000000,0,,excluded_impossible,mul_s8,n=1152,,,excluded_impossible,hart 1's tile has no P-extension (PynqZ2Configs.scala:220 WithPExtOnTiles(0) names hart 0 only); this kernel's body is custom-0 throughout and holds no hart-1-executable alternative -- it would take an illegal instruction
856,moonshine$dispatch_856_linear_s8,,,1.240768823,ms,1240768.823,0,,board_measured_b1_scaled_by_measured_region_factor_0.5883,linear_s8,M=1;K=1152;N=288,49631,roccmoon_engine[curated],measured,
857,moonshine$dispatch_857_add_s8,,,1000000000,us,1000000000000,0,,excluded_impossible,add_s8,n=288,,,excluded_impossible,hart 1's tile has no P-extension (PynqZ2Configs.scala:220 WithPExtOnTiles(0) names hart 0 only); this kernel's body is custom-0 throughout and holds no hart-1-executable alternative -- it would take an illegal instruction
858,moonshine$dispatch_858_layernorm_s8,,,1000000000,us,1000000000000,0,,excluded_impossible,layernorm_s8,M=1;K=288,,,excluded_impossible,hart 1's tile has no P-extension (PynqZ2Configs.scala:220 WithPExtOnTiles(0) names hart 0 only); this kernel's body is custom-0 throughout and holds no hart-1-executable alternative -- it would take an illegal instruction
859,moonshine$dispatch_859_linear_s8,,,0.525734295,ms,525734.295,0,,board_measured_b1_scaled_by_measured_region_factor_0.5883,linear_s8,M=1;K=288;N=288,21029,roccmoon_engine[curated],measured,
860,moonshine$dispatch_860_rope_s8,,,1000000000,us,1000000000000,0,,excluded_impossible,rope_s8,T=1;H=8;D=36;R=32,,,excluded_impossible,hart 1's tile has no P-extension (PynqZ2Configs.scala:220 WithPExtOnTiles(0) names hart 0 only); this kernel's body is custom-0 throughout and holds no hart-1-executable alternative -- it would take an illegal instruction
861,moonshine$dispatch_861_linear_s8,,,0.521895638,ms,521895.638,0,,board_measured_b1_scaled_by_measured_region_factor_0.5883,linear_s8,M=1;K=288;N=288,20876,roccmoon_engine[curated],measured,
862,moonshine$dispatch_862_rope_s8,,,1000000000,us,1000000000000,0,,excluded_impossible,rope_s8,T=1;H=8;D=36;R=32,,,excluded_impossible,hart 1's tile has no P-extension (PynqZ2Configs.scala:220 WithPExtOnTiles(0) names hart 0 only); this kernel's body is custom-0 throughout and holds no hart-1-executable alternative -- it would take an illegal instruction
863,moonshine$dispatch_863_linear_s8,,,0.528911115,ms,528911.115,0,,board_measured_b1_scaled_by_measured_region_factor_0.5883,linear_s8,M=1;K=288;N=288,21156,roccmoon_engine[curated],measured,
864,moonshine$dispatch_864_cat2_c1_s8,,,1000000000,us,1000000000000,0,,excluded_impossible,cat2_c1_s8,N=1;H=288;W=1;C_inputs=4|1;C_total=5,,,excluded_impossible,hart 1's tile has no P-extension (PynqZ2Configs.scala:220 WithPExtOnTiles(0) names hart 0 only); this kernel's body is custom-0 throughout and holds no hart-1-executable alternative -- it would take an illegal instruction
865,moonshine$dispatch_865_cat2_c1_s8,,,1000000000,us,1000000000000,0,,excluded_impossible,cat2_c1_s8,N=1;H=288;W=1;C_inputs=4|1;C_total=5,,,excluded_impossible,hart 1's tile has no P-extension (PynqZ2Configs.scala:220 WithPExtOnTiles(0) names hart 0 only); this kernel's body is custom-0 throughout and holds no hart-1-executable alternative -- it would take an illegal instruction
866,moonshine$dispatch_866_permute4_s8,,,1000000000,us,1000000000000,0,,excluded_impossible,permute4_s8,d0=1;d1=5;d2=8;d3=36;p0=0;p1=2;p2=1;p3=3,,,excluded_impossible,hart 1's tile has no P-extension (PynqZ2Configs.scala:220 WithPExtOnTiles(0) names hart 0 only); this kernel's body is custom-0 throughout and holds no hart-1-executable alternative -- it would take an illegal instruction
867,moonshine$dispatch_867_permute4_s8,,,1000000000,us,1000000000000,0,,excluded_impossible,permute4_s8,d0=1;d1=5;d2=8;d3=36;p0=0;p1=2;p2=1;p3=3,,,excluded_impossible,hart 1's tile has no P-extension (PynqZ2Configs.scala:220 WithPExtOnTiles(0) names hart 0 only); this kernel's body is custom-0 throughout and holds no hart-1-executable alternative -- it would take an illegal instruction
868,moonshine$dispatch_868_matmul_b_s8,,,1000000000,us,1000000000000,0,,excluded_impossible,matmul_b_s8,B=8;M=1;K=36;N=5;transpose_b=1,,,excluded_impossible,hart 1's tile has no P-extension (PynqZ2Configs.scala:220 WithPExtOnTiles(0) names hart 0 only); this kernel's body is custom-0 throughout and holds no hart-1-executable alternative -- it would take an illegal instruction
869,moonshine$dispatch_869_softmax_s8,,,1000000000,us,1000000000000,0,,excluded_impossible,softmax_s8,M=8;K=5,,,excluded_impossible,hart 1's tile has no P-extension (PynqZ2Configs.scala:220 WithPExtOnTiles(0) names hart 0 only); this kernel's body is custom-0 throughout and holds no hart-1-executable alternative -- it would take an illegal instruction
870,moonshine$dispatch_870_matmul_b_s8,,,1000000000,us,1000000000000,0,,excluded_impossible,matmul_b_s8,B=8;M=1;K=5;N=36;transpose_b=0,,,excluded_impossible,hart 1's tile has no P-extension (PynqZ2Configs.scala:220 WithPExtOnTiles(0) names hart 0 only); this kernel's body is custom-0 throughout and holds no hart-1-executable alternative -- it would take an illegal instruction
871,moonshine$dispatch_871_linear_s8,,,0.550663508,ms,550663.508,0,,board_measured_b1_scaled_by_measured_region_factor_0.5883,linear_s8,M=1;K=288;N=288,22027,roccmoon_engine[curated],measured,
872,moonshine$dispatch_872_add_s8,,,1000000000,us,1000000000000,0,,excluded_impossible,add_s8,n=288,,,excluded_impossible,hart 1's tile has no P-extension (PynqZ2Configs.scala:220 WithPExtOnTiles(0) names hart 0 only); this kernel's body is custom-0 throughout and holds no hart-1-executable alternative -- it would take an illegal instruction
873,moonshine$dispatch_873_layernorm_s8,,,1000000000,us,1000000000000,0,,excluded_impossible,layernorm_s8,M=1;K=288,,,excluded_impossible,hart 1's tile has no P-extension (PynqZ2Configs.scala:220 WithPExtOnTiles(0) names hart 0 only); this kernel's body is custom-0 throughout and holds no hart-1-executable alternative -- it would take an illegal instruction
874,moonshine$dispatch_874_linear_s8,,,0.530690723,ms,530690.723,0,,board_measured_b1_scaled_by_measured_region_factor_0.5883,linear_s8,M=1;K=288;N=288,21228,roccmoon_engine[curated],measured,
875,moonshine$dispatch_875_matmul_b_s8,,,1000000000,us,1000000000000,0,,excluded_impossible,matmul_b_s8,B=8;M=1;K=36;N=165;transpose_b=1,,,excluded_impossible,hart 1's tile has no P-extension (PynqZ2Configs.scala:220 WithPExtOnTiles(0) names hart 0 only); this kernel's body is custom-0 throughout and holds no hart-1-executable alternative -- it would take an illegal instruction
876,moonshine$dispatch_876_softmax_s8,,,1000000000,us,1000000000000,0,,excluded_impossible,softmax_s8,M=8;K=165,,,excluded_impossible,hart 1's tile has no P-extension (PynqZ2Configs.scala:220 WithPExtOnTiles(0) names hart 0 only); this kernel's body is custom-0 throughout and holds no hart-1-executable alternative -- it would take an illegal instruction
877,moonshine$dispatch_877_matmul_b_s8,,,1000000000,us,1000000000000,0,,excluded_impossible,matmul_b_s8,B=8;M=1;K=165;N=36;transpose_b=1,,,excluded_impossible,hart 1's tile has no P-extension (PynqZ2Configs.scala:220 WithPExtOnTiles(0) names hart 0 only); this kernel's body is custom-0 throughout and holds no hart-1-executable alternative -- it would take an illegal instruction
878,moonshine$dispatch_878_linear_s8,,,0.565415130,ms,565415.130,0,,board_measured_b1_scaled_by_measured_region_factor_0.5883,linear_s8,M=1;K=288;N=288,22617,roccmoon_engine[curated],measured,
879,moonshine$dispatch_879_add_s8,,,1000000000,us,1000000000000,0,,excluded_impossible,add_s8,n=288,,,excluded_impossible,hart 1's tile has no P-extension (PynqZ2Configs.scala:220 WithPExtOnTiles(0) names hart 0 only); this kernel's body is custom-0 throughout and holds no hart-1-executable alternative -- it would take an illegal instruction
880,moonshine$dispatch_880_layernorm_s8,,,1000000000,us,1000000000000,0,,excluded_impossible,layernorm_s8,M=1;K=288,,,excluded_impossible,hart 1's tile has no P-extension (PynqZ2Configs.scala:220 WithPExtOnTiles(0) names hart 0 only); this kernel's body is custom-0 throughout and holds no hart-1-executable alternative -- it would take an illegal instruction
881,moonshine$dispatch_881_linear_s8,,,1.238680358,ms,1238680.358,0,,board_measured_b1_scaled_by_measured_region_factor_0.5883,linear_s8,M=1;K=288;N=1152,49547,roccmoon_engine[curated],measured,
882,moonshine$dispatch_882_silu_s8,,,1000000000,us,1000000000000,0,,excluded_impossible,silu_s8,n=1152,,,excluded_impossible,hart 1's tile has no P-extension (PynqZ2Configs.scala:220 WithPExtOnTiles(0) names hart 0 only); this kernel's body is custom-0 throughout and holds no hart-1-executable alternative -- it would take an illegal instruction
883,moonshine$dispatch_883_linear_s8,,,1.235930055,ms,1235930.055,0,,board_measured_b1_scaled_by_measured_region_factor_0.5883,linear_s8,M=1;K=288;N=1152,49437,roccmoon_engine[curated],measured,
884,moonshine$dispatch_884_mul_s8,,,1000000000,us,1000000000000,0,,excluded_impossible,mul_s8,n=1152,,,excluded_impossible,hart 1's tile has no P-extension (PynqZ2Configs.scala:220 WithPExtOnTiles(0) names hart 0 only); this kernel's body is custom-0 throughout and holds no hart-1-executable alternative -- it would take an illegal instruction
885,moonshine$dispatch_885_linear_s8,,,1.247769593,ms,1247769.593,0,,board_measured_b1_scaled_by_measured_region_factor_0.5883,linear_s8,M=1;K=1152;N=288,49911,roccmoon_engine[curated],measured,
886,moonshine$dispatch_886_add_s8,,,1000000000,us,1000000000000,0,,excluded_impossible,add_s8,n=288,,,excluded_impossible,hart 1's tile has no P-extension (PynqZ2Configs.scala:220 WithPExtOnTiles(0) names hart 0 only); this kernel's body is custom-0 throughout and holds no hart-1-executable alternative -- it would take an illegal instruction
887,moonshine$dispatch_887_layernorm_s8,,,1000000000,us,1000000000000,0,,excluded_impossible,layernorm_s8,M=1;K=288,,,excluded_impossible,hart 1's tile has no P-extension (PynqZ2Configs.scala:220 WithPExtOnTiles(0) names hart 0 only); this kernel's body is custom-0 throughout and holds no hart-1-executable alternative -- it would take an illegal instruction
888,moonshine$dispatch_888_linear_s8,,,0.534867653,ms,534867.652,0,,board_measured_b1_scaled_by_measured_region_factor_0.5883,linear_s8,M=1;K=288;N=288,21395,roccmoon_engine[curated],measured,
889,moonshine$dispatch_889_rope_s8,,,1000000000,us,1000000000000,0,,excluded_impossible,rope_s8,T=1;H=8;D=36;R=32,,,excluded_impossible,hart 1's tile has no P-extension (PynqZ2Configs.scala:220 WithPExtOnTiles(0) names hart 0 only); this kernel's body is custom-0 throughout and holds no hart-1-executable alternative -- it would take an illegal instruction
890,moonshine$dispatch_890_linear_s8,,,0.533499855,ms,533499.855,0,,board_measured_b1_scaled_by_measured_region_factor_0.5883,linear_s8,M=1;K=288;N=288,21340,roccmoon_engine[curated],measured,
891,moonshine$dispatch_891_rope_s8,,,1000000000,us,1000000000000,0,,excluded_impossible,rope_s8,T=1;H=8;D=36;R=32,,,excluded_impossible,hart 1's tile has no P-extension (PynqZ2Configs.scala:220 WithPExtOnTiles(0) names hart 0 only); this kernel's body is custom-0 throughout and holds no hart-1-executable alternative -- it would take an illegal instruction
892,moonshine$dispatch_892_linear_s8,,,0.530175960,ms,530175.960,0,,board_measured_b1_scaled_by_measured_region_factor_0.5883,linear_s8,M=1;K=288;N=288,21207,roccmoon_engine[curated],measured,
893,moonshine$dispatch_893_cat2_c1_s8,,,1000000000,us,1000000000000,0,,excluded_impossible,cat2_c1_s8,N=1;H=288;W=1;C_inputs=4|1;C_total=5,,,excluded_impossible,hart 1's tile has no P-extension (PynqZ2Configs.scala:220 WithPExtOnTiles(0) names hart 0 only); this kernel's body is custom-0 throughout and holds no hart-1-executable alternative -- it would take an illegal instruction
894,moonshine$dispatch_894_cat2_c1_s8,,,1000000000,us,1000000000000,0,,excluded_impossible,cat2_c1_s8,N=1;H=288;W=1;C_inputs=4|1;C_total=5,,,excluded_impossible,hart 1's tile has no P-extension (PynqZ2Configs.scala:220 WithPExtOnTiles(0) names hart 0 only); this kernel's body is custom-0 throughout and holds no hart-1-executable alternative -- it would take an illegal instruction
895,moonshine$dispatch_895_permute4_s8,,,1000000000,us,1000000000000,0,,excluded_impossible,permute4_s8,d0=1;d1=5;d2=8;d3=36;p0=0;p1=2;p2=1;p3=3,,,excluded_impossible,hart 1's tile has no P-extension (PynqZ2Configs.scala:220 WithPExtOnTiles(0) names hart 0 only); this kernel's body is custom-0 throughout and holds no hart-1-executable alternative -- it would take an illegal instruction
896,moonshine$dispatch_896_permute4_s8,,,1000000000,us,1000000000000,0,,excluded_impossible,permute4_s8,d0=1;d1=5;d2=8;d3=36;p0=0;p1=2;p2=1;p3=3,,,excluded_impossible,hart 1's tile has no P-extension (PynqZ2Configs.scala:220 WithPExtOnTiles(0) names hart 0 only); this kernel's body is custom-0 throughout and holds no hart-1-executable alternative -- it would take an illegal instruction
897,moonshine$dispatch_897_matmul_b_s8,,,1000000000,us,1000000000000,0,,excluded_impossible,matmul_b_s8,B=8;M=1;K=36;N=5;transpose_b=1,,,excluded_impossible,hart 1's tile has no P-extension (PynqZ2Configs.scala:220 WithPExtOnTiles(0) names hart 0 only); this kernel's body is custom-0 throughout and holds no hart-1-executable alternative -- it would take an illegal instruction
898,moonshine$dispatch_898_softmax_s8,,,1000000000,us,1000000000000,0,,excluded_impossible,softmax_s8,M=8;K=5,,,excluded_impossible,hart 1's tile has no P-extension (PynqZ2Configs.scala:220 WithPExtOnTiles(0) names hart 0 only); this kernel's body is custom-0 throughout and holds no hart-1-executable alternative -- it would take an illegal instruction
899,moonshine$dispatch_899_matmul_b_s8,,,1000000000,us,1000000000000,0,,excluded_impossible,matmul_b_s8,B=8;M=1;K=5;N=36;transpose_b=0,,,excluded_impossible,hart 1's tile has no P-extension (PynqZ2Configs.scala:220 WithPExtOnTiles(0) names hart 0 only); this kernel's body is custom-0 throughout and holds no hart-1-executable alternative -- it would take an illegal instruction
900,moonshine$dispatch_900_linear_s8,,,0.559046783,ms,559046.783,0,,board_measured_b1_scaled_by_measured_region_factor_0.5883,linear_s8,M=1;K=288;N=288,22362,roccmoon_engine[curated],measured,
901,moonshine$dispatch_901_add_s8,,,1000000000,us,1000000000000,0,,excluded_impossible,add_s8,n=288,,,excluded_impossible,hart 1's tile has no P-extension (PynqZ2Configs.scala:220 WithPExtOnTiles(0) names hart 0 only); this kernel's body is custom-0 throughout and holds no hart-1-executable alternative -- it would take an illegal instruction
902,moonshine$dispatch_902_layernorm_s8,,,1000000000,us,1000000000000,0,,excluded_impossible,layernorm_s8,M=1;K=288,,,excluded_impossible,hart 1's tile has no P-extension (PynqZ2Configs.scala:220 WithPExtOnTiles(0) names hart 0 only); this kernel's body is custom-0 throughout and holds no hart-1-executable alternative -- it would take an illegal instruction
903,moonshine$dispatch_903_linear_s8,,,0.534573503,ms,534573.503,0,,board_measured_b1_scaled_by_measured_region_factor_0.5883,linear_s8,M=1;K=288;N=288,21383,roccmoon_engine[curated],measured,
904,moonshine$dispatch_904_matmul_b_s8,,,1000000000,us,1000000000000,0,,excluded_impossible,matmul_b_s8,B=8;M=1;K=36;N=165;transpose_b=1,,,excluded_impossible,hart 1's tile has no P-extension (PynqZ2Configs.scala:220 WithPExtOnTiles(0) names hart 0 only); this kernel's body is custom-0 throughout and holds no hart-1-executable alternative -- it would take an illegal instruction
905,moonshine$dispatch_905_softmax_s8,,,1000000000,us,1000000000000,0,,excluded_impossible,softmax_s8,M=8;K=165,,,excluded_impossible,hart 1's tile has no P-extension (PynqZ2Configs.scala:220 WithPExtOnTiles(0) names hart 0 only); this kernel's body is custom-0 throughout and holds no hart-1-executable alternative -- it would take an illegal instruction
906,moonshine$dispatch_906_matmul_b_s8,,,1000000000,us,1000000000000,0,,excluded_impossible,matmul_b_s8,B=8;M=1;K=165;N=36;transpose_b=1,,,excluded_impossible,hart 1's tile has no P-extension (PynqZ2Configs.scala:220 WithPExtOnTiles(0) names hart 0 only); this kernel's body is custom-0 throughout and holds no hart-1-executable alternative -- it would take an illegal instruction
907,moonshine$dispatch_907_linear_s8,,,0.571724648,ms,571724.648,0,,board_measured_b1_scaled_by_measured_region_factor_0.5883,linear_s8,M=1;K=288;N=288,22869,roccmoon_engine[curated],measured,
908,moonshine$dispatch_908_add_s8,,,1000000000,us,1000000000000,0,,excluded_impossible,add_s8,n=288,,,excluded_impossible,hart 1's tile has no P-extension (PynqZ2Configs.scala:220 WithPExtOnTiles(0) names hart 0 only); this kernel's body is custom-0 throughout and holds no hart-1-executable alternative -- it would take an illegal instruction
909,moonshine$dispatch_909_layernorm_s8,,,1000000000,us,1000000000000,0,,excluded_impossible,layernorm_s8,M=1;K=288,,,excluded_impossible,hart 1's tile has no P-extension (PynqZ2Configs.scala:220 WithPExtOnTiles(0) names hart 0 only); this kernel's body is custom-0 throughout and holds no hart-1-executable alternative -- it would take an illegal instruction
910,moonshine$dispatch_910_linear_s8,,,1.251284685,ms,1251284.685,0,,board_measured_b1_scaled_by_measured_region_factor_0.5883,linear_s8,M=1;K=288;N=1152,50051,roccmoon_engine[curated],measured,
911,moonshine$dispatch_911_silu_s8,,,1000000000,us,1000000000000,0,,excluded_impossible,silu_s8,n=1152,,,excluded_impossible,hart 1's tile has no P-extension (PynqZ2Configs.scala:220 WithPExtOnTiles(0) names hart 0 only); this kernel's body is custom-0 throughout and holds no hart-1-executable alternative -- it would take an illegal instruction
912,moonshine$dispatch_912_linear_s8,,,1.254652703,ms,1254652.703,0,,board_measured_b1_scaled_by_measured_region_factor_0.5883,linear_s8,M=1;K=288;N=1152,50186,roccmoon_engine[curated],measured,
913,moonshine$dispatch_913_mul_s8,,,1000000000,us,1000000000000,0,,excluded_impossible,mul_s8,n=1152,,,excluded_impossible,hart 1's tile has no P-extension (PynqZ2Configs.scala:220 WithPExtOnTiles(0) names hart 0 only); this kernel's body is custom-0 throughout and holds no hart-1-executable alternative -- it would take an illegal instruction
914,moonshine$dispatch_914_linear_s8,,,1.274713733,ms,1274713.733,0,,board_measured_b1_scaled_by_measured_region_factor_0.5883,linear_s8,M=1;K=1152;N=288,50989,roccmoon_engine[curated],measured,
915,moonshine$dispatch_915_add_s8,,,1000000000,us,1000000000000,0,,excluded_impossible,add_s8,n=288,,,excluded_impossible,hart 1's tile has no P-extension (PynqZ2Configs.scala:220 WithPExtOnTiles(0) names hart 0 only); this kernel's body is custom-0 throughout and holds no hart-1-executable alternative -- it would take an illegal instruction
916,moonshine$dispatch_916_layernorm_s8,,,1000000000,us,1000000000000,0,,excluded_impossible,layernorm_s8,M=1;K=288,,,excluded_impossible,hart 1's tile has no P-extension (PynqZ2Configs.scala:220 WithPExtOnTiles(0) names hart 0 only); this kernel's body is custom-0 throughout and holds no hart-1-executable alternative -- it would take an illegal instruction
917,moonshine$dispatch_917_linear_s8,,,0.543339173,ms,543339.173,0,,board_measured_b1_scaled_by_measured_region_factor_0.5883,linear_s8,M=1;K=288;N=288,21734,roccmoon_engine[curated],measured,
918,moonshine$dispatch_918_rope_s8,,,1000000000,us,1000000000000,0,,excluded_impossible,rope_s8,T=1;H=8;D=36;R=32,,,excluded_impossible,hart 1's tile has no P-extension (PynqZ2Configs.scala:220 WithPExtOnTiles(0) names hart 0 only); this kernel's body is custom-0 throughout and holds no hart-1-executable alternative -- it would take an illegal instruction
919,moonshine$dispatch_919_linear_s8,,,0.535088265,ms,535088.265,0,,board_measured_b1_scaled_by_measured_region_factor_0.5883,linear_s8,M=1;K=288;N=288,21404,roccmoon_engine[curated],measured,
920,moonshine$dispatch_920_rope_s8,,,1000000000,us,1000000000000,0,,excluded_impossible,rope_s8,T=1;H=8;D=36;R=32,,,excluded_impossible,hart 1's tile has no P-extension (PynqZ2Configs.scala:220 WithPExtOnTiles(0) names hart 0 only); this kernel's body is custom-0 throughout and holds no hart-1-executable alternative -- it would take an illegal instruction
921,moonshine$dispatch_921_linear_s8,,,0.538735725,ms,538735.725,0,,board_measured_b1_scaled_by_measured_region_factor_0.5883,linear_s8,M=1;K=288;N=288,21549,roccmoon_engine[curated],measured,
922,moonshine$dispatch_922_cat2_c1_s8,,,1000000000,us,1000000000000,0,,excluded_impossible,cat2_c1_s8,N=1;H=288;W=1;C_inputs=4|1;C_total=5,,,excluded_impossible,hart 1's tile has no P-extension (PynqZ2Configs.scala:220 WithPExtOnTiles(0) names hart 0 only); this kernel's body is custom-0 throughout and holds no hart-1-executable alternative -- it would take an illegal instruction
923,moonshine$dispatch_923_cat2_c1_s8,,,1000000000,us,1000000000000,0,,excluded_impossible,cat2_c1_s8,N=1;H=288;W=1;C_inputs=4|1;C_total=5,,,excluded_impossible,hart 1's tile has no P-extension (PynqZ2Configs.scala:220 WithPExtOnTiles(0) names hart 0 only); this kernel's body is custom-0 throughout and holds no hart-1-executable alternative -- it would take an illegal instruction
924,moonshine$dispatch_924_permute4_s8,,,1000000000,us,1000000000000,0,,excluded_impossible,permute4_s8,d0=1;d1=5;d2=8;d3=36;p0=0;p1=2;p2=1;p3=3,,,excluded_impossible,hart 1's tile has no P-extension (PynqZ2Configs.scala:220 WithPExtOnTiles(0) names hart 0 only); this kernel's body is custom-0 throughout and holds no hart-1-executable alternative -- it would take an illegal instruction
925,moonshine$dispatch_925_permute4_s8,,,1000000000,us,1000000000000,0,,excluded_impossible,permute4_s8,d0=1;d1=5;d2=8;d3=36;p0=0;p1=2;p2=1;p3=3,,,excluded_impossible,hart 1's tile has no P-extension (PynqZ2Configs.scala:220 WithPExtOnTiles(0) names hart 0 only); this kernel's body is custom-0 throughout and holds no hart-1-executable alternative -- it would take an illegal instruction
926,moonshine$dispatch_926_matmul_b_s8,,,1000000000,us,1000000000000,0,,excluded_impossible,matmul_b_s8,B=8;M=1;K=36;N=5;transpose_b=1,,,excluded_impossible,hart 1's tile has no P-extension (PynqZ2Configs.scala:220 WithPExtOnTiles(0) names hart 0 only); this kernel's body is custom-0 throughout and holds no hart-1-executable alternative -- it would take an illegal instruction
927,moonshine$dispatch_927_softmax_s8,,,1000000000,us,1000000000000,0,,excluded_impossible,softmax_s8,M=8;K=5,,,excluded_impossible,hart 1's tile has no P-extension (PynqZ2Configs.scala:220 WithPExtOnTiles(0) names hart 0 only); this kernel's body is custom-0 throughout and holds no hart-1-executable alternative -- it would take an illegal instruction
928,moonshine$dispatch_928_matmul_b_s8,,,1000000000,us,1000000000000,0,,excluded_impossible,matmul_b_s8,B=8;M=1;K=5;N=36;transpose_b=0,,,excluded_impossible,hart 1's tile has no P-extension (PynqZ2Configs.scala:220 WithPExtOnTiles(0) names hart 0 only); this kernel's body is custom-0 throughout and holds no hart-1-executable alternative -- it would take an illegal instruction
929,moonshine$dispatch_929_linear_s8,,,0.567694793,ms,567694.793,0,,board_measured_b1_scaled_by_measured_region_factor_0.5883,linear_s8,M=1;K=288;N=288,22708,roccmoon_engine[curated],measured,
930,moonshine$dispatch_930_add_s8,,,1000000000,us,1000000000000,0,,excluded_impossible,add_s8,n=288,,,excluded_impossible,hart 1's tile has no P-extension (PynqZ2Configs.scala:220 WithPExtOnTiles(0) names hart 0 only); this kernel's body is custom-0 throughout and holds no hart-1-executable alternative -- it would take an illegal instruction
931,moonshine$dispatch_931_layernorm_s8,,,1000000000,us,1000000000000,0,,excluded_impossible,layernorm_s8,M=1;K=288,,,excluded_impossible,hart 1's tile has no P-extension (PynqZ2Configs.scala:220 WithPExtOnTiles(0) names hart 0 only); this kernel's body is custom-0 throughout and holds no hart-1-executable alternative -- it would take an illegal instruction
932,moonshine$dispatch_932_linear_s8,,,0.542956778,ms,542956.778,0,,board_measured_b1_scaled_by_measured_region_factor_0.5883,linear_s8,M=1;K=288;N=288,21718,roccmoon_engine[curated],measured,
933,moonshine$dispatch_933_matmul_b_s8,,,1000000000,us,1000000000000,0,,excluded_impossible,matmul_b_s8,B=8;M=1;K=36;N=165;transpose_b=1,,,excluded_impossible,hart 1's tile has no P-extension (PynqZ2Configs.scala:220 WithPExtOnTiles(0) names hart 0 only); this kernel's body is custom-0 throughout and holds no hart-1-executable alternative -- it would take an illegal instruction
934,moonshine$dispatch_934_softmax_s8,,,1000000000,us,1000000000000,0,,excluded_impossible,softmax_s8,M=8;K=165,,,excluded_impossible,hart 1's tile has no P-extension (PynqZ2Configs.scala:220 WithPExtOnTiles(0) names hart 0 only); this kernel's body is custom-0 throughout and holds no hart-1-executable alternative -- it would take an illegal instruction
935,moonshine$dispatch_935_matmul_b_s8,,,1000000000,us,1000000000000,0,,excluded_impossible,matmul_b_s8,B=8;M=1;K=165;N=36;transpose_b=1,,,excluded_impossible,hart 1's tile has no P-extension (PynqZ2Configs.scala:220 WithPExtOnTiles(0) names hart 0 only); this kernel's body is custom-0 throughout and holds no hart-1-executable alternative -- it would take an illegal instruction
936,moonshine$dispatch_936_linear_s8,,,0.581372767,ms,581372.767,0,,board_measured_b1_scaled_by_measured_region_factor_0.5883,linear_s8,M=1;K=288;N=288,23255,roccmoon_engine[curated],measured,
937,moonshine$dispatch_937_add_s8,,,1000000000,us,1000000000000,0,,excluded_impossible,add_s8,n=288,,,excluded_impossible,hart 1's tile has no P-extension (PynqZ2Configs.scala:220 WithPExtOnTiles(0) names hart 0 only); this kernel's body is custom-0 throughout and holds no hart-1-executable alternative -- it would take an illegal instruction
938,moonshine$dispatch_938_layernorm_s8,,,1000000000,us,1000000000000,0,,excluded_impossible,layernorm_s8,M=1;K=288,,,excluded_impossible,hart 1's tile has no P-extension (PynqZ2Configs.scala:220 WithPExtOnTiles(0) names hart 0 only); this kernel's body is custom-0 throughout and holds no hart-1-executable alternative -- it would take an illegal instruction
939,moonshine$dispatch_939_linear_s8,,,1.248446138,ms,1248446.138,0,,board_measured_b1_scaled_by_measured_region_factor_0.5883,linear_s8,M=1;K=288;N=1152,49938,roccmoon_engine[curated],measured,
940,moonshine$dispatch_940_silu_s8,,,1000000000,us,1000000000000,0,,excluded_impossible,silu_s8,n=1152,,,excluded_impossible,hart 1's tile has no P-extension (PynqZ2Configs.scala:220 WithPExtOnTiles(0) names hart 0 only); this kernel's body is custom-0 throughout and holds no hart-1-executable alternative -- it would take an illegal instruction
941,moonshine$dispatch_941_linear_s8,,,1.253637885,ms,1253637.885,0,,board_measured_b1_scaled_by_measured_region_factor_0.5883,linear_s8,M=1;K=288;N=1152,50146,roccmoon_engine[curated],measured,
942,moonshine$dispatch_942_mul_s8,,,1000000000,us,1000000000000,0,,excluded_impossible,mul_s8,n=1152,,,excluded_impossible,hart 1's tile has no P-extension (PynqZ2Configs.scala:220 WithPExtOnTiles(0) names hart 0 only); this kernel's body is custom-0 throughout and holds no hart-1-executable alternative -- it would take an illegal instruction
943,moonshine$dispatch_943_linear_s8,,,1.263903720,ms,1263903.720,0,,board_measured_b1_scaled_by_measured_region_factor_0.5883,linear_s8,M=1;K=1152;N=288,50556,roccmoon_engine[curated],measured,
944,moonshine$dispatch_944_add_s8,,,1000000000,us,1000000000000,0,,excluded_impossible,add_s8,n=288,,,excluded_impossible,hart 1's tile has no P-extension (PynqZ2Configs.scala:220 WithPExtOnTiles(0) names hart 0 only); this kernel's body is custom-0 throughout and holds no hart-1-executable alternative -- it would take an illegal instruction
945,moonshine$dispatch_945_layernorm_s8,,,1000000000,us,1000000000000,0,,excluded_impossible,layernorm_s8,M=1;K=288,,,excluded_impossible,hart 1's tile has no P-extension (PynqZ2Configs.scala:220 WithPExtOnTiles(0) names hart 0 only); this kernel's body is custom-0 throughout and holds no hart-1-executable alternative -- it would take an illegal instruction
946,moonshine$dispatch_946_linear_s8,,,0.545221733,ms,545221.733,0,,board_measured_b1_scaled_by_measured_region_factor_0.5883,linear_s8,M=1;K=288;N=288,21809,roccmoon_engine[curated],measured,
947,moonshine$dispatch_947_rope_s8,,,1000000000,us,1000000000000,0,,excluded_impossible,rope_s8,T=1;H=8;D=36;R=32,,,excluded_impossible,hart 1's tile has no P-extension (PynqZ2Configs.scala:220 WithPExtOnTiles(0) names hart 0 only); this kernel's body is custom-0 throughout and holds no hart-1-executable alternative -- it would take an illegal instruction
948,moonshine$dispatch_948_linear_s8,,,0.547501395,ms,547501.395,0,,board_measured_b1_scaled_by_measured_region_factor_0.5883,linear_s8,M=1;K=288;N=288,21900,roccmoon_engine[curated],measured,
949,moonshine$dispatch_949_rope_s8,,,1000000000,us,1000000000000,0,,excluded_impossible,rope_s8,T=1;H=8;D=36;R=32,,,excluded_impossible,hart 1's tile has no P-extension (PynqZ2Configs.scala:220 WithPExtOnTiles(0) names hart 0 only); this kernel's body is custom-0 throughout and holds no hart-1-executable alternative -- it would take an illegal instruction
950,moonshine$dispatch_950_linear_s8,,,0.540338842,ms,540338.843,0,,board_measured_b1_scaled_by_measured_region_factor_0.5883,linear_s8,M=1;K=288;N=288,21614,roccmoon_engine[curated],measured,
951,moonshine$dispatch_951_cat2_c1_s8,,,1000000000,us,1000000000000,0,,excluded_impossible,cat2_c1_s8,N=1;H=288;W=1;C_inputs=4|1;C_total=5,,,excluded_impossible,hart 1's tile has no P-extension (PynqZ2Configs.scala:220 WithPExtOnTiles(0) names hart 0 only); this kernel's body is custom-0 throughout and holds no hart-1-executable alternative -- it would take an illegal instruction
952,moonshine$dispatch_952_cat2_c1_s8,,,1000000000,us,1000000000000,0,,excluded_impossible,cat2_c1_s8,N=1;H=288;W=1;C_inputs=4|1;C_total=5,,,excluded_impossible,hart 1's tile has no P-extension (PynqZ2Configs.scala:220 WithPExtOnTiles(0) names hart 0 only); this kernel's body is custom-0 throughout and holds no hart-1-executable alternative -- it would take an illegal instruction
953,moonshine$dispatch_953_permute4_s8,,,1000000000,us,1000000000000,0,,excluded_impossible,permute4_s8,d0=1;d1=5;d2=8;d3=36;p0=0;p1=2;p2=1;p3=3,,,excluded_impossible,hart 1's tile has no P-extension (PynqZ2Configs.scala:220 WithPExtOnTiles(0) names hart 0 only); this kernel's body is custom-0 throughout and holds no hart-1-executable alternative -- it would take an illegal instruction
954,moonshine$dispatch_954_permute4_s8,,,1000000000,us,1000000000000,0,,excluded_impossible,permute4_s8,d0=1;d1=5;d2=8;d3=36;p0=0;p1=2;p2=1;p3=3,,,excluded_impossible,hart 1's tile has no P-extension (PynqZ2Configs.scala:220 WithPExtOnTiles(0) names hart 0 only); this kernel's body is custom-0 throughout and holds no hart-1-executable alternative -- it would take an illegal instruction
955,moonshine$dispatch_955_matmul_b_s8,,,1000000000,us,1000000000000,0,,excluded_impossible,matmul_b_s8,B=8;M=1;K=36;N=5;transpose_b=1,,,excluded_impossible,hart 1's tile has no P-extension (PynqZ2Configs.scala:220 WithPExtOnTiles(0) names hart 0 only); this kernel's body is custom-0 throughout and holds no hart-1-executable alternative -- it would take an illegal instruction
956,moonshine$dispatch_956_softmax_s8,,,1000000000,us,1000000000000,0,,excluded_impossible,softmax_s8,M=8;K=5,,,excluded_impossible,hart 1's tile has no P-extension (PynqZ2Configs.scala:220 WithPExtOnTiles(0) names hart 0 only); this kernel's body is custom-0 throughout and holds no hart-1-executable alternative -- it would take an illegal instruction
957,moonshine$dispatch_957_matmul_b_s8,,,1000000000,us,1000000000000,0,,excluded_impossible,matmul_b_s8,B=8;M=1;K=5;N=36;transpose_b=0,,,excluded_impossible,hart 1's tile has no P-extension (PynqZ2Configs.scala:220 WithPExtOnTiles(0) names hart 0 only); this kernel's body is custom-0 throughout and holds no hart-1-executable alternative -- it would take an illegal instruction
958,moonshine$dispatch_958_linear_s8,,,0.571783478,ms,571783.478,0,,board_measured_b1_scaled_by_measured_region_factor_0.5883,linear_s8,M=1;K=288;N=288,22871,roccmoon_engine[curated],measured,
959,moonshine$dispatch_959_add_s8,,,1000000000,us,1000000000000,0,,excluded_impossible,add_s8,n=288,,,excluded_impossible,hart 1's tile has no P-extension (PynqZ2Configs.scala:220 WithPExtOnTiles(0) names hart 0 only); this kernel's body is custom-0 throughout and holds no hart-1-executable alternative -- it would take an illegal instruction
960,moonshine$dispatch_960_layernorm_s8,,,1000000000,us,1000000000000,0,,excluded_impossible,layernorm_s8,M=1;K=288,,,excluded_impossible,hart 1's tile has no P-extension (PynqZ2Configs.scala:220 WithPExtOnTiles(0) names hart 0 only); this kernel's body is custom-0 throughout and holds no hart-1-executable alternative -- it would take an illegal instruction
961,moonshine$dispatch_961_linear_s8,,,0.547221953,ms,547221.953,0,,board_measured_b1_scaled_by_measured_region_factor_0.5883,linear_s8,M=1;K=288;N=288,21889,roccmoon_engine[curated],measured,
962,moonshine$dispatch_962_matmul_b_s8,,,1000000000,us,1000000000000,0,,excluded_impossible,matmul_b_s8,B=8;M=1;K=36;N=165;transpose_b=1,,,excluded_impossible,hart 1's tile has no P-extension (PynqZ2Configs.scala:220 WithPExtOnTiles(0) names hart 0 only); this kernel's body is custom-0 throughout and holds no hart-1-executable alternative -- it would take an illegal instruction
963,moonshine$dispatch_963_softmax_s8,,,1000000000,us,1000000000000,0,,excluded_impossible,softmax_s8,M=8;K=165,,,excluded_impossible,hart 1's tile has no P-extension (PynqZ2Configs.scala:220 WithPExtOnTiles(0) names hart 0 only); this kernel's body is custom-0 throughout and holds no hart-1-executable alternative -- it would take an illegal instruction
964,moonshine$dispatch_964_matmul_b_s8,,,1000000000,us,1000000000000,0,,excluded_impossible,matmul_b_s8,B=8;M=1;K=165;N=36;transpose_b=1,,,excluded_impossible,hart 1's tile has no P-extension (PynqZ2Configs.scala:220 WithPExtOnTiles(0) names hart 0 only); this kernel's body is custom-0 throughout and holds no hart-1-executable alternative -- it would take an illegal instruction
965,moonshine$dispatch_965_linear_s8,,,0.581049203,ms,581049.203,0,,board_measured_b1_scaled_by_measured_region_factor_0.5883,linear_s8,M=1;K=288;N=288,23242,roccmoon_engine[curated],measured,
966,moonshine$dispatch_966_add_s8,,,1000000000,us,1000000000000,0,,excluded_impossible,add_s8,n=288,,,excluded_impossible,hart 1's tile has no P-extension (PynqZ2Configs.scala:220 WithPExtOnTiles(0) names hart 0 only); this kernel's body is custom-0 throughout and holds no hart-1-executable alternative -- it would take an illegal instruction
967,moonshine$dispatch_967_layernorm_s8,,,1000000000,us,1000000000000,0,,excluded_impossible,layernorm_s8,M=1;K=288,,,excluded_impossible,hart 1's tile has no P-extension (PynqZ2Configs.scala:220 WithPExtOnTiles(0) names hart 0 only); this kernel's body is custom-0 throughout and holds no hart-1-executable alternative -- it would take an illegal instruction
968,moonshine$dispatch_968_linear_s8,,,1.258417823,ms,1258417.823,0,,board_measured_b1_scaled_by_measured_region_factor_0.5883,linear_s8,M=1;K=288;N=1152,50337,roccmoon_engine[curated],measured,
969,moonshine$dispatch_969_silu_s8,,,1000000000,us,1000000000000,0,,excluded_impossible,silu_s8,n=1152,,,excluded_impossible,hart 1's tile has no P-extension (PynqZ2Configs.scala:220 WithPExtOnTiles(0) names hart 0 only); this kernel's body is custom-0 throughout and holds no hart-1-executable alternative -- it would take an illegal instruction
970,moonshine$dispatch_970_linear_s8,,,1.259506178,ms,1259506.177,0,,board_measured_b1_scaled_by_measured_region_factor_0.5883,linear_s8,M=1;K=288;N=1152,50380,roccmoon_engine[curated],measured,
971,moonshine$dispatch_971_mul_s8,,,1000000000,us,1000000000000,0,,excluded_impossible,mul_s8,n=1152,,,excluded_impossible,hart 1's tile has no P-extension (PynqZ2Configs.scala:220 WithPExtOnTiles(0) names hart 0 only); this kernel's body is custom-0 throughout and holds no hart-1-executable alternative -- it would take an illegal instruction
972,moonshine$dispatch_972_linear_s8,,,1.263388958,ms,1263388.958,0,,board_measured_b1_scaled_by_measured_region_factor_0.5883,linear_s8,M=1;K=1152;N=288,50536,roccmoon_engine[curated],measured,
973,moonshine$dispatch_973_add_s8,,,1000000000,us,1000000000000,0,,excluded_impossible,add_s8,n=288,,,excluded_impossible,hart 1's tile has no P-extension (PynqZ2Configs.scala:220 WithPExtOnTiles(0) names hart 0 only); this kernel's body is custom-0 throughout and holds no hart-1-executable alternative -- it would take an illegal instruction
974,moonshine$dispatch_974_layernorm_s8,,,1000000000,us,1000000000000,0,,excluded_impossible,layernorm_s8,M=1;K=288,,,excluded_impossible,hart 1's tile has no P-extension (PynqZ2Configs.scala:220 WithPExtOnTiles(0) names hart 0 only); this kernel's body is custom-0 throughout and holds no hart-1-executable alternative -- it would take an illegal instruction
975,moonshine$dispatch_975_linear_s8,,,0.547545518,ms,547545.518,0,,board_measured_b1_scaled_by_measured_region_factor_0.5883,linear_s8,M=1;K=288;N=288,21902,roccmoon_engine[curated],measured,
976,moonshine$dispatch_976_rope_s8,,,1000000000,us,1000000000000,0,,excluded_impossible,rope_s8,T=1;H=8;D=36;R=32,,,excluded_impossible,hart 1's tile has no P-extension (PynqZ2Configs.scala:220 WithPExtOnTiles(0) names hart 0 only); this kernel's body is custom-0 throughout and holds no hart-1-executable alternative -- it would take an illegal instruction
977,moonshine$dispatch_977_linear_s8,,,0.548074988,ms,548074.988,0,,board_measured_b1_scaled_by_measured_region_factor_0.5883,linear_s8,M=1;K=288;N=288,21923,roccmoon_engine[curated],measured,
978,moonshine$dispatch_978_rope_s8,,,1000000000,us,1000000000000,0,,excluded_impossible,rope_s8,T=1;H=8;D=36;R=32,,,excluded_impossible,hart 1's tile has no P-extension (PynqZ2Configs.scala:220 WithPExtOnTiles(0) names hart 0 only); this kernel's body is custom-0 throughout and holds no hart-1-executable alternative -- it would take an illegal instruction
979,moonshine$dispatch_979_linear_s8,,,0.548530920,ms,548530.920,0,,board_measured_b1_scaled_by_measured_region_factor_0.5883,linear_s8,M=1;K=288;N=288,21941,roccmoon_engine[curated],measured,
980,moonshine$dispatch_980_cat2_c1_s8,,,1000000000,us,1000000000000,0,,excluded_impossible,cat2_c1_s8,N=1;H=288;W=1;C_inputs=4|1;C_total=5,,,excluded_impossible,hart 1's tile has no P-extension (PynqZ2Configs.scala:220 WithPExtOnTiles(0) names hart 0 only); this kernel's body is custom-0 throughout and holds no hart-1-executable alternative -- it would take an illegal instruction
981,moonshine$dispatch_981_cat2_c1_s8,,,1000000000,us,1000000000000,0,,excluded_impossible,cat2_c1_s8,N=1;H=288;W=1;C_inputs=4|1;C_total=5,,,excluded_impossible,hart 1's tile has no P-extension (PynqZ2Configs.scala:220 WithPExtOnTiles(0) names hart 0 only); this kernel's body is custom-0 throughout and holds no hart-1-executable alternative -- it would take an illegal instruction
982,moonshine$dispatch_982_permute4_s8,,,1000000000,us,1000000000000,0,,excluded_impossible,permute4_s8,d0=1;d1=5;d2=8;d3=36;p0=0;p1=2;p2=1;p3=3,,,excluded_impossible,hart 1's tile has no P-extension (PynqZ2Configs.scala:220 WithPExtOnTiles(0) names hart 0 only); this kernel's body is custom-0 throughout and holds no hart-1-executable alternative -- it would take an illegal instruction
983,moonshine$dispatch_983_permute4_s8,,,1000000000,us,1000000000000,0,,excluded_impossible,permute4_s8,d0=1;d1=5;d2=8;d3=36;p0=0;p1=2;p2=1;p3=3,,,excluded_impossible,hart 1's tile has no P-extension (PynqZ2Configs.scala:220 WithPExtOnTiles(0) names hart 0 only); this kernel's body is custom-0 throughout and holds no hart-1-executable alternative -- it would take an illegal instruction
984,moonshine$dispatch_984_matmul_b_s8,,,1000000000,us,1000000000000,0,,excluded_impossible,matmul_b_s8,B=8;M=1;K=36;N=5;transpose_b=1,,,excluded_impossible,hart 1's tile has no P-extension (PynqZ2Configs.scala:220 WithPExtOnTiles(0) names hart 0 only); this kernel's body is custom-0 throughout and holds no hart-1-executable alternative -- it would take an illegal instruction
985,moonshine$dispatch_985_softmax_s8,,,1000000000,us,1000000000000,0,,excluded_impossible,softmax_s8,M=8;K=5,,,excluded_impossible,hart 1's tile has no P-extension (PynqZ2Configs.scala:220 WithPExtOnTiles(0) names hart 0 only); this kernel's body is custom-0 throughout and holds no hart-1-executable alternative -- it would take an illegal instruction
986,moonshine$dispatch_986_matmul_b_s8,,,1000000000,us,1000000000000,0,,excluded_impossible,matmul_b_s8,B=8;M=1;K=5;N=36;transpose_b=0,,,excluded_impossible,hart 1's tile has no P-extension (PynqZ2Configs.scala:220 WithPExtOnTiles(0) names hart 0 only); this kernel's body is custom-0 throughout and holds no hart-1-executable alternative -- it would take an illegal instruction
987,moonshine$dispatch_987_linear_s8,,,0.568533120,ms,568533.120,0,,board_measured_b1_scaled_by_measured_region_factor_0.5883,linear_s8,M=1;K=288;N=288,22741,roccmoon_engine[curated],measured,
988,moonshine$dispatch_988_add_s8,,,1000000000,us,1000000000000,0,,excluded_impossible,add_s8,n=288,,,excluded_impossible,hart 1's tile has no P-extension (PynqZ2Configs.scala:220 WithPExtOnTiles(0) names hart 0 only); this kernel's body is custom-0 throughout and holds no hart-1-executable alternative -- it would take an illegal instruction
989,moonshine$dispatch_989_layernorm_s8,,,1000000000,us,1000000000000,0,,excluded_impossible,layernorm_s8,M=1;K=288,,,excluded_impossible,hart 1's tile has no P-extension (PynqZ2Configs.scala:220 WithPExtOnTiles(0) names hart 0 only); this kernel's body is custom-0 throughout and holds no hart-1-executable alternative -- it would take an illegal instruction
990,moonshine$dispatch_990_linear_s8,,,0.553796205,ms,553796.205,0,,board_measured_b1_scaled_by_measured_region_factor_0.5883,linear_s8,M=1;K=288;N=288,22152,roccmoon_engine[curated],measured,
991,moonshine$dispatch_991_matmul_b_s8,,,1000000000,us,1000000000000,0,,excluded_impossible,matmul_b_s8,B=8;M=1;K=36;N=165;transpose_b=1,,,excluded_impossible,hart 1's tile has no P-extension (PynqZ2Configs.scala:220 WithPExtOnTiles(0) names hart 0 only); this kernel's body is custom-0 throughout and holds no hart-1-executable alternative -- it would take an illegal instruction
992,moonshine$dispatch_992_softmax_s8,,,1000000000,us,1000000000000,0,,excluded_impossible,softmax_s8,M=8;K=165,,,excluded_impossible,hart 1's tile has no P-extension (PynqZ2Configs.scala:220 WithPExtOnTiles(0) names hart 0 only); this kernel's body is custom-0 throughout and holds no hart-1-executable alternative -- it would take an illegal instruction
993,moonshine$dispatch_993_matmul_b_s8,,,1000000000,us,1000000000000,0,,excluded_impossible,matmul_b_s8,B=8;M=1;K=165;N=36;transpose_b=1,,,excluded_impossible,hart 1's tile has no P-extension (PynqZ2Configs.scala:220 WithPExtOnTiles(0) names hart 0 only); this kernel's body is custom-0 throughout and holds no hart-1-executable alternative -- it would take an illegal instruction
994,moonshine$dispatch_994_linear_s8,,,0.582858225,ms,582858.225,0,,board_measured_b1_scaled_by_measured_region_factor_0.5883,linear_s8,M=1;K=288;N=288,23314,roccmoon_engine[curated],measured,
995,moonshine$dispatch_995_add_s8,,,1000000000,us,1000000000000,0,,excluded_impossible,add_s8,n=288,,,excluded_impossible,hart 1's tile has no P-extension (PynqZ2Configs.scala:220 WithPExtOnTiles(0) names hart 0 only); this kernel's body is custom-0 throughout and holds no hart-1-executable alternative -- it would take an illegal instruction
996,moonshine$dispatch_996_layernorm_s8,,,1000000000,us,1000000000000,0,,excluded_impossible,layernorm_s8,M=1;K=288,,,excluded_impossible,hart 1's tile has no P-extension (PynqZ2Configs.scala:220 WithPExtOnTiles(0) names hart 0 only); this kernel's body is custom-0 throughout and holds no hart-1-executable alternative -- it would take an illegal instruction
997,moonshine$dispatch_997_linear_s8,,,1.257873645,ms,1257873.645,0,,board_measured_b1_scaled_by_measured_region_factor_0.5883,linear_s8,M=1;K=288;N=1152,50315,roccmoon_engine[curated],measured,
998,moonshine$dispatch_998_silu_s8,,,1000000000,us,1000000000000,0,,excluded_impossible,silu_s8,n=1152,,,excluded_impossible,hart 1's tile has no P-extension (PynqZ2Configs.scala:220 WithPExtOnTiles(0) names hart 0 only); this kernel's body is custom-0 throughout and holds no hart-1-executable alternative -- it would take an illegal instruction
999,moonshine$dispatch_999_linear_s8,,,1.274037188,ms,1274037.188,0,,board_measured_b1_scaled_by_measured_region_factor_0.5883,linear_s8,M=1;K=288;N=1152,50961,roccmoon_engine[curated],measured,
1000,moonshine$dispatch_1000_mul_s8,,,1000000000,us,1000000000000,0,,excluded_impossible,mul_s8,n=1152,,,excluded_impossible,hart 1's tile has no P-extension (PynqZ2Configs.scala:220 WithPExtOnTiles(0) names hart 0 only); this kernel's body is custom-0 throughout and holds no hart-1-executable alternative -- it would take an illegal instruction
1001,moonshine$dispatch_1001_linear_s8,,,1.280670270,ms,1280670.270,0,,board_measured_b1_scaled_by_measured_region_factor_0.5883,linear_s8,M=1;K=1152;N=288,51227,roccmoon_engine[curated],measured,
1002,moonshine$dispatch_1002_add_s8,,,1000000000,us,1000000000000,0,,excluded_impossible,add_s8,n=288,,,excluded_impossible,hart 1's tile has no P-extension (PynqZ2Configs.scala:220 WithPExtOnTiles(0) names hart 0 only); this kernel's body is custom-0 throughout and holds no hart-1-executable alternative -- it would take an illegal instruction
1003,moonshine$dispatch_1003_layernorm_s8,,,1000000000,us,1000000000000,0,,excluded_impossible,layernorm_s8,M=1;K=288,,,excluded_impossible,hart 1's tile has no P-extension (PynqZ2Configs.scala:220 WithPExtOnTiles(0) names hart 0 only); this kernel's body is custom-0 throughout and holds no hart-1-executable alternative -- it would take an illegal instruction
1004,moonshine$dispatch_1004_linear_s8,,,14.160483953,ms,14160483.953,0,,board_measured_b1_scaled_by_measured_region_factor_0.5883,linear_s8,M=1;K=288;N=16384,566419,roccmoon_engine[curated],measured,
1005,moonshine$dispatch_1005_linear_s8,,,14.147144250,ms,14147144.250,0,,board_measured_b1_scaled_by_measured_region_factor_0.5883,linear_s8,M=1;K=288;N=16384,565886,roccmoon_engine[curated],measured,
1006,moonshine$dispatch_1006_cat2_c1_s8,,,1000000000,us,1000000000000,0,,excluded_impossible,cat2_c1_s8,N=1;H=1;W=1;C_inputs=16384|16384;C_total=32768,,,excluded_impossible,hart 1's tile has no P-extension (PynqZ2Configs.scala:220 WithPExtOnTiles(0) names hart 0 only); this kernel's body is custom-0 throughout and holds no hart-1-executable alternative -- it would take an illegal instruction
1007,moonshine$dispatch_1007_layernorm_s8,,,1000000000,us,1000000000000,0,,excluded_impossible,layernorm_s8,M=1;K=288,,,excluded_impossible,hart 1's tile has no P-extension (PynqZ2Configs.scala:220 WithPExtOnTiles(0) names hart 0 only); this kernel's body is custom-0 throughout and holds no hart-1-executable alternative -- it would take an illegal instruction
1008,moonshine$dispatch_1008_linear_s8,,,0.569489108,ms,569489.108,0,,board_measured_b1_scaled_by_measured_region_factor_0.5883,linear_s8,M=1;K=288;N=288,22780,roccmoon_engine[curated],measured,
1009,moonshine$dispatch_1009_rope_s8,,,1000000000,us,1000000000000,0,,excluded_impossible,rope_s8,T=1;H=8;D=36;R=32,,,excluded_impossible,hart 1's tile has no P-extension (PynqZ2Configs.scala:220 WithPExtOnTiles(0) names hart 0 only); this kernel's body is custom-0 throughout and holds no hart-1-executable alternative -- it would take an illegal instruction
1010,moonshine$dispatch_1010_linear_s8,,,0.534441135,ms,534441.135,0,,board_measured_b1_scaled_by_measured_region_factor_0.5883,linear_s8,M=1;K=288;N=288,21378,roccmoon_engine[curated],measured,
1011,moonshine$dispatch_1011_rope_s8,,,1000000000,us,1000000000000,0,,excluded_impossible,rope_s8,T=1;H=8;D=36;R=32,,,excluded_impossible,hart 1's tile has no P-extension (PynqZ2Configs.scala:220 WithPExtOnTiles(0) names hart 0 only); this kernel's body is custom-0 throughout and holds no hart-1-executable alternative -- it would take an illegal instruction
1012,moonshine$dispatch_1012_linear_s8,,,0.521586780,ms,521586.780,0,,board_measured_b1_scaled_by_measured_region_factor_0.5883,linear_s8,M=1;K=288;N=288,20863,roccmoon_engine[curated],measured,
1013,moonshine$dispatch_1013_cat2_c1_s8,,,1000000000,us,1000000000000,0,,excluded_impossible,cat2_c1_s8,N=1;H=288;W=1;C_inputs=5|1;C_total=6,,,excluded_impossible,hart 1's tile has no P-extension (PynqZ2Configs.scala:220 WithPExtOnTiles(0) names hart 0 only); this kernel's body is custom-0 throughout and holds no hart-1-executable alternative -- it would take an illegal instruction
1014,moonshine$dispatch_1014_cat2_c1_s8,,,1000000000,us,1000000000000,0,,excluded_impossible,cat2_c1_s8,N=1;H=288;W=1;C_inputs=5|1;C_total=6,,,excluded_impossible,hart 1's tile has no P-extension (PynqZ2Configs.scala:220 WithPExtOnTiles(0) names hart 0 only); this kernel's body is custom-0 throughout and holds no hart-1-executable alternative -- it would take an illegal instruction
1015,moonshine$dispatch_1015_permute4_s8,,,1000000000,us,1000000000000,0,,excluded_impossible,permute4_s8,d0=1;d1=6;d2=8;d3=36;p0=0;p1=2;p2=1;p3=3,,,excluded_impossible,hart 1's tile has no P-extension (PynqZ2Configs.scala:220 WithPExtOnTiles(0) names hart 0 only); this kernel's body is custom-0 throughout and holds no hart-1-executable alternative -- it would take an illegal instruction
1016,moonshine$dispatch_1016_permute4_s8,,,1000000000,us,1000000000000,0,,excluded_impossible,permute4_s8,d0=1;d1=6;d2=8;d3=36;p0=0;p1=2;p2=1;p3=3,,,excluded_impossible,hart 1's tile has no P-extension (PynqZ2Configs.scala:220 WithPExtOnTiles(0) names hart 0 only); this kernel's body is custom-0 throughout and holds no hart-1-executable alternative -- it would take an illegal instruction
1017,moonshine$dispatch_1017_matmul_b_s8,,,1000000000,us,1000000000000,0,,excluded_impossible,matmul_b_s8,B=8;M=1;K=36;N=6;transpose_b=1,,,excluded_impossible,hart 1's tile has no P-extension (PynqZ2Configs.scala:220 WithPExtOnTiles(0) names hart 0 only); this kernel's body is custom-0 throughout and holds no hart-1-executable alternative -- it would take an illegal instruction
1018,moonshine$dispatch_1018_softmax_s8,,,1000000000,us,1000000000000,0,,excluded_impossible,softmax_s8,M=8;K=6,,,excluded_impossible,hart 1's tile has no P-extension (PynqZ2Configs.scala:220 WithPExtOnTiles(0) names hart 0 only); this kernel's body is custom-0 throughout and holds no hart-1-executable alternative -- it would take an illegal instruction
1019,moonshine$dispatch_1019_matmul_b_s8,,,1000000000,us,1000000000000,0,,excluded_impossible,matmul_b_s8,B=8;M=1;K=6;N=36;transpose_b=0,,,excluded_impossible,hart 1's tile has no P-extension (PynqZ2Configs.scala:220 WithPExtOnTiles(0) names hart 0 only); this kernel's body is custom-0 throughout and holds no hart-1-executable alternative -- it would take an illegal instruction
1020,moonshine$dispatch_1020_linear_s8,,,0.547398443,ms,547398.443,0,,board_measured_b1_scaled_by_measured_region_factor_0.5883,linear_s8,M=1;K=288;N=288,21896,roccmoon_engine[curated],measured,
1021,moonshine$dispatch_1021_add_s8,,,1000000000,us,1000000000000,0,,excluded_impossible,add_s8,n=288,,,excluded_impossible,hart 1's tile has no P-extension (PynqZ2Configs.scala:220 WithPExtOnTiles(0) names hart 0 only); this kernel's body is custom-0 throughout and holds no hart-1-executable alternative -- it would take an illegal instruction
1022,moonshine$dispatch_1022_layernorm_s8,,,1000000000,us,1000000000000,0,,excluded_impossible,layernorm_s8,M=1;K=288,,,excluded_impossible,hart 1's tile has no P-extension (PynqZ2Configs.scala:220 WithPExtOnTiles(0) names hart 0 only); this kernel's body is custom-0 throughout and holds no hart-1-executable alternative -- it would take an illegal instruction
1023,moonshine$dispatch_1023_linear_s8,,,0.517733415,ms,517733.415,0,,board_measured_b1_scaled_by_measured_region_factor_0.5883,linear_s8,M=1;K=288;N=288,20709,roccmoon_engine[curated],measured,
1024,moonshine$dispatch_1024_matmul_b_s8,,,1000000000,us,1000000000000,0,,excluded_impossible,matmul_b_s8,B=8;M=1;K=36;N=165;transpose_b=1,,,excluded_impossible,hart 1's tile has no P-extension (PynqZ2Configs.scala:220 WithPExtOnTiles(0) names hart 0 only); this kernel's body is custom-0 throughout and holds no hart-1-executable alternative -- it would take an illegal instruction
1025,moonshine$dispatch_1025_softmax_s8,,,1000000000,us,1000000000000,0,,excluded_impossible,softmax_s8,M=8;K=165,,,excluded_impossible,hart 1's tile has no P-extension (PynqZ2Configs.scala:220 WithPExtOnTiles(0) names hart 0 only); this kernel's body is custom-0 throughout and holds no hart-1-executable alternative -- it would take an illegal instruction
1026,moonshine$dispatch_1026_matmul_b_s8,,,1000000000,us,1000000000000,0,,excluded_impossible,matmul_b_s8,B=8;M=1;K=165;N=36;transpose_b=1,,,excluded_impossible,hart 1's tile has no P-extension (PynqZ2Configs.scala:220 WithPExtOnTiles(0) names hart 0 only); this kernel's body is custom-0 throughout and holds no hart-1-executable alternative -- it would take an illegal instruction
1027,moonshine$dispatch_1027_linear_s8,,,0.561135247,ms,561135.247,0,,board_measured_b1_scaled_by_measured_region_factor_0.5883,linear_s8,M=1;K=288;N=288,22445,roccmoon_engine[curated],measured,
1028,moonshine$dispatch_1028_add_s8,,,1000000000,us,1000000000000,0,,excluded_impossible,add_s8,n=288,,,excluded_impossible,hart 1's tile has no P-extension (PynqZ2Configs.scala:220 WithPExtOnTiles(0) names hart 0 only); this kernel's body is custom-0 throughout and holds no hart-1-executable alternative -- it would take an illegal instruction
1029,moonshine$dispatch_1029_layernorm_s8,,,1000000000,us,1000000000000,0,,excluded_impossible,layernorm_s8,M=1;K=288,,,excluded_impossible,hart 1's tile has no P-extension (PynqZ2Configs.scala:220 WithPExtOnTiles(0) names hart 0 only); this kernel's body is custom-0 throughout and holds no hart-1-executable alternative -- it would take an illegal instruction
1030,moonshine$dispatch_1030_linear_s8,,,1.241342415,ms,1241342.415,0,,board_measured_b1_scaled_by_measured_region_factor_0.5883,linear_s8,M=1;K=288;N=1152,49654,roccmoon_engine[curated],measured,
1031,moonshine$dispatch_1031_silu_s8,,,1000000000,us,1000000000000,0,,excluded_impossible,silu_s8,n=1152,,,excluded_impossible,hart 1's tile has no P-extension (PynqZ2Configs.scala:220 WithPExtOnTiles(0) names hart 0 only); this kernel's body is custom-0 throughout and holds no hart-1-executable alternative -- it would take an illegal instruction
1032,moonshine$dispatch_1032_linear_s8,,,1.246945973,ms,1246945.973,0,,board_measured_b1_scaled_by_measured_region_factor_0.5883,linear_s8,M=1;K=288;N=1152,49878,roccmoon_engine[curated],measured,
1033,moonshine$dispatch_1033_mul_s8,,,1000000000,us,1000000000000,0,,excluded_impossible,mul_s8,n=1152,,,excluded_impossible,hart 1's tile has no P-extension (PynqZ2Configs.scala:220 WithPExtOnTiles(0) names hart 0 only); this kernel's body is custom-0 throughout and holds no hart-1-executable alternative -- it would take an illegal instruction
1034,moonshine$dispatch_1034_linear_s8,,,1.246225305,ms,1246225.305,0,,board_measured_b1_scaled_by_measured_region_factor_0.5883,linear_s8,M=1;K=1152;N=288,49849,roccmoon_engine[curated],measured,
1035,moonshine$dispatch_1035_add_s8,,,1000000000,us,1000000000000,0,,excluded_impossible,add_s8,n=288,,,excluded_impossible,hart 1's tile has no P-extension (PynqZ2Configs.scala:220 WithPExtOnTiles(0) names hart 0 only); this kernel's body is custom-0 throughout and holds no hart-1-executable alternative -- it would take an illegal instruction
1036,moonshine$dispatch_1036_layernorm_s8,,,1000000000,us,1000000000000,0,,excluded_impossible,layernorm_s8,M=1;K=288,,,excluded_impossible,hart 1's tile has no P-extension (PynqZ2Configs.scala:220 WithPExtOnTiles(0) names hart 0 only); this kernel's body is custom-0 throughout and holds no hart-1-executable alternative -- it would take an illegal instruction
1037,moonshine$dispatch_1037_linear_s8,,,0.530411280,ms,530411.280,0,,board_measured_b1_scaled_by_measured_region_factor_0.5883,linear_s8,M=1;K=288;N=288,21216,roccmoon_engine[curated],measured,
1038,moonshine$dispatch_1038_rope_s8,,,1000000000,us,1000000000000,0,,excluded_impossible,rope_s8,T=1;H=8;D=36;R=32,,,excluded_impossible,hart 1's tile has no P-extension (PynqZ2Configs.scala:220 WithPExtOnTiles(0) names hart 0 only); this kernel's body is custom-0 throughout and holds no hart-1-executable alternative -- it would take an illegal instruction
1039,moonshine$dispatch_1039_linear_s8,,,0.532661527,ms,532661.527,0,,board_measured_b1_scaled_by_measured_region_factor_0.5883,linear_s8,M=1;K=288;N=288,21306,roccmoon_engine[curated],measured,
1040,moonshine$dispatch_1040_rope_s8,,,1000000000,us,1000000000000,0,,excluded_impossible,rope_s8,T=1;H=8;D=36;R=32,,,excluded_impossible,hart 1's tile has no P-extension (PynqZ2Configs.scala:220 WithPExtOnTiles(0) names hart 0 only); this kernel's body is custom-0 throughout and holds no hart-1-executable alternative -- it would take an illegal instruction
1041,moonshine$dispatch_1041_linear_s8,,,0.528719918,ms,528719.918,0,,board_measured_b1_scaled_by_measured_region_factor_0.5883,linear_s8,M=1;K=288;N=288,21149,roccmoon_engine[curated],measured,
1042,moonshine$dispatch_1042_cat2_c1_s8,,,1000000000,us,1000000000000,0,,excluded_impossible,cat2_c1_s8,N=1;H=288;W=1;C_inputs=5|1;C_total=6,,,excluded_impossible,hart 1's tile has no P-extension (PynqZ2Configs.scala:220 WithPExtOnTiles(0) names hart 0 only); this kernel's body is custom-0 throughout and holds no hart-1-executable alternative -- it would take an illegal instruction
1043,moonshine$dispatch_1043_cat2_c1_s8,,,1000000000,us,1000000000000,0,,excluded_impossible,cat2_c1_s8,N=1;H=288;W=1;C_inputs=5|1;C_total=6,,,excluded_impossible,hart 1's tile has no P-extension (PynqZ2Configs.scala:220 WithPExtOnTiles(0) names hart 0 only); this kernel's body is custom-0 throughout and holds no hart-1-executable alternative -- it would take an illegal instruction
1044,moonshine$dispatch_1044_permute4_s8,,,1000000000,us,1000000000000,0,,excluded_impossible,permute4_s8,d0=1;d1=6;d2=8;d3=36;p0=0;p1=2;p2=1;p3=3,,,excluded_impossible,hart 1's tile has no P-extension (PynqZ2Configs.scala:220 WithPExtOnTiles(0) names hart 0 only); this kernel's body is custom-0 throughout and holds no hart-1-executable alternative -- it would take an illegal instruction
1045,moonshine$dispatch_1045_permute4_s8,,,1000000000,us,1000000000000,0,,excluded_impossible,permute4_s8,d0=1;d1=6;d2=8;d3=36;p0=0;p1=2;p2=1;p3=3,,,excluded_impossible,hart 1's tile has no P-extension (PynqZ2Configs.scala:220 WithPExtOnTiles(0) names hart 0 only); this kernel's body is custom-0 throughout and holds no hart-1-executable alternative -- it would take an illegal instruction
1046,moonshine$dispatch_1046_matmul_b_s8,,,1000000000,us,1000000000000,0,,excluded_impossible,matmul_b_s8,B=8;M=1;K=36;N=6;transpose_b=1,,,excluded_impossible,hart 1's tile has no P-extension (PynqZ2Configs.scala:220 WithPExtOnTiles(0) names hart 0 only); this kernel's body is custom-0 throughout and holds no hart-1-executable alternative -- it would take an illegal instruction
1047,moonshine$dispatch_1047_softmax_s8,,,1000000000,us,1000000000000,0,,excluded_impossible,softmax_s8,M=8;K=6,,,excluded_impossible,hart 1's tile has no P-extension (PynqZ2Configs.scala:220 WithPExtOnTiles(0) names hart 0 only); this kernel's body is custom-0 throughout and holds no hart-1-executable alternative -- it would take an illegal instruction
1048,moonshine$dispatch_1048_matmul_b_s8,,,1000000000,us,1000000000000,0,,excluded_impossible,matmul_b_s8,B=8;M=1;K=6;N=36;transpose_b=0,,,excluded_impossible,hart 1's tile has no P-extension (PynqZ2Configs.scala:220 WithPExtOnTiles(0) names hart 0 only); this kernel's body is custom-0 throughout and holds no hart-1-executable alternative -- it would take an illegal instruction
1049,moonshine$dispatch_1049_linear_s8,,,0.562385385,ms,562385.385,0,,board_measured_b1_scaled_by_measured_region_factor_0.5883,linear_s8,M=1;K=288;N=288,22495,roccmoon_engine[curated],measured,
1050,moonshine$dispatch_1050_add_s8,,,1000000000,us,1000000000000,0,,excluded_impossible,add_s8,n=288,,,excluded_impossible,hart 1's tile has no P-extension (PynqZ2Configs.scala:220 WithPExtOnTiles(0) names hart 0 only); this kernel's body is custom-0 throughout and holds no hart-1-executable alternative -- it would take an illegal instruction
1051,moonshine$dispatch_1051_layernorm_s8,,,1000000000,us,1000000000000,0,,excluded_impossible,layernorm_s8,M=1;K=288,,,excluded_impossible,hart 1's tile has no P-extension (PynqZ2Configs.scala:220 WithPExtOnTiles(0) names hart 0 only); this kernel's body is custom-0 throughout and holds no hart-1-executable alternative -- it would take an illegal instruction
1052,moonshine$dispatch_1052_linear_s8,,,0.531543758,ms,531543.758,0,,board_measured_b1_scaled_by_measured_region_factor_0.5883,linear_s8,M=1;K=288;N=288,21262,roccmoon_engine[curated],measured,
1053,moonshine$dispatch_1053_matmul_b_s8,,,1000000000,us,1000000000000,0,,excluded_impossible,matmul_b_s8,B=8;M=1;K=36;N=165;transpose_b=1,,,excluded_impossible,hart 1's tile has no P-extension (PynqZ2Configs.scala:220 WithPExtOnTiles(0) names hart 0 only); this kernel's body is custom-0 throughout and holds no hart-1-executable alternative -- it would take an illegal instruction
1054,moonshine$dispatch_1054_softmax_s8,,,1000000000,us,1000000000000,0,,excluded_impossible,softmax_s8,M=8;K=165,,,excluded_impossible,hart 1's tile has no P-extension (PynqZ2Configs.scala:220 WithPExtOnTiles(0) names hart 0 only); this kernel's body is custom-0 throughout and holds no hart-1-executable alternative -- it would take an illegal instruction
1055,moonshine$dispatch_1055_matmul_b_s8,,,1000000000,us,1000000000000,0,,excluded_impossible,matmul_b_s8,B=8;M=1;K=165;N=36;transpose_b=1,,,excluded_impossible,hart 1's tile has no P-extension (PynqZ2Configs.scala:220 WithPExtOnTiles(0) names hart 0 only); this kernel's body is custom-0 throughout and holds no hart-1-executable alternative -- it would take an illegal instruction
1056,moonshine$dispatch_1056_linear_s8,,,0.565650450,ms,565650.450,0,,board_measured_b1_scaled_by_measured_region_factor_0.5883,linear_s8,M=1;K=288;N=288,22626,roccmoon_engine[curated],measured,
1057,moonshine$dispatch_1057_add_s8,,,1000000000,us,1000000000000,0,,excluded_impossible,add_s8,n=288,,,excluded_impossible,hart 1's tile has no P-extension (PynqZ2Configs.scala:220 WithPExtOnTiles(0) names hart 0 only); this kernel's body is custom-0 throughout and holds no hart-1-executable alternative -- it would take an illegal instruction
1058,moonshine$dispatch_1058_layernorm_s8,,,1000000000,us,1000000000000,0,,excluded_impossible,layernorm_s8,M=1;K=288,,,excluded_impossible,hart 1's tile has no P-extension (PynqZ2Configs.scala:220 WithPExtOnTiles(0) names hart 0 only); this kernel's body is custom-0 throughout and holds no hart-1-executable alternative -- it would take an illegal instruction
1059,moonshine$dispatch_1059_linear_s8,,,1.231414852,ms,1231414.853,0,,board_measured_b1_scaled_by_measured_region_factor_0.5883,linear_s8,M=1;K=288;N=1152,49257,roccmoon_engine[curated],measured,
1060,moonshine$dispatch_1060_silu_s8,,,1000000000,us,1000000000000,0,,excluded_impossible,silu_s8,n=1152,,,excluded_impossible,hart 1's tile has no P-extension (PynqZ2Configs.scala:220 WithPExtOnTiles(0) names hart 0 only); this kernel's body is custom-0 throughout and holds no hart-1-executable alternative -- it would take an illegal instruction
1061,moonshine$dispatch_1061_linear_s8,,,1.248049035,ms,1248049.035,0,,board_measured_b1_scaled_by_measured_region_factor_0.5883,linear_s8,M=1;K=288;N=1152,49922,roccmoon_engine[curated],measured,
1062,moonshine$dispatch_1062_mul_s8,,,1000000000,us,1000000000000,0,,excluded_impossible,mul_s8,n=1152,,,excluded_impossible,hart 1's tile has no P-extension (PynqZ2Configs.scala:220 WithPExtOnTiles(0) names hart 0 only); this kernel's body is custom-0 throughout and holds no hart-1-executable alternative -- it would take an illegal instruction
1063,moonshine$dispatch_1063_linear_s8,,,1.260168015,ms,1260168.015,0,,board_measured_b1_scaled_by_measured_region_factor_0.5883,linear_s8,M=1;K=1152;N=288,50407,roccmoon_engine[curated],measured,
1064,moonshine$dispatch_1064_add_s8,,,1000000000,us,1000000000000,0,,excluded_impossible,add_s8,n=288,,,excluded_impossible,hart 1's tile has no P-extension (PynqZ2Configs.scala:220 WithPExtOnTiles(0) names hart 0 only); this kernel's body is custom-0 throughout and holds no hart-1-executable alternative -- it would take an illegal instruction
1065,moonshine$dispatch_1065_layernorm_s8,,,1000000000,us,1000000000000,0,,excluded_impossible,layernorm_s8,M=1;K=288,,,excluded_impossible,hart 1's tile has no P-extension (PynqZ2Configs.scala:220 WithPExtOnTiles(0) names hart 0 only); this kernel's body is custom-0 throughout and holds no hart-1-executable alternative -- it would take an illegal instruction
1066,moonshine$dispatch_1066_linear_s8,,,0.530823090,ms,530823.090,0,,board_measured_b1_scaled_by_measured_region_factor_0.5883,linear_s8,M=1;K=288;N=288,21233,roccmoon_engine[curated],measured,
1067,moonshine$dispatch_1067_rope_s8,,,1000000000,us,1000000000000,0,,excluded_impossible,rope_s8,T=1;H=8;D=36;R=32,,,excluded_impossible,hart 1's tile has no P-extension (PynqZ2Configs.scala:220 WithPExtOnTiles(0) names hart 0 only); this kernel's body is custom-0 throughout and holds no hart-1-executable alternative -- it would take an illegal instruction
1068,moonshine$dispatch_1068_linear_s8,,,0.532087935,ms,532087.935,0,,board_measured_b1_scaled_by_measured_region_factor_0.5883,linear_s8,M=1;K=288;N=288,21284,roccmoon_engine[curated],measured,
1069,moonshine$dispatch_1069_rope_s8,,,1000000000,us,1000000000000,0,,excluded_impossible,rope_s8,T=1;H=8;D=36;R=32,,,excluded_impossible,hart 1's tile has no P-extension (PynqZ2Configs.scala:220 WithPExtOnTiles(0) names hart 0 only); this kernel's body is custom-0 throughout and holds no hart-1-executable alternative -- it would take an illegal instruction
1070,moonshine$dispatch_1070_linear_s8,,,0.529793565,ms,529793.565,0,,board_measured_b1_scaled_by_measured_region_factor_0.5883,linear_s8,M=1;K=288;N=288,21192,roccmoon_engine[curated],measured,
1071,moonshine$dispatch_1071_cat2_c1_s8,,,1000000000,us,1000000000000,0,,excluded_impossible,cat2_c1_s8,N=1;H=288;W=1;C_inputs=5|1;C_total=6,,,excluded_impossible,hart 1's tile has no P-extension (PynqZ2Configs.scala:220 WithPExtOnTiles(0) names hart 0 only); this kernel's body is custom-0 throughout and holds no hart-1-executable alternative -- it would take an illegal instruction
1072,moonshine$dispatch_1072_cat2_c1_s8,,,1000000000,us,1000000000000,0,,excluded_impossible,cat2_c1_s8,N=1;H=288;W=1;C_inputs=5|1;C_total=6,,,excluded_impossible,hart 1's tile has no P-extension (PynqZ2Configs.scala:220 WithPExtOnTiles(0) names hart 0 only); this kernel's body is custom-0 throughout and holds no hart-1-executable alternative -- it would take an illegal instruction
1073,moonshine$dispatch_1073_permute4_s8,,,1000000000,us,1000000000000,0,,excluded_impossible,permute4_s8,d0=1;d1=6;d2=8;d3=36;p0=0;p1=2;p2=1;p3=3,,,excluded_impossible,hart 1's tile has no P-extension (PynqZ2Configs.scala:220 WithPExtOnTiles(0) names hart 0 only); this kernel's body is custom-0 throughout and holds no hart-1-executable alternative -- it would take an illegal instruction
1074,moonshine$dispatch_1074_permute4_s8,,,1000000000,us,1000000000000,0,,excluded_impossible,permute4_s8,d0=1;d1=6;d2=8;d3=36;p0=0;p1=2;p2=1;p3=3,,,excluded_impossible,hart 1's tile has no P-extension (PynqZ2Configs.scala:220 WithPExtOnTiles(0) names hart 0 only); this kernel's body is custom-0 throughout and holds no hart-1-executable alternative -- it would take an illegal instruction
1075,moonshine$dispatch_1075_matmul_b_s8,,,1000000000,us,1000000000000,0,,excluded_impossible,matmul_b_s8,B=8;M=1;K=36;N=6;transpose_b=1,,,excluded_impossible,hart 1's tile has no P-extension (PynqZ2Configs.scala:220 WithPExtOnTiles(0) names hart 0 only); this kernel's body is custom-0 throughout and holds no hart-1-executable alternative -- it would take an illegal instruction
1076,moonshine$dispatch_1076_softmax_s8,,,1000000000,us,1000000000000,0,,excluded_impossible,softmax_s8,M=8;K=6,,,excluded_impossible,hart 1's tile has no P-extension (PynqZ2Configs.scala:220 WithPExtOnTiles(0) names hart 0 only); this kernel's body is custom-0 throughout and holds no hart-1-executable alternative -- it would take an illegal instruction
1077,moonshine$dispatch_1077_matmul_b_s8,,,1000000000,us,1000000000000,0,,excluded_impossible,matmul_b_s8,B=8;M=1;K=6;N=36;transpose_b=0,,,excluded_impossible,hart 1's tile has no P-extension (PynqZ2Configs.scala:220 WithPExtOnTiles(0) names hart 0 only); this kernel's body is custom-0 throughout and holds no hart-1-executable alternative -- it would take an illegal instruction
1078,moonshine$dispatch_1078_linear_s8,,,0.557664278,ms,557664.278,0,,board_measured_b1_scaled_by_measured_region_factor_0.5883,linear_s8,M=1;K=288;N=288,22307,roccmoon_engine[curated],measured,
1079,moonshine$dispatch_1079_add_s8,,,1000000000,us,1000000000000,0,,excluded_impossible,add_s8,n=288,,,excluded_impossible,hart 1's tile has no P-extension (PynqZ2Configs.scala:220 WithPExtOnTiles(0) names hart 0 only); this kernel's body is custom-0 throughout and holds no hart-1-executable alternative -- it would take an illegal instruction
1080,moonshine$dispatch_1080_layernorm_s8,,,1000000000,us,1000000000000,0,,excluded_impossible,layernorm_s8,M=1;K=288,,,excluded_impossible,hart 1's tile has no P-extension (PynqZ2Configs.scala:220 WithPExtOnTiles(0) names hart 0 only); this kernel's body is custom-0 throughout and holds no hart-1-executable alternative -- it would take an illegal instruction
1081,moonshine$dispatch_1081_linear_s8,,,0.537367928,ms,537367.928,0,,board_measured_b1_scaled_by_measured_region_factor_0.5883,linear_s8,M=1;K=288;N=288,21495,roccmoon_engine[curated],measured,
1082,moonshine$dispatch_1082_matmul_b_s8,,,1000000000,us,1000000000000,0,,excluded_impossible,matmul_b_s8,B=8;M=1;K=36;N=165;transpose_b=1,,,excluded_impossible,hart 1's tile has no P-extension (PynqZ2Configs.scala:220 WithPExtOnTiles(0) names hart 0 only); this kernel's body is custom-0 throughout and holds no hart-1-executable alternative -- it would take an illegal instruction
1083,moonshine$dispatch_1083_softmax_s8,,,1000000000,us,1000000000000,0,,excluded_impossible,softmax_s8,M=8;K=165,,,excluded_impossible,hart 1's tile has no P-extension (PynqZ2Configs.scala:220 WithPExtOnTiles(0) names hart 0 only); this kernel's body is custom-0 throughout and holds no hart-1-executable alternative -- it would take an illegal instruction
1084,moonshine$dispatch_1084_matmul_b_s8,,,1000000000,us,1000000000000,0,,excluded_impossible,matmul_b_s8,B=8;M=1;K=165;N=36;transpose_b=1,,,excluded_impossible,hart 1's tile has no P-extension (PynqZ2Configs.scala:220 WithPExtOnTiles(0) names hart 0 only); this kernel's body is custom-0 throughout and holds no hart-1-executable alternative -- it would take an illegal instruction
1085,moonshine$dispatch_1085_linear_s8,,,0.573577792,ms,573577.792,0,,board_measured_b1_scaled_by_measured_region_factor_0.5883,linear_s8,M=1;K=288;N=288,22943,roccmoon_engine[curated],measured,
1086,moonshine$dispatch_1086_add_s8,,,1000000000,us,1000000000000,0,,excluded_impossible,add_s8,n=288,,,excluded_impossible,hart 1's tile has no P-extension (PynqZ2Configs.scala:220 WithPExtOnTiles(0) names hart 0 only); this kernel's body is custom-0 throughout and holds no hart-1-executable alternative -- it would take an illegal instruction
1087,moonshine$dispatch_1087_layernorm_s8,,,1000000000,us,1000000000000,0,,excluded_impossible,layernorm_s8,M=1;K=288,,,excluded_impossible,hart 1's tile has no P-extension (PynqZ2Configs.scala:220 WithPExtOnTiles(0) names hart 0 only); this kernel's body is custom-0 throughout and holds no hart-1-executable alternative -- it would take an illegal instruction
1088,moonshine$dispatch_1088_linear_s8,,,1.259212028,ms,1259212.028,0,,board_measured_b1_scaled_by_measured_region_factor_0.5883,linear_s8,M=1;K=288;N=1152,50368,roccmoon_engine[curated],measured,
1089,moonshine$dispatch_1089_silu_s8,,,1000000000,us,1000000000000,0,,excluded_impossible,silu_s8,n=1152,,,excluded_impossible,hart 1's tile has no P-extension (PynqZ2Configs.scala:220 WithPExtOnTiles(0) names hart 0 only); this kernel's body is custom-0 throughout and holds no hart-1-executable alternative -- it would take an illegal instruction
1090,moonshine$dispatch_1090_linear_s8,,,1.262212358,ms,1262212.358,0,,board_measured_b1_scaled_by_measured_region_factor_0.5883,linear_s8,M=1;K=288;N=1152,50488,roccmoon_engine[curated],measured,
1091,moonshine$dispatch_1091_mul_s8,,,1000000000,us,1000000000000,0,,excluded_impossible,mul_s8,n=1152,,,excluded_impossible,hart 1's tile has no P-extension (PynqZ2Configs.scala:220 WithPExtOnTiles(0) names hart 0 only); this kernel's body is custom-0 throughout and holds no hart-1-executable alternative -- it would take an illegal instruction
1092,moonshine$dispatch_1092_linear_s8,,,1.275184373,ms,1275184.373,0,,board_measured_b1_scaled_by_measured_region_factor_0.5883,linear_s8,M=1;K=1152;N=288,51007,roccmoon_engine[curated],measured,
1093,moonshine$dispatch_1093_add_s8,,,1000000000,us,1000000000000,0,,excluded_impossible,add_s8,n=288,,,excluded_impossible,hart 1's tile has no P-extension (PynqZ2Configs.scala:220 WithPExtOnTiles(0) names hart 0 only); this kernel's body is custom-0 throughout and holds no hart-1-executable alternative -- it would take an illegal instruction
1094,moonshine$dispatch_1094_layernorm_s8,,,1000000000,us,1000000000000,0,,excluded_impossible,layernorm_s8,M=1;K=288,,,excluded_impossible,hart 1's tile has no P-extension (PynqZ2Configs.scala:220 WithPExtOnTiles(0) names hart 0 only); this kernel's body is custom-0 throughout and holds no hart-1-executable alternative -- it would take an illegal instruction
1095,moonshine$dispatch_1095_linear_s8,,,0.547972035,ms,547972.035,0,,board_measured_b1_scaled_by_measured_region_factor_0.5883,linear_s8,M=1;K=288;N=288,21919,roccmoon_engine[curated],measured,
1096,moonshine$dispatch_1096_rope_s8,,,1000000000,us,1000000000000,0,,excluded_impossible,rope_s8,T=1;H=8;D=36;R=32,,,excluded_impossible,hart 1's tile has no P-extension (PynqZ2Configs.scala:220 WithPExtOnTiles(0) names hart 0 only); this kernel's body is custom-0 throughout and holds no hart-1-executable alternative -- it would take an illegal instruction
1097,moonshine$dispatch_1097_linear_s8,,,0.542015497,ms,542015.498,0,,board_measured_b1_scaled_by_measured_region_factor_0.5883,linear_s8,M=1;K=288;N=288,21681,roccmoon_engine[curated],measured,
1098,moonshine$dispatch_1098_rope_s8,,,1000000000,us,1000000000000,0,,excluded_impossible,rope_s8,T=1;H=8;D=36;R=32,,,excluded_impossible,hart 1's tile has no P-extension (PynqZ2Configs.scala:220 WithPExtOnTiles(0) names hart 0 only); this kernel's body is custom-0 throughout and holds no hart-1-executable alternative -- it would take an illegal instruction
1099,moonshine$dispatch_1099_linear_s8,,,0.538985753,ms,538985.753,0,,board_measured_b1_scaled_by_measured_region_factor_0.5883,linear_s8,M=1;K=288;N=288,21559,roccmoon_engine[curated],measured,
1100,moonshine$dispatch_1100_cat2_c1_s8,,,1000000000,us,1000000000000,0,,excluded_impossible,cat2_c1_s8,N=1;H=288;W=1;C_inputs=5|1;C_total=6,,,excluded_impossible,hart 1's tile has no P-extension (PynqZ2Configs.scala:220 WithPExtOnTiles(0) names hart 0 only); this kernel's body is custom-0 throughout and holds no hart-1-executable alternative -- it would take an illegal instruction
1101,moonshine$dispatch_1101_cat2_c1_s8,,,1000000000,us,1000000000000,0,,excluded_impossible,cat2_c1_s8,N=1;H=288;W=1;C_inputs=5|1;C_total=6,,,excluded_impossible,hart 1's tile has no P-extension (PynqZ2Configs.scala:220 WithPExtOnTiles(0) names hart 0 only); this kernel's body is custom-0 throughout and holds no hart-1-executable alternative -- it would take an illegal instruction
1102,moonshine$dispatch_1102_permute4_s8,,,1000000000,us,1000000000000,0,,excluded_impossible,permute4_s8,d0=1;d1=6;d2=8;d3=36;p0=0;p1=2;p2=1;p3=3,,,excluded_impossible,hart 1's tile has no P-extension (PynqZ2Configs.scala:220 WithPExtOnTiles(0) names hart 0 only); this kernel's body is custom-0 throughout and holds no hart-1-executable alternative -- it would take an illegal instruction
1103,moonshine$dispatch_1103_permute4_s8,,,1000000000,us,1000000000000,0,,excluded_impossible,permute4_s8,d0=1;d1=6;d2=8;d3=36;p0=0;p1=2;p2=1;p3=3,,,excluded_impossible,hart 1's tile has no P-extension (PynqZ2Configs.scala:220 WithPExtOnTiles(0) names hart 0 only); this kernel's body is custom-0 throughout and holds no hart-1-executable alternative -- it would take an illegal instruction
1104,moonshine$dispatch_1104_matmul_b_s8,,,1000000000,us,1000000000000,0,,excluded_impossible,matmul_b_s8,B=8;M=1;K=36;N=6;transpose_b=1,,,excluded_impossible,hart 1's tile has no P-extension (PynqZ2Configs.scala:220 WithPExtOnTiles(0) names hart 0 only); this kernel's body is custom-0 throughout and holds no hart-1-executable alternative -- it would take an illegal instruction
1105,moonshine$dispatch_1105_softmax_s8,,,1000000000,us,1000000000000,0,,excluded_impossible,softmax_s8,M=8;K=6,,,excluded_impossible,hart 1's tile has no P-extension (PynqZ2Configs.scala:220 WithPExtOnTiles(0) names hart 0 only); this kernel's body is custom-0 throughout and holds no hart-1-executable alternative -- it would take an illegal instruction
1106,moonshine$dispatch_1106_matmul_b_s8,,,1000000000,us,1000000000000,0,,excluded_impossible,matmul_b_s8,B=8;M=1;K=6;N=36;transpose_b=0,,,excluded_impossible,hart 1's tile has no P-extension (PynqZ2Configs.scala:220 WithPExtOnTiles(0) names hart 0 only); this kernel's body is custom-0 throughout and holds no hart-1-executable alternative -- it would take an illegal instruction
1107,moonshine$dispatch_1107_linear_s8,,,0.571018688,ms,571018.688,0,,board_measured_b1_scaled_by_measured_region_factor_0.5883,linear_s8,M=1;K=288;N=288,22841,roccmoon_engine[curated],measured,
1108,moonshine$dispatch_1108_add_s8,,,1000000000,us,1000000000000,0,,excluded_impossible,add_s8,n=288,,,excluded_impossible,hart 1's tile has no P-extension (PynqZ2Configs.scala:220 WithPExtOnTiles(0) names hart 0 only); this kernel's body is custom-0 throughout and holds no hart-1-executable alternative -- it would take an illegal instruction
1109,moonshine$dispatch_1109_layernorm_s8,,,1000000000,us,1000000000000,0,,excluded_impossible,layernorm_s8,M=1;K=288,,,excluded_impossible,hart 1's tile has no P-extension (PynqZ2Configs.scala:220 WithPExtOnTiles(0) names hart 0 only); this kernel's body is custom-0 throughout and holds no hart-1-executable alternative -- it would take an illegal instruction
1110,moonshine$dispatch_1110_linear_s8,,,0.545957108,ms,545957.108,0,,board_measured_b1_scaled_by_measured_region_factor_0.5883,linear_s8,M=1;K=288;N=288,21838,roccmoon_engine[curated],measured,
1111,moonshine$dispatch_1111_matmul_b_s8,,,1000000000,us,1000000000000,0,,excluded_impossible,matmul_b_s8,B=8;M=1;K=36;N=165;transpose_b=1,,,excluded_impossible,hart 1's tile has no P-extension (PynqZ2Configs.scala:220 WithPExtOnTiles(0) names hart 0 only); this kernel's body is custom-0 throughout and holds no hart-1-executable alternative -- it would take an illegal instruction
1112,moonshine$dispatch_1112_softmax_s8,,,1000000000,us,1000000000000,0,,excluded_impossible,softmax_s8,M=8;K=165,,,excluded_impossible,hart 1's tile has no P-extension (PynqZ2Configs.scala:220 WithPExtOnTiles(0) names hart 0 only); this kernel's body is custom-0 throughout and holds no hart-1-executable alternative -- it would take an illegal instruction
1113,moonshine$dispatch_1113_matmul_b_s8,,,1000000000,us,1000000000000,0,,excluded_impossible,matmul_b_s8,B=8;M=1;K=165;N=36;transpose_b=1,,,excluded_impossible,hart 1's tile has no P-extension (PynqZ2Configs.scala:220 WithPExtOnTiles(0) names hart 0 only); this kernel's body is custom-0 throughout and holds no hart-1-executable alternative -- it would take an illegal instruction
1114,moonshine$dispatch_1114_linear_s8,,,0.577107592,ms,577107.593,0,,board_measured_b1_scaled_by_measured_region_factor_0.5883,linear_s8,M=1;K=288;N=288,23084,roccmoon_engine[curated],measured,
1115,moonshine$dispatch_1115_add_s8,,,1000000000,us,1000000000000,0,,excluded_impossible,add_s8,n=288,,,excluded_impossible,hart 1's tile has no P-extension (PynqZ2Configs.scala:220 WithPExtOnTiles(0) names hart 0 only); this kernel's body is custom-0 throughout and holds no hart-1-executable alternative -- it would take an illegal instruction
1116,moonshine$dispatch_1116_layernorm_s8,,,1000000000,us,1000000000000,0,,excluded_impossible,layernorm_s8,M=1;K=288,,,excluded_impossible,hart 1's tile has no P-extension (PynqZ2Configs.scala:220 WithPExtOnTiles(0) names hart 0 only); this kernel's body is custom-0 throughout and holds no hart-1-executable alternative -- it would take an illegal instruction
1117,moonshine$dispatch_1117_linear_s8,,,1.256932365,ms,1256932.365,0,,board_measured_b1_scaled_by_measured_region_factor_0.5883,linear_s8,M=1;K=288;N=1152,50277,roccmoon_engine[curated],measured,
1118,moonshine$dispatch_1118_silu_s8,,,1000000000,us,1000000000000,0,,excluded_impossible,silu_s8,n=1152,,,excluded_impossible,hart 1's tile has no P-extension (PynqZ2Configs.scala:220 WithPExtOnTiles(0) names hart 0 only); this kernel's body is custom-0 throughout and holds no hart-1-executable alternative -- it would take an illegal instruction
1119,moonshine$dispatch_1119_linear_s8,,,1.258079550,ms,1258079.550,0,,board_measured_b1_scaled_by_measured_region_factor_0.5883,linear_s8,M=1;K=288;N=1152,50323,roccmoon_engine[curated],measured,
1120,moonshine$dispatch_1120_mul_s8,,,1000000000,us,1000000000000,0,,excluded_impossible,mul_s8,n=1152,,,excluded_impossible,hart 1's tile has no P-extension (PynqZ2Configs.scala:220 WithPExtOnTiles(0) names hart 0 only); this kernel's body is custom-0 throughout and holds no hart-1-executable alternative -- it would take an illegal instruction
1121,moonshine$dispatch_1121_linear_s8,,,1.270183823,ms,1270183.823,0,,board_measured_b1_scaled_by_measured_region_factor_0.5883,linear_s8,M=1;K=1152;N=288,50807,roccmoon_engine[curated],measured,
1122,moonshine$dispatch_1122_add_s8,,,1000000000,us,1000000000000,0,,excluded_impossible,add_s8,n=288,,,excluded_impossible,hart 1's tile has no P-extension (PynqZ2Configs.scala:220 WithPExtOnTiles(0) names hart 0 only); this kernel's body is custom-0 throughout and holds no hart-1-executable alternative -- it would take an illegal instruction
1123,moonshine$dispatch_1123_layernorm_s8,,,1000000000,us,1000000000000,0,,excluded_impossible,layernorm_s8,M=1;K=288,,,excluded_impossible,hart 1's tile has no P-extension (PynqZ2Configs.scala:220 WithPExtOnTiles(0) names hart 0 only); this kernel's body is custom-0 throughout and holds no hart-1-executable alternative -- it would take an illegal instruction
1124,moonshine$dispatch_1124_linear_s8,,,0.550692923,ms,550692.923,0,,board_measured_b1_scaled_by_measured_region_factor_0.5883,linear_s8,M=1;K=288;N=288,22028,roccmoon_engine[curated],measured,
1125,moonshine$dispatch_1125_rope_s8,,,1000000000,us,1000000000000,0,,excluded_impossible,rope_s8,T=1;H=8;D=36;R=32,,,excluded_impossible,hart 1's tile has no P-extension (PynqZ2Configs.scala:220 WithPExtOnTiles(0) names hart 0 only); this kernel's body is custom-0 throughout and holds no hart-1-executable alternative -- it would take an illegal instruction
1126,moonshine$dispatch_1126_linear_s8,,,0.550295820,ms,550295.820,0,,board_measured_b1_scaled_by_measured_region_factor_0.5883,linear_s8,M=1;K=288;N=288,22012,roccmoon_engine[curated],measured,
1127,moonshine$dispatch_1127_rope_s8,,,1000000000,us,1000000000000,0,,excluded_impossible,rope_s8,T=1;H=8;D=36;R=32,,,excluded_impossible,hart 1's tile has no P-extension (PynqZ2Configs.scala:220 WithPExtOnTiles(0) names hart 0 only); this kernel's body is custom-0 throughout and holds no hart-1-executable alternative -- it would take an illegal instruction
1128,moonshine$dispatch_1128_linear_s8,,,0.551310637,ms,551310.637,0,,board_measured_b1_scaled_by_measured_region_factor_0.5883,linear_s8,M=1;K=288;N=288,22052,roccmoon_engine[curated],measured,
1129,moonshine$dispatch_1129_cat2_c1_s8,,,1000000000,us,1000000000000,0,,excluded_impossible,cat2_c1_s8,N=1;H=288;W=1;C_inputs=5|1;C_total=6,,,excluded_impossible,hart 1's tile has no P-extension (PynqZ2Configs.scala:220 WithPExtOnTiles(0) names hart 0 only); this kernel's body is custom-0 throughout and holds no hart-1-executable alternative -- it would take an illegal instruction
1130,moonshine$dispatch_1130_cat2_c1_s8,,,1000000000,us,1000000000000,0,,excluded_impossible,cat2_c1_s8,N=1;H=288;W=1;C_inputs=5|1;C_total=6,,,excluded_impossible,hart 1's tile has no P-extension (PynqZ2Configs.scala:220 WithPExtOnTiles(0) names hart 0 only); this kernel's body is custom-0 throughout and holds no hart-1-executable alternative -- it would take an illegal instruction
1131,moonshine$dispatch_1131_permute4_s8,,,1000000000,us,1000000000000,0,,excluded_impossible,permute4_s8,d0=1;d1=6;d2=8;d3=36;p0=0;p1=2;p2=1;p3=3,,,excluded_impossible,hart 1's tile has no P-extension (PynqZ2Configs.scala:220 WithPExtOnTiles(0) names hart 0 only); this kernel's body is custom-0 throughout and holds no hart-1-executable alternative -- it would take an illegal instruction
1132,moonshine$dispatch_1132_permute4_s8,,,1000000000,us,1000000000000,0,,excluded_impossible,permute4_s8,d0=1;d1=6;d2=8;d3=36;p0=0;p1=2;p2=1;p3=3,,,excluded_impossible,hart 1's tile has no P-extension (PynqZ2Configs.scala:220 WithPExtOnTiles(0) names hart 0 only); this kernel's body is custom-0 throughout and holds no hart-1-executable alternative -- it would take an illegal instruction
1133,moonshine$dispatch_1133_matmul_b_s8,,,1000000000,us,1000000000000,0,,excluded_impossible,matmul_b_s8,B=8;M=1;K=36;N=6;transpose_b=1,,,excluded_impossible,hart 1's tile has no P-extension (PynqZ2Configs.scala:220 WithPExtOnTiles(0) names hart 0 only); this kernel's body is custom-0 throughout and holds no hart-1-executable alternative -- it would take an illegal instruction
1134,moonshine$dispatch_1134_softmax_s8,,,1000000000,us,1000000000000,0,,excluded_impossible,softmax_s8,M=8;K=6,,,excluded_impossible,hart 1's tile has no P-extension (PynqZ2Configs.scala:220 WithPExtOnTiles(0) names hart 0 only); this kernel's body is custom-0 throughout and holds no hart-1-executable alternative -- it would take an illegal instruction
1135,moonshine$dispatch_1135_matmul_b_s8,,,1000000000,us,1000000000000,0,,excluded_impossible,matmul_b_s8,B=8;M=1;K=6;N=36;transpose_b=0,,,excluded_impossible,hart 1's tile has no P-extension (PynqZ2Configs.scala:220 WithPExtOnTiles(0) names hart 0 only); this kernel's body is custom-0 throughout and holds no hart-1-executable alternative -- it would take an illegal instruction
1136,moonshine$dispatch_1136_linear_s8,,,0.582240510,ms,582240.510,0,,board_measured_b1_scaled_by_measured_region_factor_0.5883,linear_s8,M=1;K=288;N=288,23290,roccmoon_engine[curated],measured,
1137,moonshine$dispatch_1137_add_s8,,,1000000000,us,1000000000000,0,,excluded_impossible,add_s8,n=288,,,excluded_impossible,hart 1's tile has no P-extension (PynqZ2Configs.scala:220 WithPExtOnTiles(0) names hart 0 only); this kernel's body is custom-0 throughout and holds no hart-1-executable alternative -- it would take an illegal instruction
1138,moonshine$dispatch_1138_layernorm_s8,,,1000000000,us,1000000000000,0,,excluded_impossible,layernorm_s8,M=1;K=288,,,excluded_impossible,hart 1's tile has no P-extension (PynqZ2Configs.scala:220 WithPExtOnTiles(0) names hart 0 only); this kernel's body is custom-0 throughout and holds no hart-1-executable alternative -- it would take an illegal instruction
1139,moonshine$dispatch_1139_linear_s8,,,0.552531360,ms,552531.360,0,,board_measured_b1_scaled_by_measured_region_factor_0.5883,linear_s8,M=1;K=288;N=288,22101,roccmoon_engine[curated],measured,
1140,moonshine$dispatch_1140_matmul_b_s8,,,1000000000,us,1000000000000,0,,excluded_impossible,matmul_b_s8,B=8;M=1;K=36;N=165;transpose_b=1,,,excluded_impossible,hart 1's tile has no P-extension (PynqZ2Configs.scala:220 WithPExtOnTiles(0) names hart 0 only); this kernel's body is custom-0 throughout and holds no hart-1-executable alternative -- it would take an illegal instruction
1141,moonshine$dispatch_1141_softmax_s8,,,1000000000,us,1000000000000,0,,excluded_impossible,softmax_s8,M=8;K=165,,,excluded_impossible,hart 1's tile has no P-extension (PynqZ2Configs.scala:220 WithPExtOnTiles(0) names hart 0 only); this kernel's body is custom-0 throughout and holds no hart-1-executable alternative -- it would take an illegal instruction
1142,moonshine$dispatch_1142_matmul_b_s8,,,1000000000,us,1000000000000,0,,excluded_impossible,matmul_b_s8,B=8;M=1;K=165;N=36;transpose_b=1,,,excluded_impossible,hart 1's tile has no P-extension (PynqZ2Configs.scala:220 WithPExtOnTiles(0) names hart 0 only); this kernel's body is custom-0 throughout and holds no hart-1-executable alternative -- it would take an illegal instruction
1143,moonshine$dispatch_1143_linear_s8,,,0.585079057,ms,585079.057,0,,board_measured_b1_scaled_by_measured_region_factor_0.5883,linear_s8,M=1;K=288;N=288,23403,roccmoon_engine[curated],measured,
1144,moonshine$dispatch_1144_add_s8,,,1000000000,us,1000000000000,0,,excluded_impossible,add_s8,n=288,,,excluded_impossible,hart 1's tile has no P-extension (PynqZ2Configs.scala:220 WithPExtOnTiles(0) names hart 0 only); this kernel's body is custom-0 throughout and holds no hart-1-executable alternative -- it would take an illegal instruction
1145,moonshine$dispatch_1145_layernorm_s8,,,1000000000,us,1000000000000,0,,excluded_impossible,layernorm_s8,M=1;K=288,,,excluded_impossible,hart 1's tile has no P-extension (PynqZ2Configs.scala:220 WithPExtOnTiles(0) names hart 0 only); this kernel's body is custom-0 throughout and holds no hart-1-executable alternative -- it would take an illegal instruction
1146,moonshine$dispatch_1146_linear_s8,,,1.260329798,ms,1260329.798,0,,board_measured_b1_scaled_by_measured_region_factor_0.5883,linear_s8,M=1;K=288;N=1152,50413,roccmoon_engine[curated],measured,
1147,moonshine$dispatch_1147_silu_s8,,,1000000000,us,1000000000000,0,,excluded_impossible,silu_s8,n=1152,,,excluded_impossible,hart 1's tile has no P-extension (PynqZ2Configs.scala:220 WithPExtOnTiles(0) names hart 0 only); this kernel's body is custom-0 throughout and holds no hart-1-executable alternative -- it would take an illegal instruction
1148,moonshine$dispatch_1148_linear_s8,,,1.262227065,ms,1262227.065,0,,board_measured_b1_scaled_by_measured_region_factor_0.5883,linear_s8,M=1;K=288;N=1152,50489,roccmoon_engine[curated],measured,
1149,moonshine$dispatch_1149_mul_s8,,,1000000000,us,1000000000000,0,,excluded_impossible,mul_s8,n=1152,,,excluded_impossible,hart 1's tile has no P-extension (PynqZ2Configs.scala:220 WithPExtOnTiles(0) names hart 0 only); this kernel's body is custom-0 throughout and holds no hart-1-executable alternative -- it would take an illegal instruction
1150,moonshine$dispatch_1150_linear_s8,,,1.267227615,ms,1267227.615,0,,board_measured_b1_scaled_by_measured_region_factor_0.5883,linear_s8,M=1;K=1152;N=288,50689,roccmoon_engine[curated],measured,
1151,moonshine$dispatch_1151_add_s8,,,1000000000,us,1000000000000,0,,excluded_impossible,add_s8,n=288,,,excluded_impossible,hart 1's tile has no P-extension (PynqZ2Configs.scala:220 WithPExtOnTiles(0) names hart 0 only); this kernel's body is custom-0 throughout and holds no hart-1-executable alternative -- it would take an illegal instruction
1152,moonshine$dispatch_1152_layernorm_s8,,,1000000000,us,1000000000000,0,,excluded_impossible,layernorm_s8,M=1;K=288,,,excluded_impossible,hart 1's tile has no P-extension (PynqZ2Configs.scala:220 WithPExtOnTiles(0) names hart 0 only); this kernel's body is custom-0 throughout and holds no hart-1-executable alternative -- it would take an illegal instruction
1153,moonshine$dispatch_1153_linear_s8,,,0.550634092,ms,550634.092,0,,board_measured_b1_scaled_by_measured_region_factor_0.5883,linear_s8,M=1;K=288;N=288,22025,roccmoon_engine[curated],measured,
1154,moonshine$dispatch_1154_rope_s8,,,1000000000,us,1000000000000,0,,excluded_impossible,rope_s8,T=1;H=8;D=36;R=32,,,excluded_impossible,hart 1's tile has no P-extension (PynqZ2Configs.scala:220 WithPExtOnTiles(0) names hart 0 only); this kernel's body is custom-0 throughout and holds no hart-1-executable alternative -- it would take an illegal instruction
1155,moonshine$dispatch_1155_linear_s8,,,0.548016157,ms,548016.157,0,,board_measured_b1_scaled_by_measured_region_factor_0.5883,linear_s8,M=1;K=288;N=288,21921,roccmoon_engine[curated],measured,
1156,moonshine$dispatch_1156_rope_s8,,,1000000000,us,1000000000000,0,,excluded_impossible,rope_s8,T=1;H=8;D=36;R=32,,,excluded_impossible,hart 1's tile has no P-extension (PynqZ2Configs.scala:220 WithPExtOnTiles(0) names hart 0 only); this kernel's body is custom-0 throughout and holds no hart-1-executable alternative -- it would take an illegal instruction
1157,moonshine$dispatch_1157_linear_s8,,,0.545618835,ms,545618.835,0,,board_measured_b1_scaled_by_measured_region_factor_0.5883,linear_s8,M=1;K=288;N=288,21825,roccmoon_engine[curated],measured,
1158,moonshine$dispatch_1158_cat2_c1_s8,,,1000000000,us,1000000000000,0,,excluded_impossible,cat2_c1_s8,N=1;H=288;W=1;C_inputs=5|1;C_total=6,,,excluded_impossible,hart 1's tile has no P-extension (PynqZ2Configs.scala:220 WithPExtOnTiles(0) names hart 0 only); this kernel's body is custom-0 throughout and holds no hart-1-executable alternative -- it would take an illegal instruction
1159,moonshine$dispatch_1159_cat2_c1_s8,,,1000000000,us,1000000000000,0,,excluded_impossible,cat2_c1_s8,N=1;H=288;W=1;C_inputs=5|1;C_total=6,,,excluded_impossible,hart 1's tile has no P-extension (PynqZ2Configs.scala:220 WithPExtOnTiles(0) names hart 0 only); this kernel's body is custom-0 throughout and holds no hart-1-executable alternative -- it would take an illegal instruction
1160,moonshine$dispatch_1160_permute4_s8,,,1000000000,us,1000000000000,0,,excluded_impossible,permute4_s8,d0=1;d1=6;d2=8;d3=36;p0=0;p1=2;p2=1;p3=3,,,excluded_impossible,hart 1's tile has no P-extension (PynqZ2Configs.scala:220 WithPExtOnTiles(0) names hart 0 only); this kernel's body is custom-0 throughout and holds no hart-1-executable alternative -- it would take an illegal instruction
1161,moonshine$dispatch_1161_permute4_s8,,,1000000000,us,1000000000000,0,,excluded_impossible,permute4_s8,d0=1;d1=6;d2=8;d3=36;p0=0;p1=2;p2=1;p3=3,,,excluded_impossible,hart 1's tile has no P-extension (PynqZ2Configs.scala:220 WithPExtOnTiles(0) names hart 0 only); this kernel's body is custom-0 throughout and holds no hart-1-executable alternative -- it would take an illegal instruction
1162,moonshine$dispatch_1162_matmul_b_s8,,,1000000000,us,1000000000000,0,,excluded_impossible,matmul_b_s8,B=8;M=1;K=36;N=6;transpose_b=1,,,excluded_impossible,hart 1's tile has no P-extension (PynqZ2Configs.scala:220 WithPExtOnTiles(0) names hart 0 only); this kernel's body is custom-0 throughout and holds no hart-1-executable alternative -- it would take an illegal instruction
1163,moonshine$dispatch_1163_softmax_s8,,,1000000000,us,1000000000000,0,,excluded_impossible,softmax_s8,M=8;K=6,,,excluded_impossible,hart 1's tile has no P-extension (PynqZ2Configs.scala:220 WithPExtOnTiles(0) names hart 0 only); this kernel's body is custom-0 throughout and holds no hart-1-executable alternative -- it would take an illegal instruction
1164,moonshine$dispatch_1164_matmul_b_s8,,,1000000000,us,1000000000000,0,,excluded_impossible,matmul_b_s8,B=8;M=1;K=6;N=36;transpose_b=0,,,excluded_impossible,hart 1's tile has no P-extension (PynqZ2Configs.scala:220 WithPExtOnTiles(0) names hart 0 only); this kernel's body is custom-0 throughout and holds no hart-1-executable alternative -- it would take an illegal instruction
1165,moonshine$dispatch_1165_linear_s8,,,0.579181350,ms,579181.350,0,,board_measured_b1_scaled_by_measured_region_factor_0.5883,linear_s8,M=1;K=288;N=288,23167,roccmoon_engine[curated],measured,
1166,moonshine$dispatch_1166_add_s8,,,1000000000,us,1000000000000,0,,excluded_impossible,add_s8,n=288,,,excluded_impossible,hart 1's tile has no P-extension (PynqZ2Configs.scala:220 WithPExtOnTiles(0) names hart 0 only); this kernel's body is custom-0 throughout and holds no hart-1-executable alternative -- it would take an illegal instruction
1167,moonshine$dispatch_1167_layernorm_s8,,,1000000000,us,1000000000000,0,,excluded_impossible,layernorm_s8,M=1;K=288,,,excluded_impossible,hart 1's tile has no P-extension (PynqZ2Configs.scala:220 WithPExtOnTiles(0) names hart 0 only); this kernel's body is custom-0 throughout and holds no hart-1-executable alternative -- it would take an illegal instruction
1168,moonshine$dispatch_1168_linear_s8,,,0.556075867,ms,556075.867,0,,board_measured_b1_scaled_by_measured_region_factor_0.5883,linear_s8,M=1;K=288;N=288,22243,roccmoon_engine[curated],measured,
1169,moonshine$dispatch_1169_matmul_b_s8,,,1000000000,us,1000000000000,0,,excluded_impossible,matmul_b_s8,B=8;M=1;K=36;N=165;transpose_b=1,,,excluded_impossible,hart 1's tile has no P-extension (PynqZ2Configs.scala:220 WithPExtOnTiles(0) names hart 0 only); this kernel's body is custom-0 throughout and holds no hart-1-executable alternative -- it would take an illegal instruction
1170,moonshine$dispatch_1170_softmax_s8,,,1000000000,us,1000000000000,0,,excluded_impossible,softmax_s8,M=8;K=165,,,excluded_impossible,hart 1's tile has no P-extension (PynqZ2Configs.scala:220 WithPExtOnTiles(0) names hart 0 only); this kernel's body is custom-0 throughout and holds no hart-1-executable alternative -- it would take an illegal instruction
1171,moonshine$dispatch_1171_matmul_b_s8,,,1000000000,us,1000000000000,0,,excluded_impossible,matmul_b_s8,B=8;M=1;K=165;N=36;transpose_b=1,,,excluded_impossible,hart 1's tile has no P-extension (PynqZ2Configs.scala:220 WithPExtOnTiles(0) names hart 0 only); this kernel's body is custom-0 throughout and holds no hart-1-executable alternative -- it would take an illegal instruction
1172,moonshine$dispatch_1172_linear_s8,,,0.587961728,ms,587961.728,0,,board_measured_b1_scaled_by_measured_region_factor_0.5883,linear_s8,M=1;K=288;N=288,23518,roccmoon_engine[curated],measured,
1173,moonshine$dispatch_1173_add_s8,,,1000000000,us,1000000000000,0,,excluded_impossible,add_s8,n=288,,,excluded_impossible,hart 1's tile has no P-extension (PynqZ2Configs.scala:220 WithPExtOnTiles(0) names hart 0 only); this kernel's body is custom-0 throughout and holds no hart-1-executable alternative -- it would take an illegal instruction
1174,moonshine$dispatch_1174_layernorm_s8,,,1000000000,us,1000000000000,0,,excluded_impossible,layernorm_s8,M=1;K=288,,,excluded_impossible,hart 1's tile has no P-extension (PynqZ2Configs.scala:220 WithPExtOnTiles(0) names hart 0 only); this kernel's body is custom-0 throughout and holds no hart-1-executable alternative -- it would take an illegal instruction
1175,moonshine$dispatch_1175_linear_s8,,,1.269316080,ms,1269316.080,0,,board_measured_b1_scaled_by_measured_region_factor_0.5883,linear_s8,M=1;K=288;N=1152,50773,roccmoon_engine[curated],measured,
1176,moonshine$dispatch_1176_silu_s8,,,1000000000,us,1000000000000,0,,excluded_impossible,silu_s8,n=1152,,,excluded_impossible,hart 1's tile has no P-extension (PynqZ2Configs.scala:220 WithPExtOnTiles(0) names hart 0 only); this kernel's body is custom-0 throughout and holds no hart-1-executable alternative -- it would take an illegal instruction
1177,moonshine$dispatch_1177_linear_s8,,,1.287832822,ms,1287832.823,0,,board_measured_b1_scaled_by_measured_region_factor_0.5883,linear_s8,M=1;K=288;N=1152,51513,roccmoon_engine[curated],measured,
1178,moonshine$dispatch_1178_mul_s8,,,1000000000,us,1000000000000,0,,excluded_impossible,mul_s8,n=1152,,,excluded_impossible,hart 1's tile has no P-extension (PynqZ2Configs.scala:220 WithPExtOnTiles(0) names hart 0 only); this kernel's body is custom-0 throughout and holds no hart-1-executable alternative -- it would take an illegal instruction
1179,moonshine$dispatch_1179_linear_s8,,,1.298554590,ms,1298554.590,0,,board_measured_b1_scaled_by_measured_region_factor_0.5883,linear_s8,M=1;K=1152;N=288,51942,roccmoon_engine[curated],measured,
1180,moonshine$dispatch_1180_add_s8,,,1000000000,us,1000000000000,0,,excluded_impossible,add_s8,n=288,,,excluded_impossible,hart 1's tile has no P-extension (PynqZ2Configs.scala:220 WithPExtOnTiles(0) names hart 0 only); this kernel's body is custom-0 throughout and holds no hart-1-executable alternative -- it would take an illegal instruction
1181,moonshine$dispatch_1181_layernorm_s8,,,1000000000,us,1000000000000,0,,excluded_impossible,layernorm_s8,M=1;K=288,,,excluded_impossible,hart 1's tile has no P-extension (PynqZ2Configs.scala:220 WithPExtOnTiles(0) names hart 0 only); this kernel's body is custom-0 throughout and holds no hart-1-executable alternative -- it would take an illegal instruction
1182,moonshine$dispatch_1182_linear_s8,,,14.262318683,ms,14262318.683,0,,board_measured_b1_scaled_by_measured_region_factor_0.5883,linear_s8,M=1;K=288;N=16384,570493,roccmoon_engine[curated],measured,
1183,moonshine$dispatch_1183_linear_s8,,,14.181118575,ms,14181118.575,0,,board_measured_b1_scaled_by_measured_region_factor_0.5883,linear_s8,M=1;K=288;N=16384,567245,roccmoon_engine[curated],measured,
1184,moonshine$dispatch_1184_cat2_c1_s8,,,1000000000,us,1000000000000,0,,excluded_impossible,cat2_c1_s8,N=1;H=1;W=1;C_inputs=16384|16384;C_total=32768,,,excluded_impossible,hart 1's tile has no P-extension (PynqZ2Configs.scala:220 WithPExtOnTiles(0) names hart 0 only); this kernel's body is custom-0 throughout and holds no hart-1-executable alternative -- it would take an illegal instruction
1185,moonshine$dispatch_1185_layernorm_s8,,,1000000000,us,1000000000000,0,,excluded_impossible,layernorm_s8,M=1;K=288,,,excluded_impossible,hart 1's tile has no P-extension (PynqZ2Configs.scala:220 WithPExtOnTiles(0) names hart 0 only); this kernel's body is custom-0 throughout and holds no hart-1-executable alternative -- it would take an illegal instruction
1186,moonshine$dispatch_1186_linear_s8,,,0.569547938,ms,569547.938,0,,board_measured_b1_scaled_by_measured_region_factor_0.5883,linear_s8,M=1;K=288;N=288,22782,roccmoon_engine[curated],measured,
1187,moonshine$dispatch_1187_rope_s8,,,1000000000,us,1000000000000,0,,excluded_impossible,rope_s8,T=1;H=8;D=36;R=32,,,excluded_impossible,hart 1's tile has no P-extension (PynqZ2Configs.scala:220 WithPExtOnTiles(0) names hart 0 only); this kernel's body is custom-0 throughout and holds no hart-1-executable alternative -- it would take an illegal instruction
1188,moonshine$dispatch_1188_linear_s8,,,0.533352780,ms,533352.780,0,,board_measured_b1_scaled_by_measured_region_factor_0.5883,linear_s8,M=1;K=288;N=288,21334,roccmoon_engine[curated],measured,
1189,moonshine$dispatch_1189_rope_s8,,,1000000000,us,1000000000000,0,,excluded_impossible,rope_s8,T=1;H=8;D=36;R=32,,,excluded_impossible,hart 1's tile has no P-extension (PynqZ2Configs.scala:220 WithPExtOnTiles(0) names hart 0 only); this kernel's body is custom-0 throughout and holds no hart-1-executable alternative -- it would take an illegal instruction
1190,moonshine$dispatch_1190_linear_s8,,,0.522366278,ms,522366.278,0,,board_measured_b1_scaled_by_measured_region_factor_0.5883,linear_s8,M=1;K=288;N=288,20895,roccmoon_engine[curated],measured,
1191,moonshine$dispatch_1191_cat2_c1_s8,,,1000000000,us,1000000000000,0,,excluded_impossible,cat2_c1_s8,N=1;H=288;W=1;C_inputs=6|1;C_total=7,,,excluded_impossible,hart 1's tile has no P-extension (PynqZ2Configs.scala:220 WithPExtOnTiles(0) names hart 0 only); this kernel's body is custom-0 throughout and holds no hart-1-executable alternative -- it would take an illegal instruction
1192,moonshine$dispatch_1192_cat2_c1_s8,,,1000000000,us,1000000000000,0,,excluded_impossible,cat2_c1_s8,N=1;H=288;W=1;C_inputs=6|1;C_total=7,,,excluded_impossible,hart 1's tile has no P-extension (PynqZ2Configs.scala:220 WithPExtOnTiles(0) names hart 0 only); this kernel's body is custom-0 throughout and holds no hart-1-executable alternative -- it would take an illegal instruction
1193,moonshine$dispatch_1193_permute4_s8,,,1000000000,us,1000000000000,0,,excluded_impossible,permute4_s8,d0=1;d1=7;d2=8;d3=36;p0=0;p1=2;p2=1;p3=3,,,excluded_impossible,hart 1's tile has no P-extension (PynqZ2Configs.scala:220 WithPExtOnTiles(0) names hart 0 only); this kernel's body is custom-0 throughout and holds no hart-1-executable alternative -- it would take an illegal instruction
1194,moonshine$dispatch_1194_permute4_s8,,,1000000000,us,1000000000000,0,,excluded_impossible,permute4_s8,d0=1;d1=7;d2=8;d3=36;p0=0;p1=2;p2=1;p3=3,,,excluded_impossible,hart 1's tile has no P-extension (PynqZ2Configs.scala:220 WithPExtOnTiles(0) names hart 0 only); this kernel's body is custom-0 throughout and holds no hart-1-executable alternative -- it would take an illegal instruction
1195,moonshine$dispatch_1195_matmul_b_s8,,,1000000000,us,1000000000000,0,,excluded_impossible,matmul_b_s8,B=8;M=1;K=36;N=7;transpose_b=1,,,excluded_impossible,hart 1's tile has no P-extension (PynqZ2Configs.scala:220 WithPExtOnTiles(0) names hart 0 only); this kernel's body is custom-0 throughout and holds no hart-1-executable alternative -- it would take an illegal instruction
1196,moonshine$dispatch_1196_softmax_s8,,,1000000000,us,1000000000000,0,,excluded_impossible,softmax_s8,M=8;K=7,,,excluded_impossible,hart 1's tile has no P-extension (PynqZ2Configs.scala:220 WithPExtOnTiles(0) names hart 0 only); this kernel's body is custom-0 throughout and holds no hart-1-executable alternative -- it would take an illegal instruction
1197,moonshine$dispatch_1197_matmul_b_s8,,,1000000000,us,1000000000000,0,,excluded_impossible,matmul_b_s8,B=8;M=1;K=7;N=36;transpose_b=0,,,excluded_impossible,hart 1's tile has no P-extension (PynqZ2Configs.scala:220 WithPExtOnTiles(0) names hart 0 only); this kernel's body is custom-0 throughout and holds no hart-1-executable alternative -- it would take an illegal instruction
1198,moonshine$dispatch_1198_linear_s8,,,0.553281442,ms,553281.443,0,,board_measured_b1_scaled_by_measured_region_factor_0.5883,linear_s8,M=1;K=288;N=288,22131,roccmoon_engine[curated],measured,
1199,moonshine$dispatch_1199_add_s8,,,1000000000,us,1000000000000,0,,excluded_impossible,add_s8,n=288,,,excluded_impossible,hart 1's tile has no P-extension (PynqZ2Configs.scala:220 WithPExtOnTiles(0) names hart 0 only); this kernel's body is custom-0 throughout and holds no hart-1-executable alternative -- it would take an illegal instruction
1200,moonshine$dispatch_1200_layernorm_s8,,,1000000000,us,1000000000000,0,,excluded_impossible,layernorm_s8,M=1;K=288,,,excluded_impossible,hart 1's tile has no P-extension (PynqZ2Configs.scala:220 WithPExtOnTiles(0) names hart 0 only); this kernel's body is custom-0 throughout and holds no hart-1-executable alternative -- it would take an illegal instruction
1201,moonshine$dispatch_1201_linear_s8,,,0.535000020,ms,535000.020,0,,board_measured_b1_scaled_by_measured_region_factor_0.5883,linear_s8,M=1;K=288;N=288,21400,roccmoon_engine[curated],measured,
1202,moonshine$dispatch_1202_matmul_b_s8,,,1000000000,us,1000000000000,0,,excluded_impossible,matmul_b_s8,B=8;M=1;K=36;N=165;transpose_b=1,,,excluded_impossible,hart 1's tile has no P-extension (PynqZ2Configs.scala:220 WithPExtOnTiles(0) names hart 0 only); this kernel's body is custom-0 throughout and holds no hart-1-executable alternative -- it would take an illegal instruction
1203,moonshine$dispatch_1203_softmax_s8,,,1000000000,us,1000000000000,0,,excluded_impossible,softmax_s8,M=8;K=165,,,excluded_impossible,hart 1's tile has no P-extension (PynqZ2Configs.scala:220 WithPExtOnTiles(0) names hart 0 only); this kernel's body is custom-0 throughout and holds no hart-1-executable alternative -- it would take an illegal instruction
1204,moonshine$dispatch_1204_matmul_b_s8,,,1000000000,us,1000000000000,0,,excluded_impossible,matmul_b_s8,B=8;M=1;K=165;N=36;transpose_b=1,,,excluded_impossible,hart 1's tile has no P-extension (PynqZ2Configs.scala:220 WithPExtOnTiles(0) names hart 0 only); this kernel's body is custom-0 throughout and holds no hart-1-executable alternative -- it would take an illegal instruction
1205,moonshine$dispatch_1205_linear_s8,,,0.556914195,ms,556914.195,0,,board_measured_b1_scaled_by_measured_region_factor_0.5883,linear_s8,M=1;K=288;N=288,22277,roccmoon_engine[curated],measured,
1206,moonshine$dispatch_1206_add_s8,,,1000000000,us,1000000000000,0,,excluded_impossible,add_s8,n=288,,,excluded_impossible,hart 1's tile has no P-extension (PynqZ2Configs.scala:220 WithPExtOnTiles(0) names hart 0 only); this kernel's body is custom-0 throughout and holds no hart-1-executable alternative -- it would take an illegal instruction
1207,moonshine$dispatch_1207_layernorm_s8,,,1000000000,us,1000000000000,0,,excluded_impossible,layernorm_s8,M=1;K=288,,,excluded_impossible,hart 1's tile has no P-extension (PynqZ2Configs.scala:220 WithPExtOnTiles(0) names hart 0 only); this kernel's body is custom-0 throughout and holds no hart-1-executable alternative -- it would take an illegal instruction
1208,moonshine$dispatch_1208_linear_s8,,,1.239430440,ms,1239430.440,0,,board_measured_b1_scaled_by_measured_region_factor_0.5883,linear_s8,M=1;K=288;N=1152,49577,roccmoon_engine[curated],measured,
1209,moonshine$dispatch_1209_silu_s8,,,1000000000,us,1000000000000,0,,excluded_impossible,silu_s8,n=1152,,,excluded_impossible,hart 1's tile has no P-extension (PynqZ2Configs.scala:220 WithPExtOnTiles(0) names hart 0 only); this kernel's body is custom-0 throughout and holds no hart-1-executable alternative -- it would take an illegal instruction
1210,moonshine$dispatch_1210_linear_s8,,,1.236033008,ms,1236033.008,0,,board_measured_b1_scaled_by_measured_region_factor_0.5883,linear_s8,M=1;K=288;N=1152,49441,roccmoon_engine[curated],measured,
1211,moonshine$dispatch_1211_mul_s8,,,1000000000,us,1000000000000,0,,excluded_impossible,mul_s8,n=1152,,,excluded_impossible,hart 1's tile has no P-extension (PynqZ2Configs.scala:220 WithPExtOnTiles(0) names hart 0 only); this kernel's body is custom-0 throughout and holds no hart-1-executable alternative -- it would take an illegal instruction
1212,moonshine$dispatch_1212_linear_s8,,,1.246666530,ms,1246666.530,0,,board_measured_b1_scaled_by_measured_region_factor_0.5883,linear_s8,M=1;K=1152;N=288,49867,roccmoon_engine[curated],measured,
1213,moonshine$dispatch_1213_add_s8,,,1000000000,us,1000000000000,0,,excluded_impossible,add_s8,n=288,,,excluded_impossible,hart 1's tile has no P-extension (PynqZ2Configs.scala:220 WithPExtOnTiles(0) names hart 0 only); this kernel's body is custom-0 throughout and holds no hart-1-executable alternative -- it would take an illegal instruction
1214,moonshine$dispatch_1214_layernorm_s8,,,1000000000,us,1000000000000,0,,excluded_impossible,layernorm_s8,M=1;K=288,,,excluded_impossible,hart 1's tile has no P-extension (PynqZ2Configs.scala:220 WithPExtOnTiles(0) names hart 0 only); this kernel's body is custom-0 throughout and holds no hart-1-executable alternative -- it would take an illegal instruction
1215,moonshine$dispatch_1215_linear_s8,,,0.534691163,ms,534691.163,0,,board_measured_b1_scaled_by_measured_region_factor_0.5883,linear_s8,M=1;K=288;N=288,21388,roccmoon_engine[curated],measured,
1216,moonshine$dispatch_1216_rope_s8,,,1000000000,us,1000000000000,0,,excluded_impossible,rope_s8,T=1;H=8;D=36;R=32,,,excluded_impossible,hart 1's tile has no P-extension (PynqZ2Configs.scala:220 WithPExtOnTiles(0) names hart 0 only); this kernel's body is custom-0 throughout and holds no hart-1-executable alternative -- it would take an illegal instruction
1217,moonshine$dispatch_1217_linear_s8,,,0.528778747,ms,528778.747,0,,board_measured_b1_scaled_by_measured_region_factor_0.5883,linear_s8,M=1;K=288;N=288,21151,roccmoon_engine[curated],measured,
1218,moonshine$dispatch_1218_rope_s8,,,1000000000,us,1000000000000,0,,excluded_impossible,rope_s8,T=1;H=8;D=36;R=32,,,excluded_impossible,hart 1's tile has no P-extension (PynqZ2Configs.scala:220 WithPExtOnTiles(0) names hart 0 only); this kernel's body is custom-0 throughout and holds no hart-1-executable alternative -- it would take an illegal instruction
1219,moonshine$dispatch_1219_linear_s8,,,0.539809373,ms,539809.373,0,,board_measured_b1_scaled_by_measured_region_factor_0.5883,linear_s8,M=1;K=288;N=288,21592,roccmoon_engine[curated],measured,
1220,moonshine$dispatch_1220_cat2_c1_s8,,,1000000000,us,1000000000000,0,,excluded_impossible,cat2_c1_s8,N=1;H=288;W=1;C_inputs=6|1;C_total=7,,,excluded_impossible,hart 1's tile has no P-extension (PynqZ2Configs.scala:220 WithPExtOnTiles(0) names hart 0 only); this kernel's body is custom-0 throughout and holds no hart-1-executable alternative -- it would take an illegal instruction
1221,moonshine$dispatch_1221_cat2_c1_s8,,,1000000000,us,1000000000000,0,,excluded_impossible,cat2_c1_s8,N=1;H=288;W=1;C_inputs=6|1;C_total=7,,,excluded_impossible,hart 1's tile has no P-extension (PynqZ2Configs.scala:220 WithPExtOnTiles(0) names hart 0 only); this kernel's body is custom-0 throughout and holds no hart-1-executable alternative -- it would take an illegal instruction
1222,moonshine$dispatch_1222_permute4_s8,,,1000000000,us,1000000000000,0,,excluded_impossible,permute4_s8,d0=1;d1=7;d2=8;d3=36;p0=0;p1=2;p2=1;p3=3,,,excluded_impossible,hart 1's tile has no P-extension (PynqZ2Configs.scala:220 WithPExtOnTiles(0) names hart 0 only); this kernel's body is custom-0 throughout and holds no hart-1-executable alternative -- it would take an illegal instruction
1223,moonshine$dispatch_1223_permute4_s8,,,1000000000,us,1000000000000,0,,excluded_impossible,permute4_s8,d0=1;d1=7;d2=8;d3=36;p0=0;p1=2;p2=1;p3=3,,,excluded_impossible,hart 1's tile has no P-extension (PynqZ2Configs.scala:220 WithPExtOnTiles(0) names hart 0 only); this kernel's body is custom-0 throughout and holds no hart-1-executable alternative -- it would take an illegal instruction
1224,moonshine$dispatch_1224_matmul_b_s8,,,1000000000,us,1000000000000,0,,excluded_impossible,matmul_b_s8,B=8;M=1;K=36;N=7;transpose_b=1,,,excluded_impossible,hart 1's tile has no P-extension (PynqZ2Configs.scala:220 WithPExtOnTiles(0) names hart 0 only); this kernel's body is custom-0 throughout and holds no hart-1-executable alternative -- it would take an illegal instruction
1225,moonshine$dispatch_1225_softmax_s8,,,1000000000,us,1000000000000,0,,excluded_impossible,softmax_s8,M=8;K=7,,,excluded_impossible,hart 1's tile has no P-extension (PynqZ2Configs.scala:220 WithPExtOnTiles(0) names hart 0 only); this kernel's body is custom-0 throughout and holds no hart-1-executable alternative -- it would take an illegal instruction
1226,moonshine$dispatch_1226_matmul_b_s8,,,1000000000,us,1000000000000,0,,excluded_impossible,matmul_b_s8,B=8;M=1;K=7;N=36;transpose_b=0,,,excluded_impossible,hart 1's tile has no P-extension (PynqZ2Configs.scala:220 WithPExtOnTiles(0) names hart 0 only); this kernel's body is custom-0 throughout and holds no hart-1-executable alternative -- it would take an illegal instruction
1227,moonshine$dispatch_1227_linear_s8,,,0.551384175,ms,551384.175,0,,board_measured_b1_scaled_by_measured_region_factor_0.5883,linear_s8,M=1;K=288;N=288,22055,roccmoon_engine[curated],measured,
1228,moonshine$dispatch_1228_add_s8,,,1000000000,us,1000000000000,0,,excluded_impossible,add_s8,n=288,,,excluded_impossible,hart 1's tile has no P-extension (PynqZ2Configs.scala:220 WithPExtOnTiles(0) names hart 0 only); this kernel's body is custom-0 throughout and holds no hart-1-executable alternative -- it would take an illegal instruction
1229,moonshine$dispatch_1229_layernorm_s8,,,1000000000,us,1000000000000,0,,excluded_impossible,layernorm_s8,M=1;K=288,,,excluded_impossible,hart 1's tile has no P-extension (PynqZ2Configs.scala:220 WithPExtOnTiles(0) names hart 0 only); this kernel's body is custom-0 throughout and holds no hart-1-executable alternative -- it would take an illegal instruction
1230,moonshine$dispatch_1230_linear_s8,,,0.538338622,ms,538338.622,0,,board_measured_b1_scaled_by_measured_region_factor_0.5883,linear_s8,M=1;K=288;N=288,21534,roccmoon_engine[curated],measured,
1231,moonshine$dispatch_1231_matmul_b_s8,,,1000000000,us,1000000000000,0,,excluded_impossible,matmul_b_s8,B=8;M=1;K=36;N=165;transpose_b=1,,,excluded_impossible,hart 1's tile has no P-extension (PynqZ2Configs.scala:220 WithPExtOnTiles(0) names hart 0 only); this kernel's body is custom-0 throughout and holds no hart-1-executable alternative -- it would take an illegal instruction
1232,moonshine$dispatch_1232_softmax_s8,,,1000000000,us,1000000000000,0,,excluded_impossible,softmax_s8,M=8;K=165,,,excluded_impossible,hart 1's tile has no P-extension (PynqZ2Configs.scala:220 WithPExtOnTiles(0) names hart 0 only); this kernel's body is custom-0 throughout and holds no hart-1-executable alternative -- it would take an illegal instruction
1233,moonshine$dispatch_1233_matmul_b_s8,,,1000000000,us,1000000000000,0,,excluded_impossible,matmul_b_s8,B=8;M=1;K=165;N=36;transpose_b=1,,,excluded_impossible,hart 1's tile has no P-extension (PynqZ2Configs.scala:220 WithPExtOnTiles(0) names hart 0 only); this kernel's body is custom-0 throughout and holds no hart-1-executable alternative -- it would take an illegal instruction
1234,moonshine$dispatch_1234_linear_s8,,,0.569533230,ms,569533.230,0,,board_measured_b1_scaled_by_measured_region_factor_0.5883,linear_s8,M=1;K=288;N=288,22781,roccmoon_engine[curated],measured,
1235,moonshine$dispatch_1235_add_s8,,,1000000000,us,1000000000000,0,,excluded_impossible,add_s8,n=288,,,excluded_impossible,hart 1's tile has no P-extension (PynqZ2Configs.scala:220 WithPExtOnTiles(0) names hart 0 only); this kernel's body is custom-0 throughout and holds no hart-1-executable alternative -- it would take an illegal instruction
1236,moonshine$dispatch_1236_layernorm_s8,,,1000000000,us,1000000000000,0,,excluded_impossible,layernorm_s8,M=1;K=288,,,excluded_impossible,hart 1's tile has no P-extension (PynqZ2Configs.scala:220 WithPExtOnTiles(0) names hart 0 only); this kernel's body is custom-0 throughout and holds no hart-1-executable alternative -- it would take an illegal instruction
1237,moonshine$dispatch_1237_linear_s8,,,1.245637005,ms,1245637.005,0,,board_measured_b1_scaled_by_measured_region_factor_0.5883,linear_s8,M=1;K=288;N=1152,49825,roccmoon_engine[curated],measured,
1238,moonshine$dispatch_1238_silu_s8,,,1000000000,us,1000000000000,0,,excluded_impossible,silu_s8,n=1152,,,excluded_impossible,hart 1's tile has no P-extension (PynqZ2Configs.scala:220 WithPExtOnTiles(0) names hart 0 only); this kernel's body is custom-0 throughout and holds no hart-1-executable alternative -- it would take an illegal instruction
1239,moonshine$dispatch_1239_linear_s8,,,1.253549640,ms,1253549.640,0,,board_measured_b1_scaled_by_measured_region_factor_0.5883,linear_s8,M=1;K=288;N=1152,50142,roccmoon_engine[curated],measured,
1240,moonshine$dispatch_1240_mul_s8,,,1000000000,us,1000000000000,0,,excluded_impossible,mul_s8,n=1152,,,excluded_impossible,hart 1's tile has no P-extension (PynqZ2Configs.scala:220 WithPExtOnTiles(0) names hart 0 only); this kernel's body is custom-0 throughout and holds no hart-1-executable alternative -- it would take an illegal instruction
1241,moonshine$dispatch_1241_linear_s8,,,1.250431650,ms,1250431.650,0,,board_measured_b1_scaled_by_measured_region_factor_0.5883,linear_s8,M=1;K=1152;N=288,50017,roccmoon_engine[curated],measured,
1242,moonshine$dispatch_1242_add_s8,,,1000000000,us,1000000000000,0,,excluded_impossible,add_s8,n=288,,,excluded_impossible,hart 1's tile has no P-extension (PynqZ2Configs.scala:220 WithPExtOnTiles(0) names hart 0 only); this kernel's body is custom-0 throughout and holds no hart-1-executable alternative -- it would take an illegal instruction
1243,moonshine$dispatch_1243_layernorm_s8,,,1000000000,us,1000000000000,0,,excluded_impossible,layernorm_s8,M=1;K=288,,,excluded_impossible,hart 1's tile has no P-extension (PynqZ2Configs.scala:220 WithPExtOnTiles(0) names hart 0 only); this kernel's body is custom-0 throughout and holds no hart-1-executable alternative -- it would take an illegal instruction
1244,moonshine$dispatch_1244_linear_s8,,,0.544324575,ms,544324.575,0,,board_measured_b1_scaled_by_measured_region_factor_0.5883,linear_s8,M=1;K=288;N=288,21773,roccmoon_engine[curated],measured,
1245,moonshine$dispatch_1245_rope_s8,,,1000000000,us,1000000000000,0,,excluded_impossible,rope_s8,T=1;H=8;D=36;R=32,,,excluded_impossible,hart 1's tile has no P-extension (PynqZ2Configs.scala:220 WithPExtOnTiles(0) names hart 0 only); this kernel's body is custom-0 throughout and holds no hart-1-executable alternative -- it would take an illegal instruction
1246,moonshine$dispatch_1246_linear_s8,,,0.535544198,ms,535544.198,0,,board_measured_b1_scaled_by_measured_region_factor_0.5883,linear_s8,M=1;K=288;N=288,21422,roccmoon_engine[curated],measured,
1247,moonshine$dispatch_1247_rope_s8,,,1000000000,us,1000000000000,0,,excluded_impossible,rope_s8,T=1;H=8;D=36;R=32,,,excluded_impossible,hart 1's tile has no P-extension (PynqZ2Configs.scala:220 WithPExtOnTiles(0) names hart 0 only); this kernel's body is custom-0 throughout and holds no hart-1-executable alternative -- it would take an illegal instruction
1248,moonshine$dispatch_1248_linear_s8,,,0.533190997,ms,533190.997,0,,board_measured_b1_scaled_by_measured_region_factor_0.5883,linear_s8,M=1;K=288;N=288,21328,roccmoon_engine[curated],measured,
1249,moonshine$dispatch_1249_cat2_c1_s8,,,1000000000,us,1000000000000,0,,excluded_impossible,cat2_c1_s8,N=1;H=288;W=1;C_inputs=6|1;C_total=7,,,excluded_impossible,hart 1's tile has no P-extension (PynqZ2Configs.scala:220 WithPExtOnTiles(0) names hart 0 only); this kernel's body is custom-0 throughout and holds no hart-1-executable alternative -- it would take an illegal instruction
1250,moonshine$dispatch_1250_cat2_c1_s8,,,1000000000,us,1000000000000,0,,excluded_impossible,cat2_c1_s8,N=1;H=288;W=1;C_inputs=6|1;C_total=7,,,excluded_impossible,hart 1's tile has no P-extension (PynqZ2Configs.scala:220 WithPExtOnTiles(0) names hart 0 only); this kernel's body is custom-0 throughout and holds no hart-1-executable alternative -- it would take an illegal instruction
1251,moonshine$dispatch_1251_permute4_s8,,,1000000000,us,1000000000000,0,,excluded_impossible,permute4_s8,d0=1;d1=7;d2=8;d3=36;p0=0;p1=2;p2=1;p3=3,,,excluded_impossible,hart 1's tile has no P-extension (PynqZ2Configs.scala:220 WithPExtOnTiles(0) names hart 0 only); this kernel's body is custom-0 throughout and holds no hart-1-executable alternative -- it would take an illegal instruction
1252,moonshine$dispatch_1252_permute4_s8,,,1000000000,us,1000000000000,0,,excluded_impossible,permute4_s8,d0=1;d1=7;d2=8;d3=36;p0=0;p1=2;p2=1;p3=3,,,excluded_impossible,hart 1's tile has no P-extension (PynqZ2Configs.scala:220 WithPExtOnTiles(0) names hart 0 only); this kernel's body is custom-0 throughout and holds no hart-1-executable alternative -- it would take an illegal instruction
1253,moonshine$dispatch_1253_matmul_b_s8,,,1000000000,us,1000000000000,0,,excluded_impossible,matmul_b_s8,B=8;M=1;K=36;N=7;transpose_b=1,,,excluded_impossible,hart 1's tile has no P-extension (PynqZ2Configs.scala:220 WithPExtOnTiles(0) names hart 0 only); this kernel's body is custom-0 throughout and holds no hart-1-executable alternative -- it would take an illegal instruction
1254,moonshine$dispatch_1254_softmax_s8,,,1000000000,us,1000000000000,0,,excluded_impossible,softmax_s8,M=8;K=7,,,excluded_impossible,hart 1's tile has no P-extension (PynqZ2Configs.scala:220 WithPExtOnTiles(0) names hart 0 only); this kernel's body is custom-0 throughout and holds no hart-1-executable alternative -- it would take an illegal instruction
1255,moonshine$dispatch_1255_matmul_b_s8,,,1000000000,us,1000000000000,0,,excluded_impossible,matmul_b_s8,B=8;M=1;K=7;N=36;transpose_b=0,,,excluded_impossible,hart 1's tile has no P-extension (PynqZ2Configs.scala:220 WithPExtOnTiles(0) names hart 0 only); this kernel's body is custom-0 throughout and holds no hart-1-executable alternative -- it would take an illegal instruction
1256,moonshine$dispatch_1256_linear_s8,,,0.563517863,ms,563517.863,0,,board_measured_b1_scaled_by_measured_region_factor_0.5883,linear_s8,M=1;K=288;N=288,22541,roccmoon_engine[curated],measured,
1257,moonshine$dispatch_1257_add_s8,,,1000000000,us,1000000000000,0,,excluded_impossible,add_s8,n=288,,,excluded_impossible,hart 1's tile has no P-extension (PynqZ2Configs.scala:220 WithPExtOnTiles(0) names hart 0 only); this kernel's body is custom-0 throughout and holds no hart-1-executable alternative -- it would take an illegal instruction
1258,moonshine$dispatch_1258_layernorm_s8,,,1000000000,us,1000000000000,0,,excluded_impossible,layernorm_s8,M=1;K=288,,,excluded_impossible,hart 1's tile has no P-extension (PynqZ2Configs.scala:220 WithPExtOnTiles(0) names hart 0 only); this kernel's body is custom-0 throughout and holds no hart-1-executable alternative -- it would take an illegal instruction
1259,moonshine$dispatch_1259_linear_s8,,,0.540706530,ms,540706.530,0,,board_measured_b1_scaled_by_measured_region_factor_0.5883,linear_s8,M=1;K=288;N=288,21628,roccmoon_engine[curated],measured,
1260,moonshine$dispatch_1260_matmul_b_s8,,,1000000000,us,1000000000000,0,,excluded_impossible,matmul_b_s8,B=8;M=1;K=36;N=165;transpose_b=1,,,excluded_impossible,hart 1's tile has no P-extension (PynqZ2Configs.scala:220 WithPExtOnTiles(0) names hart 0 only); this kernel's body is custom-0 throughout and holds no hart-1-executable alternative -- it would take an illegal instruction
1261,moonshine$dispatch_1261_softmax_s8,,,1000000000,us,1000000000000,0,,excluded_impossible,softmax_s8,M=8;K=165,,,excluded_impossible,hart 1's tile has no P-extension (PynqZ2Configs.scala:220 WithPExtOnTiles(0) names hart 0 only); this kernel's body is custom-0 throughout and holds no hart-1-executable alternative -- it would take an illegal instruction
1262,moonshine$dispatch_1262_matmul_b_s8,,,1000000000,us,1000000000000,0,,excluded_impossible,matmul_b_s8,B=8;M=1;K=165;N=36;transpose_b=1,,,excluded_impossible,hart 1's tile has no P-extension (PynqZ2Configs.scala:220 WithPExtOnTiles(0) names hart 0 only); this kernel's body is custom-0 throughout and holds no hart-1-executable alternative -- it would take an illegal instruction
1263,moonshine$dispatch_1263_linear_s8,,,0.575857455,ms,575857.455,0,,board_measured_b1_scaled_by_measured_region_factor_0.5883,linear_s8,M=1;K=288;N=288,23034,roccmoon_engine[curated],measured,
1264,moonshine$dispatch_1264_add_s8,,,1000000000,us,1000000000000,0,,excluded_impossible,add_s8,n=288,,,excluded_impossible,hart 1's tile has no P-extension (PynqZ2Configs.scala:220 WithPExtOnTiles(0) names hart 0 only); this kernel's body is custom-0 throughout and holds no hart-1-executable alternative -- it would take an illegal instruction
1265,moonshine$dispatch_1265_layernorm_s8,,,1000000000,us,1000000000000,0,,excluded_impossible,layernorm_s8,M=1;K=288,,,excluded_impossible,hart 1's tile has no P-extension (PynqZ2Configs.scala:220 WithPExtOnTiles(0) names hart 0 only); this kernel's body is custom-0 throughout and holds no hart-1-executable alternative -- it would take an illegal instruction
1266,moonshine$dispatch_1266_linear_s8,,,1.255888132,ms,1255888.133,0,,board_measured_b1_scaled_by_measured_region_factor_0.5883,linear_s8,M=1;K=288;N=1152,50236,roccmoon_engine[curated],measured,
1267,moonshine$dispatch_1267_silu_s8,,,1000000000,us,1000000000000,0,,excluded_impossible,silu_s8,n=1152,,,excluded_impossible,hart 1's tile has no P-extension (PynqZ2Configs.scala:220 WithPExtOnTiles(0) names hart 0 only); this kernel's body is custom-0 throughout and holds no hart-1-executable alternative -- it would take an illegal instruction
1268,moonshine$dispatch_1268_linear_s8,,,1.274478412,ms,1274478.412,0,,board_measured_b1_scaled_by_measured_region_factor_0.5883,linear_s8,M=1;K=288;N=1152,50979,roccmoon_engine[curated],measured,
1269,moonshine$dispatch_1269_mul_s8,,,1000000000,us,1000000000000,0,,excluded_impossible,mul_s8,n=1152,,,excluded_impossible,hart 1's tile has no P-extension (PynqZ2Configs.scala:220 WithPExtOnTiles(0) names hart 0 only); this kernel's body is custom-0 throughout and holds no hart-1-executable alternative -- it would take an illegal instruction
1270,moonshine$dispatch_1270_linear_s8,,,1.280920298,ms,1280920.298,0,,board_measured_b1_scaled_by_measured_region_factor_0.5883,linear_s8,M=1;K=1152;N=288,51237,roccmoon_engine[curated],measured,
1271,moonshine$dispatch_1271_add_s8,,,1000000000,us,1000000000000,0,,excluded_impossible,add_s8,n=288,,,excluded_impossible,hart 1's tile has no P-extension (PynqZ2Configs.scala:220 WithPExtOnTiles(0) names hart 0 only); this kernel's body is custom-0 throughout and holds no hart-1-executable alternative -- it would take an illegal instruction
1272,moonshine$dispatch_1272_layernorm_s8,,,1000000000,us,1000000000000,0,,excluded_impossible,layernorm_s8,M=1;K=288,,,excluded_impossible,hart 1's tile has no P-extension (PynqZ2Configs.scala:220 WithPExtOnTiles(0) names hart 0 only); this kernel's body is custom-0 throughout and holds no hart-1-executable alternative -- it would take an illegal instruction
1273,moonshine$dispatch_1273_linear_s8,,,0.545515883,ms,545515.883,0,,board_measured_b1_scaled_by_measured_region_factor_0.5883,linear_s8,M=1;K=288;N=288,21821,roccmoon_engine[curated],measured,
1274,moonshine$dispatch_1274_rope_s8,,,1000000000,us,1000000000000,0,,excluded_impossible,rope_s8,T=1;H=8;D=36;R=32,,,excluded_impossible,hart 1's tile has no P-extension (PynqZ2Configs.scala:220 WithPExtOnTiles(0) names hart 0 only); this kernel's body is custom-0 throughout and holds no hart-1-executable alternative -- it would take an illegal instruction
1275,moonshine$dispatch_1275_linear_s8,,,0.541603688,ms,541603.688,0,,board_measured_b1_scaled_by_measured_region_factor_0.5883,linear_s8,M=1;K=288;N=288,21664,roccmoon_engine[curated],measured,
1276,moonshine$dispatch_1276_rope_s8,,,1000000000,us,1000000000000,0,,excluded_impossible,rope_s8,T=1;H=8;D=36;R=32,,,excluded_impossible,hart 1's tile has no P-extension (PynqZ2Configs.scala:220 WithPExtOnTiles(0) names hart 0 only); this kernel's body is custom-0 throughout and holds no hart-1-executable alternative -- it would take an illegal instruction
1277,moonshine$dispatch_1277_linear_s8,,,0.540706530,ms,540706.530,0,,board_measured_b1_scaled_by_measured_region_factor_0.5883,linear_s8,M=1;K=288;N=288,21628,roccmoon_engine[curated],measured,
1278,moonshine$dispatch_1278_cat2_c1_s8,,,1000000000,us,1000000000000,0,,excluded_impossible,cat2_c1_s8,N=1;H=288;W=1;C_inputs=6|1;C_total=7,,,excluded_impossible,hart 1's tile has no P-extension (PynqZ2Configs.scala:220 WithPExtOnTiles(0) names hart 0 only); this kernel's body is custom-0 throughout and holds no hart-1-executable alternative -- it would take an illegal instruction
1279,moonshine$dispatch_1279_cat2_c1_s8,,,1000000000,us,1000000000000,0,,excluded_impossible,cat2_c1_s8,N=1;H=288;W=1;C_inputs=6|1;C_total=7,,,excluded_impossible,hart 1's tile has no P-extension (PynqZ2Configs.scala:220 WithPExtOnTiles(0) names hart 0 only); this kernel's body is custom-0 throughout and holds no hart-1-executable alternative -- it would take an illegal instruction
1280,moonshine$dispatch_1280_permute4_s8,,,1000000000,us,1000000000000,0,,excluded_impossible,permute4_s8,d0=1;d1=7;d2=8;d3=36;p0=0;p1=2;p2=1;p3=3,,,excluded_impossible,hart 1's tile has no P-extension (PynqZ2Configs.scala:220 WithPExtOnTiles(0) names hart 0 only); this kernel's body is custom-0 throughout and holds no hart-1-executable alternative -- it would take an illegal instruction
1281,moonshine$dispatch_1281_permute4_s8,,,1000000000,us,1000000000000,0,,excluded_impossible,permute4_s8,d0=1;d1=7;d2=8;d3=36;p0=0;p1=2;p2=1;p3=3,,,excluded_impossible,hart 1's tile has no P-extension (PynqZ2Configs.scala:220 WithPExtOnTiles(0) names hart 0 only); this kernel's body is custom-0 throughout and holds no hart-1-executable alternative -- it would take an illegal instruction
1282,moonshine$dispatch_1282_matmul_b_s8,,,1000000000,us,1000000000000,0,,excluded_impossible,matmul_b_s8,B=8;M=1;K=36;N=7;transpose_b=1,,,excluded_impossible,hart 1's tile has no P-extension (PynqZ2Configs.scala:220 WithPExtOnTiles(0) names hart 0 only); this kernel's body is custom-0 throughout and holds no hart-1-executable alternative -- it would take an illegal instruction
1283,moonshine$dispatch_1283_softmax_s8,,,1000000000,us,1000000000000,0,,excluded_impossible,softmax_s8,M=8;K=7,,,excluded_impossible,hart 1's tile has no P-extension (PynqZ2Configs.scala:220 WithPExtOnTiles(0) names hart 0 only); this kernel's body is custom-0 throughout and holds no hart-1-executable alternative -- it would take an illegal instruction
1284,moonshine$dispatch_1284_matmul_b_s8,,,1000000000,us,1000000000000,0,,excluded_impossible,matmul_b_s8,B=8;M=1;K=7;N=36;transpose_b=0,,,excluded_impossible,hart 1's tile has no P-extension (PynqZ2Configs.scala:220 WithPExtOnTiles(0) names hart 0 only); this kernel's body is custom-0 throughout and holds no hart-1-executable alternative -- it would take an illegal instruction
1285,moonshine$dispatch_1285_linear_s8,,,0.573357180,ms,573357.180,0,,board_measured_b1_scaled_by_measured_region_factor_0.5883,linear_s8,M=1;K=288;N=288,22934,roccmoon_engine[curated],measured,
1286,moonshine$dispatch_1286_add_s8,,,1000000000,us,1000000000000,0,,excluded_impossible,add_s8,n=288,,,excluded_impossible,hart 1's tile has no P-extension (PynqZ2Configs.scala:220 WithPExtOnTiles(0) names hart 0 only); this kernel's body is custom-0 throughout and holds no hart-1-executable alternative -- it would take an illegal instruction
1287,moonshine$dispatch_1287_layernorm_s8,,,1000000000,us,1000000000000,0,,excluded_impossible,layernorm_s8,M=1;K=288,,,excluded_impossible,hart 1's tile has no P-extension (PynqZ2Configs.scala:220 WithPExtOnTiles(0) names hart 0 only); this kernel's body is custom-0 throughout and holds no hart-1-executable alternative -- it would take an illegal instruction
1288,moonshine$dispatch_1288_linear_s8,,,0.543118560,ms,543118.560,0,,board_measured_b1_scaled_by_measured_region_factor_0.5883,linear_s8,M=1;K=288;N=288,21725,roccmoon_engine[curated],measured,
1289,moonshine$dispatch_1289_matmul_b_s8,,,1000000000,us,1000000000000,0,,excluded_impossible,matmul_b_s8,B=8;M=1;K=36;N=165;transpose_b=1,,,excluded_impossible,hart 1's tile has no P-extension (PynqZ2Configs.scala:220 WithPExtOnTiles(0) names hart 0 only); this kernel's body is custom-0 throughout and holds no hart-1-executable alternative -- it would take an illegal instruction
1290,moonshine$dispatch_1290_softmax_s8,,,1000000000,us,1000000000000,0,,excluded_impossible,softmax_s8,M=8;K=165,,,excluded_impossible,hart 1's tile has no P-extension (PynqZ2Configs.scala:220 WithPExtOnTiles(0) names hart 0 only); this kernel's body is custom-0 throughout and holds no hart-1-executable alternative -- it would take an illegal instruction
1291,moonshine$dispatch_1291_matmul_b_s8,,,1000000000,us,1000000000000,0,,excluded_impossible,matmul_b_s8,B=8;M=1;K=165;N=36;transpose_b=1,,,excluded_impossible,hart 1's tile has no P-extension (PynqZ2Configs.scala:220 WithPExtOnTiles(0) names hart 0 only); this kernel's body is custom-0 throughout and holds no hart-1-executable alternative -- it would take an illegal instruction
1292,moonshine$dispatch_1292_linear_s8,,,0.584534880,ms,584534.880,0,,board_measured_b1_scaled_by_measured_region_factor_0.5883,linear_s8,M=1;K=288;N=288,23381,roccmoon_engine[curated],measured,
1293,moonshine$dispatch_1293_add_s8,,,1000000000,us,1000000000000,0,,excluded_impossible,add_s8,n=288,,,excluded_impossible,hart 1's tile has no P-extension (PynqZ2Configs.scala:220 WithPExtOnTiles(0) names hart 0 only); this kernel's body is custom-0 throughout and holds no hart-1-executable alternative -- it would take an illegal instruction
1294,moonshine$dispatch_1294_layernorm_s8,,,1000000000,us,1000000000000,0,,excluded_impossible,layernorm_s8,M=1;K=288,,,excluded_impossible,hart 1's tile has no P-extension (PynqZ2Configs.scala:220 WithPExtOnTiles(0) names hart 0 only); this kernel's body is custom-0 throughout and holds no hart-1-executable alternative -- it would take an illegal instruction
1295,moonshine$dispatch_1295_linear_s8,,,1.258020720,ms,1258020.720,0,,board_measured_b1_scaled_by_measured_region_factor_0.5883,linear_s8,M=1;K=288;N=1152,50321,roccmoon_engine[curated],measured,
1296,moonshine$dispatch_1296_silu_s8,,,1000000000,us,1000000000000,0,,excluded_impossible,silu_s8,n=1152,,,excluded_impossible,hart 1's tile has no P-extension (PynqZ2Configs.scala:220 WithPExtOnTiles(0) names hart 0 only); this kernel's body is custom-0 throughout and holds no hart-1-executable alternative -- it would take an illegal instruction
1297,moonshine$dispatch_1297_linear_s8,,,1.263550740,ms,1263550.740,0,,board_measured_b1_scaled_by_measured_region_factor_0.5883,linear_s8,M=1;K=288;N=1152,50542,roccmoon_engine[curated],measured,
1298,moonshine$dispatch_1298_mul_s8,,,1000000000,us,1000000000000,0,,excluded_impossible,mul_s8,n=1152,,,excluded_impossible,hart 1's tile has no P-extension (PynqZ2Configs.scala:220 WithPExtOnTiles(0) names hart 0 only); this kernel's body is custom-0 throughout and holds no hart-1-executable alternative -- it would take an illegal instruction
1299,moonshine$dispatch_1299_linear_s8,,,1.269727890,ms,1269727.890,0,,board_measured_b1_scaled_by_measured_region_factor_0.5883,linear_s8,M=1;K=1152;N=288,50789,roccmoon_engine[curated],measured,
1300,moonshine$dispatch_1300_add_s8,,,1000000000,us,1000000000000,0,,excluded_impossible,add_s8,n=288,,,excluded_impossible,hart 1's tile has no P-extension (PynqZ2Configs.scala:220 WithPExtOnTiles(0) names hart 0 only); this kernel's body is custom-0 throughout and holds no hart-1-executable alternative -- it would take an illegal instruction
1301,moonshine$dispatch_1301_layernorm_s8,,,1000000000,us,1000000000000,0,,excluded_impossible,layernorm_s8,M=1;K=288,,,excluded_impossible,hart 1's tile has no P-extension (PynqZ2Configs.scala:220 WithPExtOnTiles(0) names hart 0 only); this kernel's body is custom-0 throughout and holds no hart-1-executable alternative -- it would take an illegal instruction
1302,moonshine$dispatch_1302_linear_s8,,,0.552796095,ms,552796.095,0,,board_measured_b1_scaled_by_measured_region_factor_0.5883,linear_s8,M=1;K=288;N=288,22112,roccmoon_engine[curated],measured,
1303,moonshine$dispatch_1303_rope_s8,,,1000000000,us,1000000000000,0,,excluded_impossible,rope_s8,T=1;H=8;D=36;R=32,,,excluded_impossible,hart 1's tile has no P-extension (PynqZ2Configs.scala:220 WithPExtOnTiles(0) names hart 0 only); this kernel's body is custom-0 throughout and holds no hart-1-executable alternative -- it would take an illegal instruction
1304,moonshine$dispatch_1304_linear_s8,,,0.547516103,ms,547516.103,0,,board_measured_b1_scaled_by_measured_region_factor_0.5883,linear_s8,M=1;K=288;N=288,21901,roccmoon_engine[curated],measured,
1305,moonshine$dispatch_1305_rope_s8,,,1000000000,us,1000000000000,0,,excluded_impossible,rope_s8,T=1;H=8;D=36;R=32,,,excluded_impossible,hart 1's tile has no P-extension (PynqZ2Configs.scala:220 WithPExtOnTiles(0) names hart 0 only); this kernel's body is custom-0 throughout and holds no hart-1-executable alternative -- it would take an illegal instruction
1306,moonshine$dispatch_1306_linear_s8,,,0.554384505,ms,554384.505,0,,board_measured_b1_scaled_by_measured_region_factor_0.5883,linear_s8,M=1;K=288;N=288,22175,roccmoon_engine[curated],measured,
1307,moonshine$dispatch_1307_cat2_c1_s8,,,1000000000,us,1000000000000,0,,excluded_impossible,cat2_c1_s8,N=1;H=288;W=1;C_inputs=6|1;C_total=7,,,excluded_impossible,hart 1's tile has no P-extension (PynqZ2Configs.scala:220 WithPExtOnTiles(0) names hart 0 only); this kernel's body is custom-0 throughout and holds no hart-1-executable alternative -- it would take an illegal instruction
1308,moonshine$dispatch_1308_cat2_c1_s8,,,1000000000,us,1000000000000,0,,excluded_impossible,cat2_c1_s8,N=1;H=288;W=1;C_inputs=6|1;C_total=7,,,excluded_impossible,hart 1's tile has no P-extension (PynqZ2Configs.scala:220 WithPExtOnTiles(0) names hart 0 only); this kernel's body is custom-0 throughout and holds no hart-1-executable alternative -- it would take an illegal instruction
1309,moonshine$dispatch_1309_permute4_s8,,,1000000000,us,1000000000000,0,,excluded_impossible,permute4_s8,d0=1;d1=7;d2=8;d3=36;p0=0;p1=2;p2=1;p3=3,,,excluded_impossible,hart 1's tile has no P-extension (PynqZ2Configs.scala:220 WithPExtOnTiles(0) names hart 0 only); this kernel's body is custom-0 throughout and holds no hart-1-executable alternative -- it would take an illegal instruction
1310,moonshine$dispatch_1310_permute4_s8,,,1000000000,us,1000000000000,0,,excluded_impossible,permute4_s8,d0=1;d1=7;d2=8;d3=36;p0=0;p1=2;p2=1;p3=3,,,excluded_impossible,hart 1's tile has no P-extension (PynqZ2Configs.scala:220 WithPExtOnTiles(0) names hart 0 only); this kernel's body is custom-0 throughout and holds no hart-1-executable alternative -- it would take an illegal instruction
1311,moonshine$dispatch_1311_matmul_b_s8,,,1000000000,us,1000000000000,0,,excluded_impossible,matmul_b_s8,B=8;M=1;K=36;N=7;transpose_b=1,,,excluded_impossible,hart 1's tile has no P-extension (PynqZ2Configs.scala:220 WithPExtOnTiles(0) names hart 0 only); this kernel's body is custom-0 throughout and holds no hart-1-executable alternative -- it would take an illegal instruction
1312,moonshine$dispatch_1312_softmax_s8,,,1000000000,us,1000000000000,0,,excluded_impossible,softmax_s8,M=8;K=7,,,excluded_impossible,hart 1's tile has no P-extension (PynqZ2Configs.scala:220 WithPExtOnTiles(0) names hart 0 only); this kernel's body is custom-0 throughout and holds no hart-1-executable alternative -- it would take an illegal instruction
1313,moonshine$dispatch_1313_matmul_b_s8,,,1000000000,us,1000000000000,0,,excluded_impossible,matmul_b_s8,B=8;M=1;K=7;N=36;transpose_b=0,,,excluded_impossible,hart 1's tile has no P-extension (PynqZ2Configs.scala:220 WithPExtOnTiles(0) names hart 0 only); this kernel's body is custom-0 throughout and holds no hart-1-executable alternative -- it would take an illegal instruction
1314,moonshine$dispatch_1314_linear_s8,,,0.582931763,ms,582931.763,0,,board_measured_b1_scaled_by_measured_region_factor_0.5883,linear_s8,M=1;K=288;N=288,23317,roccmoon_engine[curated],measured,
1315,moonshine$dispatch_1315_add_s8,,,1000000000,us,1000000000000,0,,excluded_impossible,add_s8,n=288,,,excluded_impossible,hart 1's tile has no P-extension (PynqZ2Configs.scala:220 WithPExtOnTiles(0) names hart 0 only); this kernel's body is custom-0 throughout and holds no hart-1-executable alternative -- it would take an illegal instruction
1316,moonshine$dispatch_1316_layernorm_s8,,,1000000000,us,1000000000000,0,,excluded_impossible,layernorm_s8,M=1;K=288,,,excluded_impossible,hart 1's tile has no P-extension (PynqZ2Configs.scala:220 WithPExtOnTiles(0) names hart 0 only); this kernel's body is custom-0 throughout and holds no hart-1-executable alternative -- it would take an illegal instruction
1317,moonshine$dispatch_1317_linear_s8,,,0.549266295,ms,549266.295,0,,board_measured_b1_scaled_by_measured_region_factor_0.5883,linear_s8,M=1;K=288;N=288,21971,roccmoon_engine[curated],measured,
1318,moonshine$dispatch_1318_matmul_b_s8,,,1000000000,us,1000000000000,0,,excluded_impossible,matmul_b_s8,B=8;M=1;K=36;N=165;transpose_b=1,,,excluded_impossible,hart 1's tile has no P-extension (PynqZ2Configs.scala:220 WithPExtOnTiles(0) names hart 0 only); this kernel's body is custom-0 throughout and holds no hart-1-executable alternative -- it would take an illegal instruction
1319,moonshine$dispatch_1319_softmax_s8,,,1000000000,us,1000000000000,0,,excluded_impossible,softmax_s8,M=8;K=165,,,excluded_impossible,hart 1's tile has no P-extension (PynqZ2Configs.scala:220 WithPExtOnTiles(0) names hart 0 only); this kernel's body is custom-0 throughout and holds no hart-1-executable alternative -- it would take an illegal instruction
1320,moonshine$dispatch_1320_matmul_b_s8,,,1000000000,us,1000000000000,0,,excluded_impossible,matmul_b_s8,B=8;M=1;K=165;N=36;transpose_b=1,,,excluded_impossible,hart 1's tile has no P-extension (PynqZ2Configs.scala:220 WithPExtOnTiles(0) names hart 0 only); this kernel's body is custom-0 throughout and holds no hart-1-executable alternative -- it would take an illegal instruction
1321,moonshine$dispatch_1321_linear_s8,,,0.584637833,ms,584637.833,0,,board_measured_b1_scaled_by_measured_region_factor_0.5883,linear_s8,M=1;K=288;N=288,23386,roccmoon_engine[curated],measured,
1322,moonshine$dispatch_1322_add_s8,,,1000000000,us,1000000000000,0,,excluded_impossible,add_s8,n=288,,,excluded_impossible,hart 1's tile has no P-extension (PynqZ2Configs.scala:220 WithPExtOnTiles(0) names hart 0 only); this kernel's body is custom-0 throughout and holds no hart-1-executable alternative -- it would take an illegal instruction
1323,moonshine$dispatch_1323_layernorm_s8,,,1000000000,us,1000000000000,0,,excluded_impossible,layernorm_s8,M=1;K=288,,,excluded_impossible,hart 1's tile has no P-extension (PynqZ2Configs.scala:220 WithPExtOnTiles(0) names hart 0 only); this kernel's body is custom-0 throughout and holds no hart-1-executable alternative -- it would take an illegal instruction
1324,moonshine$dispatch_1324_linear_s8,,,1.257167685,ms,1257167.685,0,,board_measured_b1_scaled_by_measured_region_factor_0.5883,linear_s8,M=1;K=288;N=1152,50287,roccmoon_engine[curated],measured,
1325,moonshine$dispatch_1325_silu_s8,,,1000000000,us,1000000000000,0,,excluded_impossible,silu_s8,n=1152,,,excluded_impossible,hart 1's tile has no P-extension (PynqZ2Configs.scala:220 WithPExtOnTiles(0) names hart 0 only); this kernel's body is custom-0 throughout and holds no hart-1-executable alternative -- it would take an illegal instruction
1326,moonshine$dispatch_1326_linear_s8,,,1.257344175,ms,1257344.175,0,,board_measured_b1_scaled_by_measured_region_factor_0.5883,linear_s8,M=1;K=288;N=1152,50294,roccmoon_engine[curated],measured,
1327,moonshine$dispatch_1327_mul_s8,,,1000000000,us,1000000000000,0,,excluded_impossible,mul_s8,n=1152,,,excluded_impossible,hart 1's tile has no P-extension (PynqZ2Configs.scala:220 WithPExtOnTiles(0) names hart 0 only); this kernel's body is custom-0 throughout and holds no hart-1-executable alternative -- it would take an illegal instruction
1328,moonshine$dispatch_1328_linear_s8,,,1.261741718,ms,1261741.718,0,,board_measured_b1_scaled_by_measured_region_factor_0.5883,linear_s8,M=1;K=1152;N=288,50470,roccmoon_engine[curated],measured,
1329,moonshine$dispatch_1329_add_s8,,,1000000000,us,1000000000000,0,,excluded_impossible,add_s8,n=288,,,excluded_impossible,hart 1's tile has no P-extension (PynqZ2Configs.scala:220 WithPExtOnTiles(0) names hart 0 only); this kernel's body is custom-0 throughout and holds no hart-1-executable alternative -- it would take an illegal instruction
1330,moonshine$dispatch_1330_layernorm_s8,,,1000000000,us,1000000000000,0,,excluded_impossible,layernorm_s8,M=1;K=288,,,excluded_impossible,hart 1's tile has no P-extension (PynqZ2Configs.scala:220 WithPExtOnTiles(0) names hart 0 only); this kernel's body is custom-0 throughout and holds no hart-1-executable alternative -- it would take an illegal instruction
1331,moonshine$dispatch_1331_linear_s8,,,0.550589970,ms,550589.970,0,,board_measured_b1_scaled_by_measured_region_factor_0.5883,linear_s8,M=1;K=288;N=288,22024,roccmoon_engine[curated],measured,
1332,moonshine$dispatch_1332_rope_s8,,,1000000000,us,1000000000000,0,,excluded_impossible,rope_s8,T=1;H=8;D=36;R=32,,,excluded_impossible,hart 1's tile has no P-extension (PynqZ2Configs.scala:220 WithPExtOnTiles(0) names hart 0 only); this kernel's body is custom-0 throughout and holds no hart-1-executable alternative -- it would take an illegal instruction
1333,moonshine$dispatch_1333_linear_s8,,,0.547310198,ms,547310.198,0,,board_measured_b1_scaled_by_measured_region_factor_0.5883,linear_s8,M=1;K=288;N=288,21892,roccmoon_engine[curated],measured,
1334,moonshine$dispatch_1334_rope_s8,,,1000000000,us,1000000000000,0,,excluded_impossible,rope_s8,T=1;H=8;D=36;R=32,,,excluded_impossible,hart 1's tile has no P-extension (PynqZ2Configs.scala:220 WithPExtOnTiles(0) names hart 0 only); this kernel's body is custom-0 throughout and holds no hart-1-executable alternative -- it would take an illegal instruction
1335,moonshine$dispatch_1335_linear_s8,,,0.547913205,ms,547913.205,0,,board_measured_b1_scaled_by_measured_region_factor_0.5883,linear_s8,M=1;K=288;N=288,21917,roccmoon_engine[curated],measured,
1336,moonshine$dispatch_1336_cat2_c1_s8,,,1000000000,us,1000000000000,0,,excluded_impossible,cat2_c1_s8,N=1;H=288;W=1;C_inputs=6|1;C_total=7,,,excluded_impossible,hart 1's tile has no P-extension (PynqZ2Configs.scala:220 WithPExtOnTiles(0) names hart 0 only); this kernel's body is custom-0 throughout and holds no hart-1-executable alternative -- it would take an illegal instruction
1337,moonshine$dispatch_1337_cat2_c1_s8,,,1000000000,us,1000000000000,0,,excluded_impossible,cat2_c1_s8,N=1;H=288;W=1;C_inputs=6|1;C_total=7,,,excluded_impossible,hart 1's tile has no P-extension (PynqZ2Configs.scala:220 WithPExtOnTiles(0) names hart 0 only); this kernel's body is custom-0 throughout and holds no hart-1-executable alternative -- it would take an illegal instruction
1338,moonshine$dispatch_1338_permute4_s8,,,1000000000,us,1000000000000,0,,excluded_impossible,permute4_s8,d0=1;d1=7;d2=8;d3=36;p0=0;p1=2;p2=1;p3=3,,,excluded_impossible,hart 1's tile has no P-extension (PynqZ2Configs.scala:220 WithPExtOnTiles(0) names hart 0 only); this kernel's body is custom-0 throughout and holds no hart-1-executable alternative -- it would take an illegal instruction
1339,moonshine$dispatch_1339_permute4_s8,,,1000000000,us,1000000000000,0,,excluded_impossible,permute4_s8,d0=1;d1=7;d2=8;d3=36;p0=0;p1=2;p2=1;p3=3,,,excluded_impossible,hart 1's tile has no P-extension (PynqZ2Configs.scala:220 WithPExtOnTiles(0) names hart 0 only); this kernel's body is custom-0 throughout and holds no hart-1-executable alternative -- it would take an illegal instruction
1340,moonshine$dispatch_1340_matmul_b_s8,,,1000000000,us,1000000000000,0,,excluded_impossible,matmul_b_s8,B=8;M=1;K=36;N=7;transpose_b=1,,,excluded_impossible,hart 1's tile has no P-extension (PynqZ2Configs.scala:220 WithPExtOnTiles(0) names hart 0 only); this kernel's body is custom-0 throughout and holds no hart-1-executable alternative -- it would take an illegal instruction
1341,moonshine$dispatch_1341_softmax_s8,,,1000000000,us,1000000000000,0,,excluded_impossible,softmax_s8,M=8;K=7,,,excluded_impossible,hart 1's tile has no P-extension (PynqZ2Configs.scala:220 WithPExtOnTiles(0) names hart 0 only); this kernel's body is custom-0 throughout and holds no hart-1-executable alternative -- it would take an illegal instruction
1342,moonshine$dispatch_1342_matmul_b_s8,,,1000000000,us,1000000000000,0,,excluded_impossible,matmul_b_s8,B=8;M=1;K=7;N=36;transpose_b=0,,,excluded_impossible,hart 1's tile has no P-extension (PynqZ2Configs.scala:220 WithPExtOnTiles(0) names hart 0 only); this kernel's body is custom-0 throughout and holds no hart-1-executable alternative -- it would take an illegal instruction
1343,moonshine$dispatch_1343_linear_s8,,,0.581946360,ms,581946.360,0,,board_measured_b1_scaled_by_measured_region_factor_0.5883,linear_s8,M=1;K=288;N=288,23278,roccmoon_engine[curated],measured,
1344,moonshine$dispatch_1344_add_s8,,,1000000000,us,1000000000000,0,,excluded_impossible,add_s8,n=288,,,excluded_impossible,hart 1's tile has no P-extension (PynqZ2Configs.scala:220 WithPExtOnTiles(0) names hart 0 only); this kernel's body is custom-0 throughout and holds no hart-1-executable alternative -- it would take an illegal instruction
1345,moonshine$dispatch_1345_layernorm_s8,,,1000000000,us,1000000000000,0,,excluded_impossible,layernorm_s8,M=1;K=288,,,excluded_impossible,hart 1's tile has no P-extension (PynqZ2Configs.scala:220 WithPExtOnTiles(0) names hart 0 only); this kernel's body is custom-0 throughout and holds no hart-1-executable alternative -- it would take an illegal instruction
1346,moonshine$dispatch_1346_linear_s8,,,0.557031855,ms,557031.855,0,,board_measured_b1_scaled_by_measured_region_factor_0.5883,linear_s8,M=1;K=288;N=288,22281,roccmoon_engine[curated],measured,
1347,moonshine$dispatch_1347_matmul_b_s8,,,1000000000,us,1000000000000,0,,excluded_impossible,matmul_b_s8,B=8;M=1;K=36;N=165;transpose_b=1,,,excluded_impossible,hart 1's tile has no P-extension (PynqZ2Configs.scala:220 WithPExtOnTiles(0) names hart 0 only); this kernel's body is custom-0 throughout and holds no hart-1-executable alternative -- it would take an illegal instruction
1348,moonshine$dispatch_1348_softmax_s8,,,1000000000,us,1000000000000,0,,excluded_impossible,softmax_s8,M=8;K=165,,,excluded_impossible,hart 1's tile has no P-extension (PynqZ2Configs.scala:220 WithPExtOnTiles(0) names hart 0 only); this kernel's body is custom-0 throughout and holds no hart-1-executable alternative -- it would take an illegal instruction
1349,moonshine$dispatch_1349_matmul_b_s8,,,1000000000,us,1000000000000,0,,excluded_impossible,matmul_b_s8,B=8;M=1;K=165;N=36;transpose_b=1,,,excluded_impossible,hart 1's tile has no P-extension (PynqZ2Configs.scala:220 WithPExtOnTiles(0) names hart 0 only); this kernel's body is custom-0 throughout and holds no hart-1-executable alternative -- it would take an illegal instruction
1350,moonshine$dispatch_1350_linear_s8,,,0.588020558,ms,588020.558,0,,board_measured_b1_scaled_by_measured_region_factor_0.5883,linear_s8,M=1;K=288;N=288,23521,roccmoon_engine[curated],measured,
1351,moonshine$dispatch_1351_add_s8,,,1000000000,us,1000000000000,0,,excluded_impossible,add_s8,n=288,,,excluded_impossible,hart 1's tile has no P-extension (PynqZ2Configs.scala:220 WithPExtOnTiles(0) names hart 0 only); this kernel's body is custom-0 throughout and holds no hart-1-executable alternative -- it would take an illegal instruction
1352,moonshine$dispatch_1352_layernorm_s8,,,1000000000,us,1000000000000,0,,excluded_impossible,layernorm_s8,M=1;K=288,,,excluded_impossible,hart 1's tile has no P-extension (PynqZ2Configs.scala:220 WithPExtOnTiles(0) names hart 0 only); this kernel's body is custom-0 throughout and holds no hart-1-executable alternative -- it would take an illegal instruction
1353,moonshine$dispatch_1353_linear_s8,,,1.263153638,ms,1263153.638,0,,board_measured_b1_scaled_by_measured_region_factor_0.5883,linear_s8,M=1;K=288;N=1152,50526,roccmoon_engine[curated],measured,
1354,moonshine$dispatch_1354_silu_s8,,,1000000000,us,1000000000000,0,,excluded_impossible,silu_s8,n=1152,,,excluded_impossible,hart 1's tile has no P-extension (PynqZ2Configs.scala:220 WithPExtOnTiles(0) names hart 0 only); this kernel's body is custom-0 throughout and holds no hart-1-executable alternative -- it would take an illegal instruction
1355,moonshine$dispatch_1355_linear_s8,,,1.281023250,ms,1281023.250,0,,board_measured_b1_scaled_by_measured_region_factor_0.5883,linear_s8,M=1;K=288;N=1152,51241,roccmoon_engine[curated],measured,
1356,moonshine$dispatch_1356_mul_s8,,,1000000000,us,1000000000000,0,,excluded_impossible,mul_s8,n=1152,,,excluded_impossible,hart 1's tile has no P-extension (PynqZ2Configs.scala:220 WithPExtOnTiles(0) names hart 0 only); this kernel's body is custom-0 throughout and holds no hart-1-executable alternative -- it would take an illegal instruction
1357,moonshine$dispatch_1357_linear_s8,,,1.276669830,ms,1276669.830,0,,board_measured_b1_scaled_by_measured_region_factor_0.5883,linear_s8,M=1;K=1152;N=288,51067,roccmoon_engine[curated],measured,
1358,moonshine$dispatch_1358_add_s8,,,1000000000,us,1000000000000,0,,excluded_impossible,add_s8,n=288,,,excluded_impossible,hart 1's tile has no P-extension (PynqZ2Configs.scala:220 WithPExtOnTiles(0) names hart 0 only); this kernel's body is custom-0 throughout and holds no hart-1-executable alternative -- it would take an illegal instruction
1359,moonshine$dispatch_1359_layernorm_s8,,,1000000000,us,1000000000000,0,,excluded_impossible,layernorm_s8,M=1;K=288,,,excluded_impossible,hart 1's tile has no P-extension (PynqZ2Configs.scala:220 WithPExtOnTiles(0) names hart 0 only); this kernel's body is custom-0 throughout and holds no hart-1-executable alternative -- it would take an illegal instruction
1360,moonshine$dispatch_1360_linear_s8,,,14.154189142,ms,14154189.143,0,,board_measured_b1_scaled_by_measured_region_factor_0.5883,linear_s8,M=1;K=288;N=16384,566168,roccmoon_engine[curated],measured,
1361,moonshine$dispatch_1361_linear_s8,,,14.214710505,ms,14214710.505,0,,board_measured_b1_scaled_by_measured_region_factor_0.5883,linear_s8,M=1;K=288;N=16384,568588,roccmoon_engine[curated],measured,
1362,moonshine$dispatch_1362_cat2_c1_s8,,,1000000000,us,1000000000000,0,,excluded_impossible,cat2_c1_s8,N=1;H=1;W=1;C_inputs=16384|16384;C_total=32768,,,excluded_impossible,hart 1's tile has no P-extension (PynqZ2Configs.scala:220 WithPExtOnTiles(0) names hart 0 only); this kernel's body is custom-0 throughout and holds no hart-1-executable alternative -- it would take an illegal instruction
1363,moonshine$dispatch_1363_layernorm_s8,,,1000000000,us,1000000000000,0,,excluded_impossible,layernorm_s8,M=1;K=288,,,excluded_impossible,hart 1's tile has no P-extension (PynqZ2Configs.scala:220 WithPExtOnTiles(0) names hart 0 only); this kernel's body is custom-0 throughout and holds no hart-1-executable alternative -- it would take an illegal instruction
1364,moonshine$dispatch_1364_linear_s8,,,0.567253567,ms,567253.568,0,,board_measured_b1_scaled_by_measured_region_factor_0.5883,linear_s8,M=1;K=288;N=288,22690,roccmoon_engine[curated],measured,
1365,moonshine$dispatch_1365_rope_s8,,,1000000000,us,1000000000000,0,,excluded_impossible,rope_s8,T=1;H=8;D=36;R=32,,,excluded_impossible,hart 1's tile has no P-extension (PynqZ2Configs.scala:220 WithPExtOnTiles(0) names hart 0 only); this kernel's body is custom-0 throughout and holds no hart-1-executable alternative -- it would take an illegal instruction
1366,moonshine$dispatch_1366_linear_s8,,,0.534676455,ms,534676.455,0,,board_measured_b1_scaled_by_measured_region_factor_0.5883,linear_s8,M=1;K=288;N=288,21387,roccmoon_engine[curated],measured,
1367,moonshine$dispatch_1367_rope_s8,,,1000000000,us,1000000000000,0,,excluded_impossible,rope_s8,T=1;H=8;D=36;R=32,,,excluded_impossible,hart 1's tile has no P-extension (PynqZ2Configs.scala:220 WithPExtOnTiles(0) names hart 0 only); this kernel's body is custom-0 throughout and holds no hart-1-executable alternative -- it would take an illegal instruction
1368,moonshine$dispatch_1368_linear_s8,,,0.521954467,ms,521954.467,0,,board_measured_b1_scaled_by_measured_region_factor_0.5883,linear_s8,M=1;K=288;N=288,20878,roccmoon_engine[curated],measured,
1369,moonshine$dispatch_1369_cat2_c1_s8,,,1000000000,us,1000000000000,0,,excluded_impossible,cat2_c1_s8,N=1;H=288;W=1;C_inputs=7|1;C_total=8,,,excluded_impossible,hart 1's tile has no P-extension (PynqZ2Configs.scala:220 WithPExtOnTiles(0) names hart 0 only); this kernel's body is custom-0 throughout and holds no hart-1-executable alternative -- it would take an illegal instruction
1370,moonshine$dispatch_1370_cat2_c1_s8,,,1000000000,us,1000000000000,0,,excluded_impossible,cat2_c1_s8,N=1;H=288;W=1;C_inputs=7|1;C_total=8,,,excluded_impossible,hart 1's tile has no P-extension (PynqZ2Configs.scala:220 WithPExtOnTiles(0) names hart 0 only); this kernel's body is custom-0 throughout and holds no hart-1-executable alternative -- it would take an illegal instruction
1371,moonshine$dispatch_1371_permute4_s8,,,1000000000,us,1000000000000,0,,excluded_impossible,permute4_s8,d0=1;d1=8;d2=8;d3=36;p0=0;p1=2;p2=1;p3=3,,,excluded_impossible,hart 1's tile has no P-extension (PynqZ2Configs.scala:220 WithPExtOnTiles(0) names hart 0 only); this kernel's body is custom-0 throughout and holds no hart-1-executable alternative -- it would take an illegal instruction
1372,moonshine$dispatch_1372_permute4_s8,,,1000000000,us,1000000000000,0,,excluded_impossible,permute4_s8,d0=1;d1=8;d2=8;d3=36;p0=0;p1=2;p2=1;p3=3,,,excluded_impossible,hart 1's tile has no P-extension (PynqZ2Configs.scala:220 WithPExtOnTiles(0) names hart 0 only); this kernel's body is custom-0 throughout and holds no hart-1-executable alternative -- it would take an illegal instruction
1373,moonshine$dispatch_1373_matmul_b_s8,,,1000000000,us,1000000000000,0,,excluded_impossible,matmul_b_s8,B=8;M=1;K=36;N=8;transpose_b=1,,,excluded_impossible,hart 1's tile has no P-extension (PynqZ2Configs.scala:220 WithPExtOnTiles(0) names hart 0 only); this kernel's body is custom-0 throughout and holds no hart-1-executable alternative -- it would take an illegal instruction
1374,moonshine$dispatch_1374_softmax_s8,,,1000000000,us,1000000000000,0,,excluded_impossible,softmax_s8,M=8;K=8,,,excluded_impossible,hart 1's tile has no P-extension (PynqZ2Configs.scala:220 WithPExtOnTiles(0) names hart 0 only); this kernel's body is custom-0 throughout and holds no hart-1-executable alternative -- it would take an illegal instruction
1375,moonshine$dispatch_1375_matmul_b_s8,,,1000000000,us,1000000000000,0,,excluded_impossible,matmul_b_s8,B=8;M=1;K=8;N=36;transpose_b=0,,,excluded_impossible,hart 1's tile has no P-extension (PynqZ2Configs.scala:220 WithPExtOnTiles(0) names hart 0 only); this kernel's body is custom-0 throughout and holds no hart-1-executable alternative -- it would take an illegal instruction
1376,moonshine$dispatch_1376_linear_s8,,,0.551795985,ms,551795.985,0,,board_measured_b1_scaled_by_measured_region_factor_0.5883,linear_s8,M=1;K=288;N=288,22072,roccmoon_engine[curated],measured,
1377,moonshine$dispatch_1377_add_s8,,,1000000000,us,1000000000000,0,,excluded_impossible,add_s8,n=288,,,excluded_impossible,hart 1's tile has no P-extension (PynqZ2Configs.scala:220 WithPExtOnTiles(0) names hart 0 only); this kernel's body is custom-0 throughout and holds no hart-1-executable alternative -- it would take an illegal instruction
1378,moonshine$dispatch_1378_layernorm_s8,,,1000000000,us,1000000000000,0,,excluded_impossible,layernorm_s8,M=1;K=288,,,excluded_impossible,hart 1's tile has no P-extension (PynqZ2Configs.scala:220 WithPExtOnTiles(0) names hart 0 only); this kernel's body is custom-0 throughout and holds no hart-1-executable alternative -- it would take an illegal instruction
1379,moonshine$dispatch_1379_linear_s8,,,0.529514123,ms,529514.123,0,,board_measured_b1_scaled_by_measured_region_factor_0.5883,linear_s8,M=1;K=288;N=288,21181,roccmoon_engine[curated],measured,
1380,moonshine$dispatch_1380_matmul_b_s8,,,1000000000,us,1000000000000,0,,excluded_impossible,matmul_b_s8,B=8;M=1;K=36;N=165;transpose_b=1,,,excluded_impossible,hart 1's tile has no P-extension (PynqZ2Configs.scala:220 WithPExtOnTiles(0) names hart 0 only); this kernel's body is custom-0 throughout and holds no hart-1-executable alternative -- it would take an illegal instruction
1381,moonshine$dispatch_1381_softmax_s8,,,1000000000,us,1000000000000,0,,excluded_impossible,softmax_s8,M=8;K=165,,,excluded_impossible,hart 1's tile has no P-extension (PynqZ2Configs.scala:220 WithPExtOnTiles(0) names hart 0 only); this kernel's body is custom-0 throughout and holds no hart-1-executable alternative -- it would take an illegal instruction
1382,moonshine$dispatch_1382_matmul_b_s8,,,1000000000,us,1000000000000,0,,excluded_impossible,matmul_b_s8,B=8;M=1;K=165;N=36;transpose_b=1,,,excluded_impossible,hart 1's tile has no P-extension (PynqZ2Configs.scala:220 WithPExtOnTiles(0) names hart 0 only); this kernel's body is custom-0 throughout and holds no hart-1-executable alternative -- it would take an illegal instruction
1383,moonshine$dispatch_1383_linear_s8,,,0.558693803,ms,558693.802,0,,board_measured_b1_scaled_by_measured_region_factor_0.5883,linear_s8,M=1;K=288;N=288,22348,roccmoon_engine[curated],measured,
1384,moonshine$dispatch_1384_add_s8,,,1000000000,us,1000000000000,0,,excluded_impossible,add_s8,n=288,,,excluded_impossible,hart 1's tile has no P-extension (PynqZ2Configs.scala:220 WithPExtOnTiles(0) names hart 0 only); this kernel's body is custom-0 throughout and holds no hart-1-executable alternative -- it would take an illegal instruction
1385,moonshine$dispatch_1385_layernorm_s8,,,1000000000,us,1000000000000,0,,excluded_impossible,layernorm_s8,M=1;K=288,,,excluded_impossible,hart 1's tile has no P-extension (PynqZ2Configs.scala:220 WithPExtOnTiles(0) names hart 0 only); this kernel's body is custom-0 throughout and holds no hart-1-executable alternative -- it would take an illegal instruction
1386,moonshine$dispatch_1386_linear_s8,,,1.239415733,ms,1239415.733,0,,board_measured_b1_scaled_by_measured_region_factor_0.5883,linear_s8,M=1;K=288;N=1152,49577,roccmoon_engine[curated],measured,
1387,moonshine$dispatch_1387_silu_s8,,,1000000000,us,1000000000000,0,,excluded_impossible,silu_s8,n=1152,,,excluded_impossible,hart 1's tile has no P-extension (PynqZ2Configs.scala:220 WithPExtOnTiles(0) names hart 0 only); this kernel's body is custom-0 throughout and holds no hart-1-executable alternative -- it would take an illegal instruction
1388,moonshine$dispatch_1388_linear_s8,,,1.240842360,ms,1240842.360,0,,board_measured_b1_scaled_by_measured_region_factor_0.5883,linear_s8,M=1;K=288;N=1152,49634,roccmoon_engine[curated],measured,
1389,moonshine$dispatch_1389_mul_s8,,,1000000000,us,1000000000000,0,,excluded_impossible,mul_s8,n=1152,,,excluded_impossible,hart 1's tile has no P-extension (PynqZ2Configs.scala:220 WithPExtOnTiles(0) names hart 0 only); this kernel's body is custom-0 throughout and holds no hart-1-executable alternative -- it would take an illegal instruction
1390,moonshine$dispatch_1390_linear_s8,,,1.248431430,ms,1248431.430,0,,board_measured_b1_scaled_by_measured_region_factor_0.5883,linear_s8,M=1;K=1152;N=288,49937,roccmoon_engine[curated],measured,
1391,moonshine$dispatch_1391_add_s8,,,1000000000,us,1000000000000,0,,excluded_impossible,add_s8,n=288,,,excluded_impossible,hart 1's tile has no P-extension (PynqZ2Configs.scala:220 WithPExtOnTiles(0) names hart 0 only); this kernel's body is custom-0 throughout and holds no hart-1-executable alternative -- it would take an illegal instruction
1392,moonshine$dispatch_1392_layernorm_s8,,,1000000000,us,1000000000000,0,,excluded_impossible,layernorm_s8,M=1;K=288,,,excluded_impossible,hart 1's tile has no P-extension (PynqZ2Configs.scala:220 WithPExtOnTiles(0) names hart 0 only); this kernel's body is custom-0 throughout and holds no hart-1-executable alternative -- it would take an illegal instruction
1393,moonshine$dispatch_1393_linear_s8,,,0.534882360,ms,534882.360,0,,board_measured_b1_scaled_by_measured_region_factor_0.5883,linear_s8,M=1;K=288;N=288,21395,roccmoon_engine[curated],measured,
1394,moonshine$dispatch_1394_rope_s8,,,1000000000,us,1000000000000,0,,excluded_impossible,rope_s8,T=1;H=8;D=36;R=32,,,excluded_impossible,hart 1's tile has no P-extension (PynqZ2Configs.scala:220 WithPExtOnTiles(0) names hart 0 only); this kernel's body is custom-0 throughout and holds no hart-1-executable alternative -- it would take an illegal instruction
1395,moonshine$dispatch_1395_linear_s8,,,0.527190337,ms,527190.338,0,,board_measured_b1_scaled_by_measured_region_factor_0.5883,linear_s8,M=1;K=288;N=288,21088,roccmoon_engine[curated],measured,
1396,moonshine$dispatch_1396_rope_s8,,,1000000000,us,1000000000000,0,,excluded_impossible,rope_s8,T=1;H=8;D=36;R=32,,,excluded_impossible,hart 1's tile has no P-extension (PynqZ2Configs.scala:220 WithPExtOnTiles(0) names hart 0 only); this kernel's body is custom-0 throughout and holds no hart-1-executable alternative -- it would take an illegal instruction
1397,moonshine$dispatch_1397_linear_s8,,,0.530955457,ms,530955.457,0,,board_measured_b1_scaled_by_measured_region_factor_0.5883,linear_s8,M=1;K=288;N=288,21238,roccmoon_engine[curated],measured,
1398,moonshine$dispatch_1398_cat2_c1_s8,,,1000000000,us,1000000000000,0,,excluded_impossible,cat2_c1_s8,N=1;H=288;W=1;C_inputs=7|1;C_total=8,,,excluded_impossible,hart 1's tile has no P-extension (PynqZ2Configs.scala:220 WithPExtOnTiles(0) names hart 0 only); this kernel's body is custom-0 throughout and holds no hart-1-executable alternative -- it would take an illegal instruction
1399,moonshine$dispatch_1399_cat2_c1_s8,,,1000000000,us,1000000000000,0,,excluded_impossible,cat2_c1_s8,N=1;H=288;W=1;C_inputs=7|1;C_total=8,,,excluded_impossible,hart 1's tile has no P-extension (PynqZ2Configs.scala:220 WithPExtOnTiles(0) names hart 0 only); this kernel's body is custom-0 throughout and holds no hart-1-executable alternative -- it would take an illegal instruction
1400,moonshine$dispatch_1400_permute4_s8,,,1000000000,us,1000000000000,0,,excluded_impossible,permute4_s8,d0=1;d1=8;d2=8;d3=36;p0=0;p1=2;p2=1;p3=3,,,excluded_impossible,hart 1's tile has no P-extension (PynqZ2Configs.scala:220 WithPExtOnTiles(0) names hart 0 only); this kernel's body is custom-0 throughout and holds no hart-1-executable alternative -- it would take an illegal instruction
1401,moonshine$dispatch_1401_permute4_s8,,,1000000000,us,1000000000000,0,,excluded_impossible,permute4_s8,d0=1;d1=8;d2=8;d3=36;p0=0;p1=2;p2=1;p3=3,,,excluded_impossible,hart 1's tile has no P-extension (PynqZ2Configs.scala:220 WithPExtOnTiles(0) names hart 0 only); this kernel's body is custom-0 throughout and holds no hart-1-executable alternative -- it would take an illegal instruction
1402,moonshine$dispatch_1402_matmul_b_s8,,,1000000000,us,1000000000000,0,,excluded_impossible,matmul_b_s8,B=8;M=1;K=36;N=8;transpose_b=1,,,excluded_impossible,hart 1's tile has no P-extension (PynqZ2Configs.scala:220 WithPExtOnTiles(0) names hart 0 only); this kernel's body is custom-0 throughout and holds no hart-1-executable alternative -- it would take an illegal instruction
1403,moonshine$dispatch_1403_softmax_s8,,,1000000000,us,1000000000000,0,,excluded_impossible,softmax_s8,M=8;K=8,,,excluded_impossible,hart 1's tile has no P-extension (PynqZ2Configs.scala:220 WithPExtOnTiles(0) names hart 0 only); this kernel's body is custom-0 throughout and holds no hart-1-executable alternative -- it would take an illegal instruction
1404,moonshine$dispatch_1404_matmul_b_s8,,,1000000000,us,1000000000000,0,,excluded_impossible,matmul_b_s8,B=8;M=1;K=8;N=36;transpose_b=0,,,excluded_impossible,hart 1's tile has no P-extension (PynqZ2Configs.scala:220 WithPExtOnTiles(0) names hart 0 only); this kernel's body is custom-0 throughout and holds no hart-1-executable alternative -- it would take an illegal instruction
1405,moonshine$dispatch_1405_linear_s8,,,0.559590960,ms,559590.960,0,,board_measured_b1_scaled_by_measured_region_factor_0.5883,linear_s8,M=1;K=288;N=288,22384,roccmoon_engine[curated],measured,
1406,moonshine$dispatch_1406_add_s8,,,1000000000,us,1000000000000,0,,excluded_impossible,add_s8,n=288,,,excluded_impossible,hart 1's tile has no P-extension (PynqZ2Configs.scala:220 WithPExtOnTiles(0) names hart 0 only); this kernel's body is custom-0 throughout and holds no hart-1-executable alternative -- it would take an illegal instruction
1407,moonshine$dispatch_1407_layernorm_s8,,,1000000000,us,1000000000000,0,,excluded_impossible,layernorm_s8,M=1;K=288,,,excluded_impossible,hart 1's tile has no P-extension (PynqZ2Configs.scala:220 WithPExtOnTiles(0) names hart 0 only); this kernel's body is custom-0 throughout and holds no hart-1-executable alternative -- it would take an illegal instruction
1408,moonshine$dispatch_1408_linear_s8,,,0.535970715,ms,535970.715,0,,board_measured_b1_scaled_by_measured_region_factor_0.5883,linear_s8,M=1;K=288;N=288,21439,roccmoon_engine[curated],measured,
1409,moonshine$dispatch_1409_matmul_b_s8,,,1000000000,us,1000000000000,0,,excluded_impossible,matmul_b_s8,B=8;M=1;K=36;N=165;transpose_b=1,,,excluded_impossible,hart 1's tile has no P-extension (PynqZ2Configs.scala:220 WithPExtOnTiles(0) names hart 0 only); this kernel's body is custom-0 throughout and holds no hart-1-executable alternative -- it would take an illegal instruction
1410,moonshine$dispatch_1410_softmax_s8,,,1000000000,us,1000000000000,0,,excluded_impossible,softmax_s8,M=8;K=165,,,excluded_impossible,hart 1's tile has no P-extension (PynqZ2Configs.scala:220 WithPExtOnTiles(0) names hart 0 only); this kernel's body is custom-0 throughout and holds no hart-1-executable alternative -- it would take an illegal instruction
1411,moonshine$dispatch_1411_matmul_b_s8,,,1000000000,us,1000000000000,0,,excluded_impossible,matmul_b_s8,B=8;M=1;K=165;N=36;transpose_b=1,,,excluded_impossible,hart 1's tile has no P-extension (PynqZ2Configs.scala:220 WithPExtOnTiles(0) names hart 0 only); this kernel's body is custom-0 throughout and holds no hart-1-executable alternative -- it would take an illegal instruction
1412,moonshine$dispatch_1412_linear_s8,,,0.563135468,ms,563135.468,0,,board_measured_b1_scaled_by_measured_region_factor_0.5883,linear_s8,M=1;K=288;N=288,22525,roccmoon_engine[curated],measured,
1413,moonshine$dispatch_1413_add_s8,,,1000000000,us,1000000000000,0,,excluded_impossible,add_s8,n=288,,,excluded_impossible,hart 1's tile has no P-extension (PynqZ2Configs.scala:220 WithPExtOnTiles(0) names hart 0 only); this kernel's body is custom-0 throughout and holds no hart-1-executable alternative -- it would take an illegal instruction
1414,moonshine$dispatch_1414_layernorm_s8,,,1000000000,us,1000000000000,0,,excluded_impossible,layernorm_s8,M=1;K=288,,,excluded_impossible,hart 1's tile has no P-extension (PynqZ2Configs.scala:220 WithPExtOnTiles(0) names hart 0 only); this kernel's body is custom-0 throughout and holds no hart-1-executable alternative -- it would take an illegal instruction
1415,moonshine$dispatch_1415_linear_s8,,,1.246681238,ms,1246681.238,0,,board_measured_b1_scaled_by_measured_region_factor_0.5883,linear_s8,M=1;K=288;N=1152,49867,roccmoon_engine[curated],measured,
1416,moonshine$dispatch_1416_silu_s8,,,1000000000,us,1000000000000,0,,excluded_impossible,silu_s8,n=1152,,,excluded_impossible,hart 1's tile has no P-extension (PynqZ2Configs.scala:220 WithPExtOnTiles(0) names hart 0 only); this kernel's body is custom-0 throughout and holds no hart-1-executable alternative -- it would take an illegal instruction
1417,moonshine$dispatch_1417_linear_s8,,,1.247607810,ms,1247607.810,0,,board_measured_b1_scaled_by_measured_region_factor_0.5883,linear_s8,M=1;K=288;N=1152,49904,roccmoon_engine[curated],measured,
1418,moonshine$dispatch_1418_mul_s8,,,1000000000,us,1000000000000,0,,excluded_impossible,mul_s8,n=1152,,,excluded_impossible,hart 1's tile has no P-extension (PynqZ2Configs.scala:220 WithPExtOnTiles(0) names hart 0 only); this kernel's body is custom-0 throughout and holds no hart-1-executable alternative -- it would take an illegal instruction
1419,moonshine$dispatch_1419_linear_s8,,,1.249843350,ms,1249843.350,0,,board_measured_b1_scaled_by_measured_region_factor_0.5883,linear_s8,M=1;K=1152;N=288,49994,roccmoon_engine[curated],measured,
1420,moonshine$dispatch_1420_add_s8,,,1000000000,us,1000000000000,0,,excluded_impossible,add_s8,n=288,,,excluded_impossible,hart 1's tile has no P-extension (PynqZ2Configs.scala:220 WithPExtOnTiles(0) names hart 0 only); this kernel's body is custom-0 throughout and holds no hart-1-executable alternative -- it would take an illegal instruction
1421,moonshine$dispatch_1421_layernorm_s8,,,1000000000,us,1000000000000,0,,excluded_impossible,layernorm_s8,M=1;K=288,,,excluded_impossible,hart 1's tile has no P-extension (PynqZ2Configs.scala:220 WithPExtOnTiles(0) names hart 0 only); this kernel's body is custom-0 throughout and holds no hart-1-executable alternative -- it would take an illegal instruction
1422,moonshine$dispatch_1422_linear_s8,,,0.531323145,ms,531323.145,0,,board_measured_b1_scaled_by_measured_region_factor_0.5883,linear_s8,M=1;K=288;N=288,21253,roccmoon_engine[curated],measured,
1423,moonshine$dispatch_1423_rope_s8,,,1000000000,us,1000000000000,0,,excluded_impossible,rope_s8,T=1;H=8;D=36;R=32,,,excluded_impossible,hart 1's tile has no P-extension (PynqZ2Configs.scala:220 WithPExtOnTiles(0) names hart 0 only); this kernel's body is custom-0 throughout and holds no hart-1-executable alternative -- it would take an illegal instruction
1424,moonshine$dispatch_1424_linear_s8,,,0.528102202,ms,528102.202,0,,board_measured_b1_scaled_by_measured_region_factor_0.5883,linear_s8,M=1;K=288;N=288,21124,roccmoon_engine[curated],measured,
1425,moonshine$dispatch_1425_rope_s8,,,1000000000,us,1000000000000,0,,excluded_impossible,rope_s8,T=1;H=8;D=36;R=32,,,excluded_impossible,hart 1's tile has no P-extension (PynqZ2Configs.scala:220 WithPExtOnTiles(0) names hart 0 only); this kernel's body is custom-0 throughout and holds no hart-1-executable alternative -- it would take an illegal instruction
1426,moonshine$dispatch_1426_linear_s8,,,0.531161363,ms,531161.363,0,,board_measured_b1_scaled_by_measured_region_factor_0.5883,linear_s8,M=1;K=288;N=288,21246,roccmoon_engine[curated],measured,
1427,moonshine$dispatch_1427_cat2_c1_s8,,,1000000000,us,1000000000000,0,,excluded_impossible,cat2_c1_s8,N=1;H=288;W=1;C_inputs=7|1;C_total=8,,,excluded_impossible,hart 1's tile has no P-extension (PynqZ2Configs.scala:220 WithPExtOnTiles(0) names hart 0 only); this kernel's body is custom-0 throughout and holds no hart-1-executable alternative -- it would take an illegal instruction
1428,moonshine$dispatch_1428_cat2_c1_s8,,,1000000000,us,1000000000000,0,,excluded_impossible,cat2_c1_s8,N=1;H=288;W=1;C_inputs=7|1;C_total=8,,,excluded_impossible,hart 1's tile has no P-extension (PynqZ2Configs.scala:220 WithPExtOnTiles(0) names hart 0 only); this kernel's body is custom-0 throughout and holds no hart-1-executable alternative -- it would take an illegal instruction
1429,moonshine$dispatch_1429_permute4_s8,,,1000000000,us,1000000000000,0,,excluded_impossible,permute4_s8,d0=1;d1=8;d2=8;d3=36;p0=0;p1=2;p2=1;p3=3,,,excluded_impossible,hart 1's tile has no P-extension (PynqZ2Configs.scala:220 WithPExtOnTiles(0) names hart 0 only); this kernel's body is custom-0 throughout and holds no hart-1-executable alternative -- it would take an illegal instruction
1430,moonshine$dispatch_1430_permute4_s8,,,1000000000,us,1000000000000,0,,excluded_impossible,permute4_s8,d0=1;d1=8;d2=8;d3=36;p0=0;p1=2;p2=1;p3=3,,,excluded_impossible,hart 1's tile has no P-extension (PynqZ2Configs.scala:220 WithPExtOnTiles(0) names hart 0 only); this kernel's body is custom-0 throughout and holds no hart-1-executable alternative -- it would take an illegal instruction
1431,moonshine$dispatch_1431_matmul_b_s8,,,1000000000,us,1000000000000,0,,excluded_impossible,matmul_b_s8,B=8;M=1;K=36;N=8;transpose_b=1,,,excluded_impossible,hart 1's tile has no P-extension (PynqZ2Configs.scala:220 WithPExtOnTiles(0) names hart 0 only); this kernel's body is custom-0 throughout and holds no hart-1-executable alternative -- it would take an illegal instruction
1432,moonshine$dispatch_1432_softmax_s8,,,1000000000,us,1000000000000,0,,excluded_impossible,softmax_s8,M=8;K=8,,,excluded_impossible,hart 1's tile has no P-extension (PynqZ2Configs.scala:220 WithPExtOnTiles(0) names hart 0 only); this kernel's body is custom-0 throughout and holds no hart-1-executable alternative -- it would take an illegal instruction
1433,moonshine$dispatch_1433_matmul_b_s8,,,1000000000,us,1000000000000,0,,excluded_impossible,matmul_b_s8,B=8;M=1;K=8;N=36;transpose_b=0,,,excluded_impossible,hart 1's tile has no P-extension (PynqZ2Configs.scala:220 WithPExtOnTiles(0) names hart 0 only); this kernel's body is custom-0 throughout and holds no hart-1-executable alternative -- it would take an illegal instruction
1434,moonshine$dispatch_1434_linear_s8,,,0.566076968,ms,566076.968,0,,board_measured_b1_scaled_by_measured_region_factor_0.5883,linear_s8,M=1;K=288;N=288,22643,roccmoon_engine[curated],measured,
1435,moonshine$dispatch_1435_add_s8,,,1000000000,us,1000000000000,0,,excluded_impossible,add_s8,n=288,,,excluded_impossible,hart 1's tile has no P-extension (PynqZ2Configs.scala:220 WithPExtOnTiles(0) names hart 0 only); this kernel's body is custom-0 throughout and holds no hart-1-executable alternative -- it would take an illegal instruction
1436,moonshine$dispatch_1436_layernorm_s8,,,1000000000,us,1000000000000,0,,excluded_impossible,layernorm_s8,M=1;K=288,,,excluded_impossible,hart 1's tile has no P-extension (PynqZ2Configs.scala:220 WithPExtOnTiles(0) names hart 0 only); this kernel's body is custom-0 throughout and holds no hart-1-executable alternative -- it would take an illegal instruction
1437,moonshine$dispatch_1437_linear_s8,,,0.541000680,ms,541000.680,0,,board_measured_b1_scaled_by_measured_region_factor_0.5883,linear_s8,M=1;K=288;N=288,21640,roccmoon_engine[curated],measured,
1438,moonshine$dispatch_1438_matmul_b_s8,,,1000000000,us,1000000000000,0,,excluded_impossible,matmul_b_s8,B=8;M=1;K=36;N=165;transpose_b=1,,,excluded_impossible,hart 1's tile has no P-extension (PynqZ2Configs.scala:220 WithPExtOnTiles(0) names hart 0 only); this kernel's body is custom-0 throughout and holds no hart-1-executable alternative -- it would take an illegal instruction
1439,moonshine$dispatch_1439_softmax_s8,,,1000000000,us,1000000000000,0,,excluded_impossible,softmax_s8,M=8;K=165,,,excluded_impossible,hart 1's tile has no P-extension (PynqZ2Configs.scala:220 WithPExtOnTiles(0) names hart 0 only); this kernel's body is custom-0 throughout and holds no hart-1-executable alternative -- it would take an illegal instruction
1440,moonshine$dispatch_1440_matmul_b_s8,,,1000000000,us,1000000000000,0,,excluded_impossible,matmul_b_s8,B=8;M=1;K=165;N=36;transpose_b=1,,,excluded_impossible,hart 1's tile has no P-extension (PynqZ2Configs.scala:220 WithPExtOnTiles(0) names hart 0 only); this kernel's body is custom-0 throughout and holds no hart-1-executable alternative -- it would take an illegal instruction
1441,moonshine$dispatch_1441_linear_s8,,,0.567488888,ms,567488.888,0,,board_measured_b1_scaled_by_measured_region_factor_0.5883,linear_s8,M=1;K=288;N=288,22700,roccmoon_engine[curated],measured,
1442,moonshine$dispatch_1442_add_s8,,,1000000000,us,1000000000000,0,,excluded_impossible,add_s8,n=288,,,excluded_impossible,hart 1's tile has no P-extension (PynqZ2Configs.scala:220 WithPExtOnTiles(0) names hart 0 only); this kernel's body is custom-0 throughout and holds no hart-1-executable alternative -- it would take an illegal instruction
1443,moonshine$dispatch_1443_layernorm_s8,,,1000000000,us,1000000000000,0,,excluded_impossible,layernorm_s8,M=1;K=288,,,excluded_impossible,hart 1's tile has no P-extension (PynqZ2Configs.scala:220 WithPExtOnTiles(0) names hart 0 only); this kernel's body is custom-0 throughout and holds no hart-1-executable alternative -- it would take an illegal instruction
1444,moonshine$dispatch_1444_linear_s8,,,1.252196550,ms,1252196.550,0,,board_measured_b1_scaled_by_measured_region_factor_0.5883,linear_s8,M=1;K=288;N=1152,50088,roccmoon_engine[curated],measured,
1445,moonshine$dispatch_1445_silu_s8,,,1000000000,us,1000000000000,0,,excluded_impossible,silu_s8,n=1152,,,excluded_impossible,hart 1's tile has no P-extension (PynqZ2Configs.scala:220 WithPExtOnTiles(0) names hart 0 only); this kernel's body is custom-0 throughout and holds no hart-1-executable alternative -- it would take an illegal instruction
1446,moonshine$dispatch_1446_linear_s8,,,1.255682228,ms,1255682.228,0,,board_measured_b1_scaled_by_measured_region_factor_0.5883,linear_s8,M=1;K=288;N=1152,50227,roccmoon_engine[curated],measured,
1447,moonshine$dispatch_1447_mul_s8,,,1000000000,us,1000000000000,0,,excluded_impossible,mul_s8,n=1152,,,excluded_impossible,hart 1's tile has no P-extension (PynqZ2Configs.scala:220 WithPExtOnTiles(0) names hart 0 only); this kernel's body is custom-0 throughout and holds no hart-1-executable alternative -- it would take an illegal instruction
1448,moonshine$dispatch_1448_linear_s8,,,1.279067153,ms,1279067.153,0,,board_measured_b1_scaled_by_measured_region_factor_0.5883,linear_s8,M=1;K=1152;N=288,51163,roccmoon_engine[curated],measured,
1449,moonshine$dispatch_1449_add_s8,,,1000000000,us,1000000000000,0,,excluded_impossible,add_s8,n=288,,,excluded_impossible,hart 1's tile has no P-extension (PynqZ2Configs.scala:220 WithPExtOnTiles(0) names hart 0 only); this kernel's body is custom-0 throughout and holds no hart-1-executable alternative -- it would take an illegal instruction
1450,moonshine$dispatch_1450_layernorm_s8,,,1000000000,us,1000000000000,0,,excluded_impossible,layernorm_s8,M=1;K=288,,,excluded_impossible,hart 1's tile has no P-extension (PynqZ2Configs.scala:220 WithPExtOnTiles(0) names hart 0 only); this kernel's body is custom-0 throughout and holds no hart-1-executable alternative -- it would take an illegal instruction
1451,moonshine$dispatch_1451_linear_s8,,,0.549928133,ms,549928.133,0,,board_measured_b1_scaled_by_measured_region_factor_0.5883,linear_s8,M=1;K=288;N=288,21997,roccmoon_engine[curated],measured,
1452,moonshine$dispatch_1452_rope_s8,,,1000000000,us,1000000000000,0,,excluded_impossible,rope_s8,T=1;H=8;D=36;R=32,,,excluded_impossible,hart 1's tile has no P-extension (PynqZ2Configs.scala:220 WithPExtOnTiles(0) names hart 0 only); this kernel's body is custom-0 throughout and holds no hart-1-executable alternative -- it would take an illegal instruction
1453,moonshine$dispatch_1453_linear_s8,,,0.543339173,ms,543339.173,0,,board_measured_b1_scaled_by_measured_region_factor_0.5883,linear_s8,M=1;K=288;N=288,21734,roccmoon_engine[curated],measured,
1454,moonshine$dispatch_1454_rope_s8,,,1000000000,us,1000000000000,0,,excluded_impossible,rope_s8,T=1;H=8;D=36;R=32,,,excluded_impossible,hart 1's tile has no P-extension (PynqZ2Configs.scala:220 WithPExtOnTiles(0) names hart 0 only); this kernel's body is custom-0 throughout and holds no hart-1-executable alternative -- it would take an illegal instruction
1455,moonshine$dispatch_1455_linear_s8,,,0.537412050,ms,537412.050,0,,board_measured_b1_scaled_by_measured_region_factor_0.5883,linear_s8,M=1;K=288;N=288,21496,roccmoon_engine[curated],measured,
1456,moonshine$dispatch_1456_cat2_c1_s8,,,1000000000,us,1000000000000,0,,excluded_impossible,cat2_c1_s8,N=1;H=288;W=1;C_inputs=7|1;C_total=8,,,excluded_impossible,hart 1's tile has no P-extension (PynqZ2Configs.scala:220 WithPExtOnTiles(0) names hart 0 only); this kernel's body is custom-0 throughout and holds no hart-1-executable alternative -- it would take an illegal instruction
1457,moonshine$dispatch_1457_cat2_c1_s8,,,1000000000,us,1000000000000,0,,excluded_impossible,cat2_c1_s8,N=1;H=288;W=1;C_inputs=7|1;C_total=8,,,excluded_impossible,hart 1's tile has no P-extension (PynqZ2Configs.scala:220 WithPExtOnTiles(0) names hart 0 only); this kernel's body is custom-0 throughout and holds no hart-1-executable alternative -- it would take an illegal instruction
1458,moonshine$dispatch_1458_permute4_s8,,,1000000000,us,1000000000000,0,,excluded_impossible,permute4_s8,d0=1;d1=8;d2=8;d3=36;p0=0;p1=2;p2=1;p3=3,,,excluded_impossible,hart 1's tile has no P-extension (PynqZ2Configs.scala:220 WithPExtOnTiles(0) names hart 0 only); this kernel's body is custom-0 throughout and holds no hart-1-executable alternative -- it would take an illegal instruction
1459,moonshine$dispatch_1459_permute4_s8,,,1000000000,us,1000000000000,0,,excluded_impossible,permute4_s8,d0=1;d1=8;d2=8;d3=36;p0=0;p1=2;p2=1;p3=3,,,excluded_impossible,hart 1's tile has no P-extension (PynqZ2Configs.scala:220 WithPExtOnTiles(0) names hart 0 only); this kernel's body is custom-0 throughout and holds no hart-1-executable alternative -- it would take an illegal instruction
1460,moonshine$dispatch_1460_matmul_b_s8,,,1000000000,us,1000000000000,0,,excluded_impossible,matmul_b_s8,B=8;M=1;K=36;N=8;transpose_b=1,,,excluded_impossible,hart 1's tile has no P-extension (PynqZ2Configs.scala:220 WithPExtOnTiles(0) names hart 0 only); this kernel's body is custom-0 throughout and holds no hart-1-executable alternative -- it would take an illegal instruction
1461,moonshine$dispatch_1461_softmax_s8,,,1000000000,us,1000000000000,0,,excluded_impossible,softmax_s8,M=8;K=8,,,excluded_impossible,hart 1's tile has no P-extension (PynqZ2Configs.scala:220 WithPExtOnTiles(0) names hart 0 only); this kernel's body is custom-0 throughout and holds no hart-1-executable alternative -- it would take an illegal instruction
1462,moonshine$dispatch_1462_matmul_b_s8,,,1000000000,us,1000000000000,0,,excluded_impossible,matmul_b_s8,B=8;M=1;K=8;N=36;transpose_b=0,,,excluded_impossible,hart 1's tile has no P-extension (PynqZ2Configs.scala:220 WithPExtOnTiles(0) names hart 0 only); this kernel's body is custom-0 throughout and holds no hart-1-executable alternative -- it would take an illegal instruction
1463,moonshine$dispatch_1463_linear_s8,,,0.574313168,ms,574313.168,0,,board_measured_b1_scaled_by_measured_region_factor_0.5883,linear_s8,M=1;K=288;N=288,22973,roccmoon_engine[curated],measured,
1464,moonshine$dispatch_1464_add_s8,,,1000000000,us,1000000000000,0,,excluded_impossible,add_s8,n=288,,,excluded_impossible,hart 1's tile has no P-extension (PynqZ2Configs.scala:220 WithPExtOnTiles(0) names hart 0 only); this kernel's body is custom-0 throughout and holds no hart-1-executable alternative -- it would take an illegal instruction
1465,moonshine$dispatch_1465_layernorm_s8,,,1000000000,us,1000000000000,0,,excluded_impossible,layernorm_s8,M=1;K=288,,,excluded_impossible,hart 1's tile has no P-extension (PynqZ2Configs.scala:220 WithPExtOnTiles(0) names hart 0 only); this kernel's body is custom-0 throughout and holds no hart-1-executable alternative -- it would take an illegal instruction
1466,moonshine$dispatch_1466_linear_s8,,,0.548795655,ms,548795.655,0,,board_measured_b1_scaled_by_measured_region_factor_0.5883,linear_s8,M=1;K=288;N=288,21952,roccmoon_engine[curated],measured,
1467,moonshine$dispatch_1467_matmul_b_s8,,,1000000000,us,1000000000000,0,,excluded_impossible,matmul_b_s8,B=8;M=1;K=36;N=165;transpose_b=1,,,excluded_impossible,hart 1's tile has no P-extension (PynqZ2Configs.scala:220 WithPExtOnTiles(0) names hart 0 only); this kernel's body is custom-0 throughout and holds no hart-1-executable alternative -- it would take an illegal instruction
1468,moonshine$dispatch_1468_softmax_s8,,,1000000000,us,1000000000000,0,,excluded_impossible,softmax_s8,M=8;K=165,,,excluded_impossible,hart 1's tile has no P-extension (PynqZ2Configs.scala:220 WithPExtOnTiles(0) names hart 0 only); this kernel's body is custom-0 throughout and holds no hart-1-executable alternative -- it would take an illegal instruction
1469,moonshine$dispatch_1469_matmul_b_s8,,,1000000000,us,1000000000000,0,,excluded_impossible,matmul_b_s8,B=8;M=1;K=165;N=36;transpose_b=1,,,excluded_impossible,hart 1's tile has no P-extension (PynqZ2Configs.scala:220 WithPExtOnTiles(0) names hart 0 only); this kernel's body is custom-0 throughout and holds no hart-1-executable alternative -- it would take an illegal instruction
1470,moonshine$dispatch_1470_linear_s8,,,0.580990372,ms,580990.372,0,,board_measured_b1_scaled_by_measured_region_factor_0.5883,linear_s8,M=1;K=288;N=288,23240,roccmoon_engine[curated],measured,
1471,moonshine$dispatch_1471_add_s8,,,1000000000,us,1000000000000,0,,excluded_impossible,add_s8,n=288,,,excluded_impossible,hart 1's tile has no P-extension (PynqZ2Configs.scala:220 WithPExtOnTiles(0) names hart 0 only); this kernel's body is custom-0 throughout and holds no hart-1-executable alternative -- it would take an illegal instruction
1472,moonshine$dispatch_1472_layernorm_s8,,,1000000000,us,1000000000000,0,,excluded_impossible,layernorm_s8,M=1;K=288,,,excluded_impossible,hart 1's tile has no P-extension (PynqZ2Configs.scala:220 WithPExtOnTiles(0) names hart 0 only); this kernel's body is custom-0 throughout and holds no hart-1-executable alternative -- it would take an illegal instruction
1473,moonshine$dispatch_1473_linear_s8,,,1.258932585,ms,1258932.585,0,,board_measured_b1_scaled_by_measured_region_factor_0.5883,linear_s8,M=1;K=288;N=1152,50357,roccmoon_engine[curated],measured,
1474,moonshine$dispatch_1474_silu_s8,,,1000000000,us,1000000000000,0,,excluded_impossible,silu_s8,n=1152,,,excluded_impossible,hart 1's tile has no P-extension (PynqZ2Configs.scala:220 WithPExtOnTiles(0) names hart 0 only); this kernel's body is custom-0 throughout and holds no hart-1-executable alternative -- it would take an illegal instruction
1475,moonshine$dispatch_1475_linear_s8,,,1.256873535,ms,1256873.535,0,,board_measured_b1_scaled_by_measured_region_factor_0.5883,linear_s8,M=1;K=288;N=1152,50275,roccmoon_engine[curated],measured,
1476,moonshine$dispatch_1476_mul_s8,,,1000000000,us,1000000000000,0,,excluded_impossible,mul_s8,n=1152,,,excluded_impossible,hart 1's tile has no P-extension (PynqZ2Configs.scala:220 WithPExtOnTiles(0) names hart 0 only); this kernel's body is custom-0 throughout and holds no hart-1-executable alternative -- it would take an illegal instruction
1477,moonshine$dispatch_1477_linear_s8,,,1.267683548,ms,1267683.548,0,,board_measured_b1_scaled_by_measured_region_factor_0.5883,linear_s8,M=1;K=1152;N=288,50707,roccmoon_engine[curated],measured,
1478,moonshine$dispatch_1478_add_s8,,,1000000000,us,1000000000000,0,,excluded_impossible,add_s8,n=288,,,excluded_impossible,hart 1's tile has no P-extension (PynqZ2Configs.scala:220 WithPExtOnTiles(0) names hart 0 only); this kernel's body is custom-0 throughout and holds no hart-1-executable alternative -- it would take an illegal instruction
1479,moonshine$dispatch_1479_layernorm_s8,,,1000000000,us,1000000000000,0,,excluded_impossible,layernorm_s8,M=1;K=288,,,excluded_impossible,hart 1's tile has no P-extension (PynqZ2Configs.scala:220 WithPExtOnTiles(0) names hart 0 only); this kernel's body is custom-0 throughout and holds no hart-1-executable alternative -- it would take an illegal instruction
1480,moonshine$dispatch_1480_linear_s8,,,0.553340273,ms,553340.273,0,,board_measured_b1_scaled_by_measured_region_factor_0.5883,linear_s8,M=1;K=288;N=288,22134,roccmoon_engine[curated],measured,
1481,moonshine$dispatch_1481_rope_s8,,,1000000000,us,1000000000000,0,,excluded_impossible,rope_s8,T=1;H=8;D=36;R=32,,,excluded_impossible,hart 1's tile has no P-extension (PynqZ2Configs.scala:220 WithPExtOnTiles(0) names hart 0 only); this kernel's body is custom-0 throughout and holds no hart-1-executable alternative -- it would take an illegal instruction
1482,moonshine$dispatch_1482_linear_s8,,,0.548369138,ms,548369.138,0,,board_measured_b1_scaled_by_measured_region_factor_0.5883,linear_s8,M=1;K=288;N=288,21935,roccmoon_engine[curated],measured,
1483,moonshine$dispatch_1483_rope_s8,,,1000000000,us,1000000000000,0,,excluded_impossible,rope_s8,T=1;H=8;D=36;R=32,,,excluded_impossible,hart 1's tile has no P-extension (PynqZ2Configs.scala:220 WithPExtOnTiles(0) names hart 0 only); this kernel's body is custom-0 throughout and holds no hart-1-executable alternative -- it would take an illegal instruction
1484,moonshine$dispatch_1484_linear_s8,,,0.539868203,ms,539868.203,0,,board_measured_b1_scaled_by_measured_region_factor_0.5883,linear_s8,M=1;K=288;N=288,21595,roccmoon_engine[curated],measured,
1485,moonshine$dispatch_1485_cat2_c1_s8,,,1000000000,us,1000000000000,0,,excluded_impossible,cat2_c1_s8,N=1;H=288;W=1;C_inputs=7|1;C_total=8,,,excluded_impossible,hart 1's tile has no P-extension (PynqZ2Configs.scala:220 WithPExtOnTiles(0) names hart 0 only); this kernel's body is custom-0 throughout and holds no hart-1-executable alternative -- it would take an illegal instruction
1486,moonshine$dispatch_1486_cat2_c1_s8,,,1000000000,us,1000000000000,0,,excluded_impossible,cat2_c1_s8,N=1;H=288;W=1;C_inputs=7|1;C_total=8,,,excluded_impossible,hart 1's tile has no P-extension (PynqZ2Configs.scala:220 WithPExtOnTiles(0) names hart 0 only); this kernel's body is custom-0 throughout and holds no hart-1-executable alternative -- it would take an illegal instruction
1487,moonshine$dispatch_1487_permute4_s8,,,1000000000,us,1000000000000,0,,excluded_impossible,permute4_s8,d0=1;d1=8;d2=8;d3=36;p0=0;p1=2;p2=1;p3=3,,,excluded_impossible,hart 1's tile has no P-extension (PynqZ2Configs.scala:220 WithPExtOnTiles(0) names hart 0 only); this kernel's body is custom-0 throughout and holds no hart-1-executable alternative -- it would take an illegal instruction
1488,moonshine$dispatch_1488_permute4_s8,,,1000000000,us,1000000000000,0,,excluded_impossible,permute4_s8,d0=1;d1=8;d2=8;d3=36;p0=0;p1=2;p2=1;p3=3,,,excluded_impossible,hart 1's tile has no P-extension (PynqZ2Configs.scala:220 WithPExtOnTiles(0) names hart 0 only); this kernel's body is custom-0 throughout and holds no hart-1-executable alternative -- it would take an illegal instruction
1489,moonshine$dispatch_1489_matmul_b_s8,,,1000000000,us,1000000000000,0,,excluded_impossible,matmul_b_s8,B=8;M=1;K=36;N=8;transpose_b=1,,,excluded_impossible,hart 1's tile has no P-extension (PynqZ2Configs.scala:220 WithPExtOnTiles(0) names hart 0 only); this kernel's body is custom-0 throughout and holds no hart-1-executable alternative -- it would take an illegal instruction
1490,moonshine$dispatch_1490_softmax_s8,,,1000000000,us,1000000000000,0,,excluded_impossible,softmax_s8,M=8;K=8,,,excluded_impossible,hart 1's tile has no P-extension (PynqZ2Configs.scala:220 WithPExtOnTiles(0) names hart 0 only); this kernel's body is custom-0 throughout and holds no hart-1-executable alternative -- it would take an illegal instruction
1491,moonshine$dispatch_1491_matmul_b_s8,,,1000000000,us,1000000000000,0,,excluded_impossible,matmul_b_s8,B=8;M=1;K=8;N=36;transpose_b=0,,,excluded_impossible,hart 1's tile has no P-extension (PynqZ2Configs.scala:220 WithPExtOnTiles(0) names hart 0 only); this kernel's body is custom-0 throughout and holds no hart-1-executable alternative -- it would take an illegal instruction
1492,moonshine$dispatch_1492_linear_s8,,,0.573857235,ms,573857.235,0,,board_measured_b1_scaled_by_measured_region_factor_0.5883,linear_s8,M=1;K=288;N=288,22954,roccmoon_engine[curated],measured,
1493,moonshine$dispatch_1493_add_s8,,,1000000000,us,1000000000000,0,,excluded_impossible,add_s8,n=288,,,excluded_impossible,hart 1's tile has no P-extension (PynqZ2Configs.scala:220 WithPExtOnTiles(0) names hart 0 only); this kernel's body is custom-0 throughout and holds no hart-1-executable alternative -- it would take an illegal instruction
1494,moonshine$dispatch_1494_layernorm_s8,,,1000000000,us,1000000000000,0,,excluded_impossible,layernorm_s8,M=1;K=288,,,excluded_impossible,hart 1's tile has no P-extension (PynqZ2Configs.scala:220 WithPExtOnTiles(0) names hart 0 only); this kernel's body is custom-0 throughout and holds no hart-1-executable alternative -- it would take an illegal instruction
1495,moonshine$dispatch_1495_linear_s8,,,0.549913425,ms,549913.425,0,,board_measured_b1_scaled_by_measured_region_factor_0.5883,linear_s8,M=1;K=288;N=288,21997,roccmoon_engine[curated],measured,
1496,moonshine$dispatch_1496_matmul_b_s8,,,1000000000,us,1000000000000,0,,excluded_impossible,matmul_b_s8,B=8;M=1;K=36;N=165;transpose_b=1,,,excluded_impossible,hart 1's tile has no P-extension (PynqZ2Configs.scala:220 WithPExtOnTiles(0) names hart 0 only); this kernel's body is custom-0 throughout and holds no hart-1-executable alternative -- it would take an illegal instruction
1497,moonshine$dispatch_1497_softmax_s8,,,1000000000,us,1000000000000,0,,excluded_impossible,softmax_s8,M=8;K=165,,,excluded_impossible,hart 1's tile has no P-extension (PynqZ2Configs.scala:220 WithPExtOnTiles(0) names hart 0 only); this kernel's body is custom-0 throughout and holds no hart-1-executable alternative -- it would take an illegal instruction
1498,moonshine$dispatch_1498_matmul_b_s8,,,1000000000,us,1000000000000,0,,excluded_impossible,matmul_b_s8,B=8;M=1;K=165;N=36;transpose_b=1,,,excluded_impossible,hart 1's tile has no P-extension (PynqZ2Configs.scala:220 WithPExtOnTiles(0) names hart 0 only); this kernel's body is custom-0 throughout and holds no hart-1-executable alternative -- it would take an illegal instruction
1499,moonshine$dispatch_1499_linear_s8,,,0.583093545,ms,583093.545,0,,board_measured_b1_scaled_by_measured_region_factor_0.5883,linear_s8,M=1;K=288;N=288,23324,roccmoon_engine[curated],measured,
1500,moonshine$dispatch_1500_add_s8,,,1000000000,us,1000000000000,0,,excluded_impossible,add_s8,n=288,,,excluded_impossible,hart 1's tile has no P-extension (PynqZ2Configs.scala:220 WithPExtOnTiles(0) names hart 0 only); this kernel's body is custom-0 throughout and holds no hart-1-executable alternative -- it would take an illegal instruction
1501,moonshine$dispatch_1501_layernorm_s8,,,1000000000,us,1000000000000,0,,excluded_impossible,layernorm_s8,M=1;K=288,,,excluded_impossible,hart 1's tile has no P-extension (PynqZ2Configs.scala:220 WithPExtOnTiles(0) names hart 0 only); this kernel's body is custom-0 throughout and holds no hart-1-executable alternative -- it would take an illegal instruction
1502,moonshine$dispatch_1502_linear_s8,,,1.258417823,ms,1258417.823,0,,board_measured_b1_scaled_by_measured_region_factor_0.5883,linear_s8,M=1;K=288;N=1152,50337,roccmoon_engine[curated],measured,
1503,moonshine$dispatch_1503_silu_s8,,,1000000000,us,1000000000000,0,,excluded_impossible,silu_s8,n=1152,,,excluded_impossible,hart 1's tile has no P-extension (PynqZ2Configs.scala:220 WithPExtOnTiles(0) names hart 0 only); this kernel's body is custom-0 throughout and holds no hart-1-executable alternative -- it would take an illegal instruction
1504,moonshine$dispatch_1504_linear_s8,,,1.251137610,ms,1251137.610,0,,board_measured_b1_scaled_by_measured_region_factor_0.5883,linear_s8,M=1;K=288;N=1152,50046,roccmoon_engine[curated],measured,
1505,moonshine$dispatch_1505_mul_s8,,,1000000000,us,1000000000000,0,,excluded_impossible,mul_s8,n=1152,,,excluded_impossible,hart 1's tile has no P-extension (PynqZ2Configs.scala:220 WithPExtOnTiles(0) names hart 0 only); this kernel's body is custom-0 throughout and holds no hart-1-executable alternative -- it would take an illegal instruction
1506,moonshine$dispatch_1506_linear_s8,,,1.272139920,ms,1272139.920,0,,board_measured_b1_scaled_by_measured_region_factor_0.5883,linear_s8,M=1;K=1152;N=288,50886,roccmoon_engine[curated],measured,
1507,moonshine$dispatch_1507_add_s8,,,1000000000,us,1000000000000,0,,excluded_impossible,add_s8,n=288,,,excluded_impossible,hart 1's tile has no P-extension (PynqZ2Configs.scala:220 WithPExtOnTiles(0) names hart 0 only); this kernel's body is custom-0 throughout and holds no hart-1-executable alternative -- it would take an illegal instruction
1508,moonshine$dispatch_1508_layernorm_s8,,,1000000000,us,1000000000000,0,,excluded_impossible,layernorm_s8,M=1;K=288,,,excluded_impossible,hart 1's tile has no P-extension (PynqZ2Configs.scala:220 WithPExtOnTiles(0) names hart 0 only); this kernel's body is custom-0 throughout and holds no hart-1-executable alternative -- it would take an illegal instruction
1509,moonshine$dispatch_1509_linear_s8,,,0.552634313,ms,552634.312,0,,board_measured_b1_scaled_by_measured_region_factor_0.5883,linear_s8,M=1;K=288;N=288,22105,roccmoon_engine[curated],measured,
1510,moonshine$dispatch_1510_rope_s8,,,1000000000,us,1000000000000,0,,excluded_impossible,rope_s8,T=1;H=8;D=36;R=32,,,excluded_impossible,hart 1's tile has no P-extension (PynqZ2Configs.scala:220 WithPExtOnTiles(0) names hart 0 only); this kernel's body is custom-0 throughout and holds no hart-1-executable alternative -- it would take an illegal instruction
1511,moonshine$dispatch_1511_linear_s8,,,0.552060720,ms,552060.720,0,,board_measured_b1_scaled_by_measured_region_factor_0.5883,linear_s8,M=1;K=288;N=288,22082,roccmoon_engine[curated],measured,
1512,moonshine$dispatch_1512_rope_s8,,,1000000000,us,1000000000000,0,,excluded_impossible,rope_s8,T=1;H=8;D=36;R=32,,,excluded_impossible,hart 1's tile has no P-extension (PynqZ2Configs.scala:220 WithPExtOnTiles(0) names hart 0 only); this kernel's body is custom-0 throughout and holds no hart-1-executable alternative -- it would take an illegal instruction
1513,moonshine$dispatch_1513_linear_s8,,,0.548060280,ms,548060.280,0,,board_measured_b1_scaled_by_measured_region_factor_0.5883,linear_s8,M=1;K=288;N=288,21922,roccmoon_engine[curated],measured,
1514,moonshine$dispatch_1514_cat2_c1_s8,,,1000000000,us,1000000000000,0,,excluded_impossible,cat2_c1_s8,N=1;H=288;W=1;C_inputs=7|1;C_total=8,,,excluded_impossible,hart 1's tile has no P-extension (PynqZ2Configs.scala:220 WithPExtOnTiles(0) names hart 0 only); this kernel's body is custom-0 throughout and holds no hart-1-executable alternative -- it would take an illegal instruction
1515,moonshine$dispatch_1515_cat2_c1_s8,,,1000000000,us,1000000000000,0,,excluded_impossible,cat2_c1_s8,N=1;H=288;W=1;C_inputs=7|1;C_total=8,,,excluded_impossible,hart 1's tile has no P-extension (PynqZ2Configs.scala:220 WithPExtOnTiles(0) names hart 0 only); this kernel's body is custom-0 throughout and holds no hart-1-executable alternative -- it would take an illegal instruction
1516,moonshine$dispatch_1516_permute4_s8,,,1000000000,us,1000000000000,0,,excluded_impossible,permute4_s8,d0=1;d1=8;d2=8;d3=36;p0=0;p1=2;p2=1;p3=3,,,excluded_impossible,hart 1's tile has no P-extension (PynqZ2Configs.scala:220 WithPExtOnTiles(0) names hart 0 only); this kernel's body is custom-0 throughout and holds no hart-1-executable alternative -- it would take an illegal instruction
1517,moonshine$dispatch_1517_permute4_s8,,,1000000000,us,1000000000000,0,,excluded_impossible,permute4_s8,d0=1;d1=8;d2=8;d3=36;p0=0;p1=2;p2=1;p3=3,,,excluded_impossible,hart 1's tile has no P-extension (PynqZ2Configs.scala:220 WithPExtOnTiles(0) names hart 0 only); this kernel's body is custom-0 throughout and holds no hart-1-executable alternative -- it would take an illegal instruction
1518,moonshine$dispatch_1518_matmul_b_s8,,,1000000000,us,1000000000000,0,,excluded_impossible,matmul_b_s8,B=8;M=1;K=36;N=8;transpose_b=1,,,excluded_impossible,hart 1's tile has no P-extension (PynqZ2Configs.scala:220 WithPExtOnTiles(0) names hart 0 only); this kernel's body is custom-0 throughout and holds no hart-1-executable alternative -- it would take an illegal instruction
1519,moonshine$dispatch_1519_softmax_s8,,,1000000000,us,1000000000000,0,,excluded_impossible,softmax_s8,M=8;K=8,,,excluded_impossible,hart 1's tile has no P-extension (PynqZ2Configs.scala:220 WithPExtOnTiles(0) names hart 0 only); this kernel's body is custom-0 throughout and holds no hart-1-executable alternative -- it would take an illegal instruction
1520,moonshine$dispatch_1520_matmul_b_s8,,,1000000000,us,1000000000000,0,,excluded_impossible,matmul_b_s8,B=8;M=1;K=8;N=36;transpose_b=0,,,excluded_impossible,hart 1's tile has no P-extension (PynqZ2Configs.scala:220 WithPExtOnTiles(0) names hart 0 only); this kernel's body is custom-0 throughout and holds no hart-1-executable alternative -- it would take an illegal instruction
1521,moonshine$dispatch_1521_linear_s8,,,0.581916945,ms,581916.945,0,,board_measured_b1_scaled_by_measured_region_factor_0.5883,linear_s8,M=1;K=288;N=288,23277,roccmoon_engine[curated],measured,
1522,moonshine$dispatch_1522_add_s8,,,1000000000,us,1000000000000,0,,excluded_impossible,add_s8,n=288,,,excluded_impossible,hart 1's tile has no P-extension (PynqZ2Configs.scala:220 WithPExtOnTiles(0) names hart 0 only); this kernel's body is custom-0 throughout and holds no hart-1-executable alternative -- it would take an illegal instruction
1523,moonshine$dispatch_1523_layernorm_s8,,,1000000000,us,1000000000000,0,,excluded_impossible,layernorm_s8,M=1;K=288,,,excluded_impossible,hart 1's tile has no P-extension (PynqZ2Configs.scala:220 WithPExtOnTiles(0) names hart 0 only); this kernel's body is custom-0 throughout and holds no hart-1-executable alternative -- it would take an illegal instruction
1524,moonshine$dispatch_1524_linear_s8,,,0.562444215,ms,562444.215,0,,board_measured_b1_scaled_by_measured_region_factor_0.5883,linear_s8,M=1;K=288;N=288,22498,roccmoon_engine[curated],measured,
1525,moonshine$dispatch_1525_matmul_b_s8,,,1000000000,us,1000000000000,0,,excluded_impossible,matmul_b_s8,B=8;M=1;K=36;N=165;transpose_b=1,,,excluded_impossible,hart 1's tile has no P-extension (PynqZ2Configs.scala:220 WithPExtOnTiles(0) names hart 0 only); this kernel's body is custom-0 throughout and holds no hart-1-executable alternative -- it would take an illegal instruction
1526,moonshine$dispatch_1526_softmax_s8,,,1000000000,us,1000000000000,0,,excluded_impossible,softmax_s8,M=8;K=165,,,excluded_impossible,hart 1's tile has no P-extension (PynqZ2Configs.scala:220 WithPExtOnTiles(0) names hart 0 only); this kernel's body is custom-0 throughout and holds no hart-1-executable alternative -- it would take an illegal instruction
1527,moonshine$dispatch_1527_matmul_b_s8,,,1000000000,us,1000000000000,0,,excluded_impossible,matmul_b_s8,B=8;M=1;K=165;N=36;transpose_b=1,,,excluded_impossible,hart 1's tile has no P-extension (PynqZ2Configs.scala:220 WithPExtOnTiles(0) names hart 0 only); this kernel's body is custom-0 throughout and holds no hart-1-executable alternative -- it would take an illegal instruction
1528,moonshine$dispatch_1528_linear_s8,,,0.587182230,ms,587182.230,0,,board_measured_b1_scaled_by_measured_region_factor_0.5883,linear_s8,M=1;K=288;N=288,23487,roccmoon_engine[curated],measured,
1529,moonshine$dispatch_1529_add_s8,,,1000000000,us,1000000000000,0,,excluded_impossible,add_s8,n=288,,,excluded_impossible,hart 1's tile has no P-extension (PynqZ2Configs.scala:220 WithPExtOnTiles(0) names hart 0 only); this kernel's body is custom-0 throughout and holds no hart-1-executable alternative -- it would take an illegal instruction
1530,moonshine$dispatch_1530_layernorm_s8,,,1000000000,us,1000000000000,0,,excluded_impossible,layernorm_s8,M=1;K=288,,,excluded_impossible,hart 1's tile has no P-extension (PynqZ2Configs.scala:220 WithPExtOnTiles(0) names hart 0 only); this kernel's body is custom-0 throughout and holds no hart-1-executable alternative -- it would take an illegal instruction
1531,moonshine$dispatch_1531_linear_s8,,,1.263124223,ms,1263124.223,0,,board_measured_b1_scaled_by_measured_region_factor_0.5883,linear_s8,M=1;K=288;N=1152,50525,roccmoon_engine[curated],measured,
1532,moonshine$dispatch_1532_silu_s8,,,1000000000,us,1000000000000,0,,excluded_impossible,silu_s8,n=1152,,,excluded_impossible,hart 1's tile has no P-extension (PynqZ2Configs.scala:220 WithPExtOnTiles(0) names hart 0 only); this kernel's body is custom-0 throughout and holds no hart-1-executable alternative -- it would take an illegal instruction
1533,moonshine$dispatch_1533_linear_s8,,,1.290436050,ms,1290436.050,0,,board_measured_b1_scaled_by_measured_region_factor_0.5883,linear_s8,M=1;K=288;N=1152,51617,roccmoon_engine[curated],measured,
1534,moonshine$dispatch_1534_mul_s8,,,1000000000,us,1000000000000,0,,excluded_impossible,mul_s8,n=1152,,,excluded_impossible,hart 1's tile has no P-extension (PynqZ2Configs.scala:220 WithPExtOnTiles(0) names hart 0 only); this kernel's body is custom-0 throughout and holds no hart-1-executable alternative -- it would take an illegal instruction
1535,moonshine$dispatch_1535_linear_s8,,,1.286567977,ms,1286567.977,0,,board_measured_b1_scaled_by_measured_region_factor_0.5883,linear_s8,M=1;K=1152;N=288,51463,roccmoon_engine[curated],measured,
1536,moonshine$dispatch_1536_add_s8,,,1000000000,us,1000000000000,0,,excluded_impossible,add_s8,n=288,,,excluded_impossible,hart 1's tile has no P-extension (PynqZ2Configs.scala:220 WithPExtOnTiles(0) names hart 0 only); this kernel's body is custom-0 throughout and holds no hart-1-executable alternative -- it would take an illegal instruction
1537,moonshine$dispatch_1537_layernorm_s8,,,1000000000,us,1000000000000,0,,excluded_impossible,layernorm_s8,M=1;K=288,,,excluded_impossible,hart 1's tile has no P-extension (PynqZ2Configs.scala:220 WithPExtOnTiles(0) names hart 0 only); this kernel's body is custom-0 throughout and holds no hart-1-executable alternative -- it would take an illegal instruction
1538,moonshine$dispatch_1538_linear_s8,,,14.245905113,ms,14245905.113,0,,board_measured_b1_scaled_by_measured_region_factor_0.5883,linear_s8,M=1;K=288;N=16384,569836,roccmoon_engine[curated],measured,
1539,moonshine$dispatch_1539_linear_s8,,,14.219343368,ms,14219343.368,0,,board_measured_b1_scaled_by_measured_region_factor_0.5883,linear_s8,M=1;K=288;N=16384,568774,roccmoon_engine[curated],measured,
1540,moonshine$dispatch_1540_cat2_c1_s8,,,1000000000,us,1000000000000,0,,excluded_impossible,cat2_c1_s8,N=1;H=1;W=1;C_inputs=16384|16384;C_total=32768,,,excluded_impossible,hart 1's tile has no P-extension (PynqZ2Configs.scala:220 WithPExtOnTiles(0) names hart 0 only); this kernel's body is custom-0 throughout and holds no hart-1-executable alternative -- it would take an illegal instruction
1541,moonshine$dispatch_1541_layernorm_s8,,,1000000000,us,1000000000000,0,,excluded_impossible,layernorm_s8,M=1;K=288,,,excluded_impossible,hart 1's tile has no P-extension (PynqZ2Configs.scala:220 WithPExtOnTiles(0) names hart 0 only); this kernel's body is custom-0 throughout and holds no hart-1-executable alternative -- it would take an illegal instruction
1542,moonshine$dispatch_1542_linear_s8,,,0.575651550,ms,575651.550,0,,board_measured_b1_scaled_by_measured_region_factor_0.5883,linear_s8,M=1;K=288;N=288,23026,roccmoon_engine[curated],measured,
1543,moonshine$dispatch_1543_rope_s8,,,1000000000,us,1000000000000,0,,excluded_impossible,rope_s8,T=1;H=8;D=36;R=32,,,excluded_impossible,hart 1's tile has no P-extension (PynqZ2Configs.scala:220 WithPExtOnTiles(0) names hart 0 only); this kernel's body is custom-0 throughout and holds no hart-1-executable alternative -- it would take an illegal instruction
1544,moonshine$dispatch_1544_linear_s8,,,0.537500295,ms,537500.295,0,,board_measured_b1_scaled_by_measured_region_factor_0.5883,linear_s8,M=1;K=288;N=288,21500,roccmoon_engine[curated],measured,
1545,moonshine$dispatch_1545_rope_s8,,,1000000000,us,1000000000000,0,,excluded_impossible,rope_s8,T=1;H=8;D=36;R=32,,,excluded_impossible,hart 1's tile has no P-extension (PynqZ2Configs.scala:220 WithPExtOnTiles(0) names hart 0 only); this kernel's body is custom-0 throughout and holds no hart-1-executable alternative -- it would take an illegal instruction
1546,moonshine$dispatch_1546_linear_s8,,,0.520013078,ms,520013.078,0,,board_measured_b1_scaled_by_measured_region_factor_0.5883,linear_s8,M=1;K=288;N=288,20801,roccmoon_engine[curated],measured,
1547,moonshine$dispatch_1547_cat2_c1_s8,,,1000000000,us,1000000000000,0,,excluded_impossible,cat2_c1_s8,N=1;H=288;W=1;C_inputs=8|1;C_total=9,,,excluded_impossible,hart 1's tile has no P-extension (PynqZ2Configs.scala:220 WithPExtOnTiles(0) names hart 0 only); this kernel's body is custom-0 throughout and holds no hart-1-executable alternative -- it would take an illegal instruction
1548,moonshine$dispatch_1548_cat2_c1_s8,,,1000000000,us,1000000000000,0,,excluded_impossible,cat2_c1_s8,N=1;H=288;W=1;C_inputs=8|1;C_total=9,,,excluded_impossible,hart 1's tile has no P-extension (PynqZ2Configs.scala:220 WithPExtOnTiles(0) names hart 0 only); this kernel's body is custom-0 throughout and holds no hart-1-executable alternative -- it would take an illegal instruction
1549,moonshine$dispatch_1549_permute4_s8,,,1000000000,us,1000000000000,0,,excluded_impossible,permute4_s8,d0=1;d1=9;d2=8;d3=36;p0=0;p1=2;p2=1;p3=3,,,excluded_impossible,hart 1's tile has no P-extension (PynqZ2Configs.scala:220 WithPExtOnTiles(0) names hart 0 only); this kernel's body is custom-0 throughout and holds no hart-1-executable alternative -- it would take an illegal instruction
1550,moonshine$dispatch_1550_permute4_s8,,,1000000000,us,1000000000000,0,,excluded_impossible,permute4_s8,d0=1;d1=9;d2=8;d3=36;p0=0;p1=2;p2=1;p3=3,,,excluded_impossible,hart 1's tile has no P-extension (PynqZ2Configs.scala:220 WithPExtOnTiles(0) names hart 0 only); this kernel's body is custom-0 throughout and holds no hart-1-executable alternative -- it would take an illegal instruction
1551,moonshine$dispatch_1551_matmul_b_s8,,,1000000000,us,1000000000000,0,,excluded_impossible,matmul_b_s8,B=8;M=1;K=36;N=9;transpose_b=1,,,excluded_impossible,hart 1's tile has no P-extension (PynqZ2Configs.scala:220 WithPExtOnTiles(0) names hart 0 only); this kernel's body is custom-0 throughout and holds no hart-1-executable alternative -- it would take an illegal instruction
1552,moonshine$dispatch_1552_softmax_s8,,,1000000000,us,1000000000000,0,,excluded_impossible,softmax_s8,M=8;K=9,,,excluded_impossible,hart 1's tile has no P-extension (PynqZ2Configs.scala:220 WithPExtOnTiles(0) names hart 0 only); this kernel's body is custom-0 throughout and holds no hart-1-executable alternative -- it would take an illegal instruction
1553,moonshine$dispatch_1553_matmul_b_s8,,,1000000000,us,1000000000000,0,,excluded_impossible,matmul_b_s8,B=8;M=1;K=9;N=36;transpose_b=0,,,excluded_impossible,hart 1's tile has no P-extension (PynqZ2Configs.scala:220 WithPExtOnTiles(0) names hart 0 only); this kernel's body is custom-0 throughout and holds no hart-1-executable alternative -- it would take an illegal instruction
1554,moonshine$dispatch_1554_linear_s8,,,0.563179590,ms,563179.590,0,,board_measured_b1_scaled_by_measured_region_factor_0.5883,linear_s8,M=1;K=288;N=288,22527,roccmoon_engine[curated],measured,
1555,moonshine$dispatch_1555_add_s8,,,1000000000,us,1000000000000,0,,excluded_impossible,add_s8,n=288,,,excluded_impossible,hart 1's tile has no P-extension (PynqZ2Configs.scala:220 WithPExtOnTiles(0) names hart 0 only); this kernel's body is custom-0 throughout and holds no hart-1-executable alternative -- it would take an illegal instruction
1556,moonshine$dispatch_1556_layernorm_s8,,,1000000000,us,1000000000000,0,,excluded_impossible,layernorm_s8,M=1;K=288,,,excluded_impossible,hart 1's tile has no P-extension (PynqZ2Configs.scala:220 WithPExtOnTiles(0) names hart 0 only); this kernel's body is custom-0 throughout and holds no hart-1-executable alternative -- it would take an illegal instruction
1557,moonshine$dispatch_1557_linear_s8,,,0.529367048,ms,529367.048,0,,board_measured_b1_scaled_by_measured_region_factor_0.5883,linear_s8,M=1;K=288;N=288,21175,roccmoon_engine[curated],measured,
1558,moonshine$dispatch_1558_matmul_b_s8,,,1000000000,us,1000000000000,0,,excluded_impossible,matmul_b_s8,B=8;M=1;K=36;N=165;transpose_b=1,,,excluded_impossible,hart 1's tile has no P-extension (PynqZ2Configs.scala:220 WithPExtOnTiles(0) names hart 0 only); this kernel's body is custom-0 throughout and holds no hart-1-executable alternative -- it would take an illegal instruction
1559,moonshine$dispatch_1559_softmax_s8,,,1000000000,us,1000000000000,0,,excluded_impossible,softmax_s8,M=8;K=165,,,excluded_impossible,hart 1's tile has no P-extension (PynqZ2Configs.scala:220 WithPExtOnTiles(0) names hart 0 only); this kernel's body is custom-0 throughout and holds no hart-1-executable alternative -- it would take an illegal instruction
1560,moonshine$dispatch_1560_matmul_b_s8,,,1000000000,us,1000000000000,0,,excluded_impossible,matmul_b_s8,B=8;M=1;K=165;N=36;transpose_b=1,,,excluded_impossible,hart 1's tile has no P-extension (PynqZ2Configs.scala:220 WithPExtOnTiles(0) names hart 0 only); this kernel's body is custom-0 throughout and holds no hart-1-executable alternative -- it would take an illegal instruction
1561,moonshine$dispatch_1561_linear_s8,,,0.564017917,ms,564017.917,0,,board_measured_b1_scaled_by_measured_region_factor_0.5883,linear_s8,M=1;K=288;N=288,22561,roccmoon_engine[curated],measured,
1562,moonshine$dispatch_1562_add_s8,,,1000000000,us,1000000000000,0,,excluded_impossible,add_s8,n=288,,,excluded_impossible,hart 1's tile has no P-extension (PynqZ2Configs.scala:220 WithPExtOnTiles(0) names hart 0 only); this kernel's body is custom-0 throughout and holds no hart-1-executable alternative -- it would take an illegal instruction
1563,moonshine$dispatch_1563_layernorm_s8,,,1000000000,us,1000000000000,0,,excluded_impossible,layernorm_s8,M=1;K=288,,,excluded_impossible,hart 1's tile has no P-extension (PynqZ2Configs.scala:220 WithPExtOnTiles(0) names hart 0 only); this kernel's body is custom-0 throughout and holds no hart-1-executable alternative -- it would take an illegal instruction
1564,moonshine$dispatch_1564_linear_s8,,,1.249637445,ms,1249637.445,0,,board_measured_b1_scaled_by_measured_region_factor_0.5883,linear_s8,M=1;K=288;N=1152,49985,roccmoon_engine[curated],measured,
1565,moonshine$dispatch_1565_silu_s8,,,1000000000,us,1000000000000,0,,excluded_impossible,silu_s8,n=1152,,,excluded_impossible,hart 1's tile has no P-extension (PynqZ2Configs.scala:220 WithPExtOnTiles(0) names hart 0 only); this kernel's body is custom-0 throughout and holds no hart-1-executable alternative -- it would take an illegal instruction
1566,moonshine$dispatch_1566_linear_s8,,,1.239974617,ms,1239974.617,0,,board_measured_b1_scaled_by_measured_region_factor_0.5883,linear_s8,M=1;K=288;N=1152,49599,roccmoon_engine[curated],measured,
1567,moonshine$dispatch_1567_mul_s8,,,1000000000,us,1000000000000,0,,excluded_impossible,mul_s8,n=1152,,,excluded_impossible,hart 1's tile has no P-extension (PynqZ2Configs.scala:220 WithPExtOnTiles(0) names hart 0 only); this kernel's body is custom-0 throughout and holds no hart-1-executable alternative -- it would take an illegal instruction
1568,moonshine$dispatch_1568_linear_s8,,,1.249299173,ms,1249299.173,0,,board_measured_b1_scaled_by_measured_region_factor_0.5883,linear_s8,M=1;K=1152;N=288,49972,roccmoon_engine[curated],measured,
1569,moonshine$dispatch_1569_add_s8,,,1000000000,us,1000000000000,0,,excluded_impossible,add_s8,n=288,,,excluded_impossible,hart 1's tile has no P-extension (PynqZ2Configs.scala:220 WithPExtOnTiles(0) names hart 0 only); this kernel's body is custom-0 throughout and holds no hart-1-executable alternative -- it would take an illegal instruction
1570,moonshine$dispatch_1570_layernorm_s8,,,1000000000,us,1000000000000,0,,excluded_impossible,layernorm_s8,M=1;K=288,,,excluded_impossible,hart 1's tile has no P-extension (PynqZ2Configs.scala:220 WithPExtOnTiles(0) names hart 0 only); this kernel's body is custom-0 throughout and holds no hart-1-executable alternative -- it would take an illegal instruction
1571,moonshine$dispatch_1571_linear_s8,,,0.530778967,ms,530778.968,0,,board_measured_b1_scaled_by_measured_region_factor_0.5883,linear_s8,M=1;K=288;N=288,21231,roccmoon_engine[curated],measured,
1572,moonshine$dispatch_1572_rope_s8,,,1000000000,us,1000000000000,0,,excluded_impossible,rope_s8,T=1;H=8;D=36;R=32,,,excluded_impossible,hart 1's tile has no P-extension (PynqZ2Configs.scala:220 WithPExtOnTiles(0) names hart 0 only); this kernel's body is custom-0 throughout and holds no hart-1-executable alternative -- it would take an illegal instruction
1573,moonshine$dispatch_1573_linear_s8,,,0.535691273,ms,535691.273,0,,board_measured_b1_scaled_by_measured_region_factor_0.5883,linear_s8,M=1;K=288;N=288,21428,roccmoon_engine[curated],measured,
1574,moonshine$dispatch_1574_rope_s8,,,1000000000,us,1000000000000,0,,excluded_impossible,rope_s8,T=1;H=8;D=36;R=32,,,excluded_impossible,hart 1's tile has no P-extension (PynqZ2Configs.scala:220 WithPExtOnTiles(0) names hart 0 only); this kernel's body is custom-0 throughout and holds no hart-1-executable alternative -- it would take an illegal instruction
1575,moonshine$dispatch_1575_linear_s8,,,0.527249168,ms,527249.168,0,,board_measured_b1_scaled_by_measured_region_factor_0.5883,linear_s8,M=1;K=288;N=288,21090,roccmoon_engine[curated],measured,
1576,moonshine$dispatch_1576_cat2_c1_s8,,,1000000000,us,1000000000000,0,,excluded_impossible,cat2_c1_s8,N=1;H=288;W=1;C_inputs=8|1;C_total=9,,,excluded_impossible,hart 1's tile has no P-extension (PynqZ2Configs.scala:220 WithPExtOnTiles(0) names hart 0 only); this kernel's body is custom-0 throughout and holds no hart-1-executable alternative -- it would take an illegal instruction
1577,moonshine$dispatch_1577_cat2_c1_s8,,,1000000000,us,1000000000000,0,,excluded_impossible,cat2_c1_s8,N=1;H=288;W=1;C_inputs=8|1;C_total=9,,,excluded_impossible,hart 1's tile has no P-extension (PynqZ2Configs.scala:220 WithPExtOnTiles(0) names hart 0 only); this kernel's body is custom-0 throughout and holds no hart-1-executable alternative -- it would take an illegal instruction
1578,moonshine$dispatch_1578_permute4_s8,,,1000000000,us,1000000000000,0,,excluded_impossible,permute4_s8,d0=1;d1=9;d2=8;d3=36;p0=0;p1=2;p2=1;p3=3,,,excluded_impossible,hart 1's tile has no P-extension (PynqZ2Configs.scala:220 WithPExtOnTiles(0) names hart 0 only); this kernel's body is custom-0 throughout and holds no hart-1-executable alternative -- it would take an illegal instruction
1579,moonshine$dispatch_1579_permute4_s8,,,1000000000,us,1000000000000,0,,excluded_impossible,permute4_s8,d0=1;d1=9;d2=8;d3=36;p0=0;p1=2;p2=1;p3=3,,,excluded_impossible,hart 1's tile has no P-extension (PynqZ2Configs.scala:220 WithPExtOnTiles(0) names hart 0 only); this kernel's body is custom-0 throughout and holds no hart-1-executable alternative -- it would take an illegal instruction
1580,moonshine$dispatch_1580_matmul_b_s8,,,1000000000,us,1000000000000,0,,excluded_impossible,matmul_b_s8,B=8;M=1;K=36;N=9;transpose_b=1,,,excluded_impossible,hart 1's tile has no P-extension (PynqZ2Configs.scala:220 WithPExtOnTiles(0) names hart 0 only); this kernel's body is custom-0 throughout and holds no hart-1-executable alternative -- it would take an illegal instruction
1581,moonshine$dispatch_1581_softmax_s8,,,1000000000,us,1000000000000,0,,excluded_impossible,softmax_s8,M=8;K=9,,,excluded_impossible,hart 1's tile has no P-extension (PynqZ2Configs.scala:220 WithPExtOnTiles(0) names hart 0 only); this kernel's body is custom-0 throughout and holds no hart-1-executable alternative -- it would take an illegal instruction
1582,moonshine$dispatch_1582_matmul_b_s8,,,1000000000,us,1000000000000,0,,excluded_impossible,matmul_b_s8,B=8;M=1;K=9;N=36;transpose_b=0,,,excluded_impossible,hart 1's tile has no P-extension (PynqZ2Configs.scala:220 WithPExtOnTiles(0) names hart 0 only); this kernel's body is custom-0 throughout and holds no hart-1-executable alternative -- it would take an illegal instruction
1583,moonshine$dispatch_1583_linear_s8,,,0.561752963,ms,561752.963,0,,board_measured_b1_scaled_by_measured_region_factor_0.5883,linear_s8,M=1;K=288;N=288,22470,roccmoon_engine[curated],measured,
1584,moonshine$dispatch_1584_add_s8,,,1000000000,us,1000000000000,0,,excluded_impossible,add_s8,n=288,,,excluded_impossible,hart 1's tile has no P-extension (PynqZ2Configs.scala:220 WithPExtOnTiles(0) names hart 0 only); this kernel's body is custom-0 throughout and holds no hart-1-executable alternative -- it would take an illegal instruction
1585,moonshine$dispatch_1585_layernorm_s8,,,1000000000,us,1000000000000,0,,excluded_impossible,layernorm_s8,M=1;K=288,,,excluded_impossible,hart 1's tile has no P-extension (PynqZ2Configs.scala:220 WithPExtOnTiles(0) names hart 0 only); this kernel's body is custom-0 throughout and holds no hart-1-executable alternative -- it would take an illegal instruction
1586,moonshine$dispatch_1586_linear_s8,,,0.529043482,ms,529043.483,0,,board_measured_b1_scaled_by_measured_region_factor_0.5883,linear_s8,M=1;K=288;N=288,21162,roccmoon_engine[curated],measured,
1587,moonshine$dispatch_1587_matmul_b_s8,,,1000000000,us,1000000000000,0,,excluded_impossible,matmul_b_s8,B=8;M=1;K=36;N=165;transpose_b=1,,,excluded_impossible,hart 1's tile has no P-extension (PynqZ2Configs.scala:220 WithPExtOnTiles(0) names hart 0 only); this kernel's body is custom-0 throughout and holds no hart-1-executable alternative -- it would take an illegal instruction
1588,moonshine$dispatch_1588_softmax_s8,,,1000000000,us,1000000000000,0,,excluded_impossible,softmax_s8,M=8;K=165,,,excluded_impossible,hart 1's tile has no P-extension (PynqZ2Configs.scala:220 WithPExtOnTiles(0) names hart 0 only); this kernel's body is custom-0 throughout and holds no hart-1-executable alternative -- it would take an illegal instruction
1589,moonshine$dispatch_1589_matmul_b_s8,,,1000000000,us,1000000000000,0,,excluded_impossible,matmul_b_s8,B=8;M=1;K=165;N=36;transpose_b=1,,,excluded_impossible,hart 1's tile has no P-extension (PynqZ2Configs.scala:220 WithPExtOnTiles(0) names hart 0 only); this kernel's body is custom-0 throughout and holds no hart-1-executable alternative -- it would take an illegal instruction
1590,moonshine$dispatch_1590_linear_s8,,,0.562650120,ms,562650.120,0,,board_measured_b1_scaled_by_measured_region_factor_0.5883,linear_s8,M=1;K=288;N=288,22506,roccmoon_engine[curated],measured,
1591,moonshine$dispatch_1591_add_s8,,,1000000000,us,1000000000000,0,,excluded_impossible,add_s8,n=288,,,excluded_impossible,hart 1's tile has no P-extension (PynqZ2Configs.scala:220 WithPExtOnTiles(0) names hart 0 only); this kernel's body is custom-0 throughout and holds no hart-1-executable alternative -- it would take an illegal instruction
1592,moonshine$dispatch_1592_layernorm_s8,,,1000000000,us,1000000000000,0,,excluded_impossible,layernorm_s8,M=1;K=288,,,excluded_impossible,hart 1's tile has no P-extension (PynqZ2Configs.scala:220 WithPExtOnTiles(0) names hart 0 only); this kernel's body is custom-0 throughout and holds no hart-1-executable alternative -- it would take an illegal instruction
1593,moonshine$dispatch_1593_linear_s8,,,1.238062643,ms,1238062.643,0,,board_measured_b1_scaled_by_measured_region_factor_0.5883,linear_s8,M=1;K=288;N=1152,49523,roccmoon_engine[curated],measured,
1594,moonshine$dispatch_1594_silu_s8,,,1000000000,us,1000000000000,0,,excluded_impossible,silu_s8,n=1152,,,excluded_impossible,hart 1's tile has no P-extension (PynqZ2Configs.scala:220 WithPExtOnTiles(0) names hart 0 only); this kernel's body is custom-0 throughout and holds no hart-1-executable alternative -- it would take an illegal instruction
1595,moonshine$dispatch_1595_linear_s8,,,1.237533173,ms,1237533.173,0,,board_measured_b1_scaled_by_measured_region_factor_0.5883,linear_s8,M=1;K=288;N=1152,49501,roccmoon_engine[curated],measured,
1596,moonshine$dispatch_1596_mul_s8,,,1000000000,us,1000000000000,0,,excluded_impossible,mul_s8,n=1152,,,excluded_impossible,hart 1's tile has no P-extension (PynqZ2Configs.scala:220 WithPExtOnTiles(0) names hart 0 only); this kernel's body is custom-0 throughout and holds no hart-1-executable alternative -- it would take an illegal instruction
1597,moonshine$dispatch_1597_linear_s8,,,1.260947513,ms,1260947.512,0,,board_measured_b1_scaled_by_measured_region_factor_0.5883,linear_s8,M=1;K=1152;N=288,50438,roccmoon_engine[curated],measured,
1598,moonshine$dispatch_1598_add_s8,,,1000000000,us,1000000000000,0,,excluded_impossible,add_s8,n=288,,,excluded_impossible,hart 1's tile has no P-extension (PynqZ2Configs.scala:220 WithPExtOnTiles(0) names hart 0 only); this kernel's body is custom-0 throughout and holds no hart-1-executable alternative -- it would take an illegal instruction
1599,moonshine$dispatch_1599_layernorm_s8,,,1000000000,us,1000000000000,0,,excluded_impossible,layernorm_s8,M=1;K=288,,,excluded_impossible,hart 1's tile has no P-extension (PynqZ2Configs.scala:220 WithPExtOnTiles(0) names hart 0 only); this kernel's body is custom-0 throughout and holds no hart-1-executable alternative -- it would take an illegal instruction
1600,moonshine$dispatch_1600_linear_s8,,,0.534676455,ms,534676.455,0,,board_measured_b1_scaled_by_measured_region_factor_0.5883,linear_s8,M=1;K=288;N=288,21387,roccmoon_engine[curated],measured,
1601,moonshine$dispatch_1601_rope_s8,,,1000000000,us,1000000000000,0,,excluded_impossible,rope_s8,T=1;H=8;D=36;R=32,,,excluded_impossible,hart 1's tile has no P-extension (PynqZ2Configs.scala:220 WithPExtOnTiles(0) names hart 0 only); this kernel's body is custom-0 throughout and holds no hart-1-executable alternative -- it would take an illegal instruction
1602,moonshine$dispatch_1602_linear_s8,,,0.529911225,ms,529911.225,0,,board_measured_b1_scaled_by_measured_region_factor_0.5883,linear_s8,M=1;K=288;N=288,21196,roccmoon_engine[curated],measured,
1603,moonshine$dispatch_1603_rope_s8,,,1000000000,us,1000000000000,0,,excluded_impossible,rope_s8,T=1;H=8;D=36;R=32,,,excluded_impossible,hart 1's tile has no P-extension (PynqZ2Configs.scala:220 WithPExtOnTiles(0) names hart 0 only); this kernel's body is custom-0 throughout and holds no hart-1-executable alternative -- it would take an illegal instruction
1604,moonshine$dispatch_1604_linear_s8,,,0.534970605,ms,534970.605,0,,board_measured_b1_scaled_by_measured_region_factor_0.5883,linear_s8,M=1;K=288;N=288,21399,roccmoon_engine[curated],measured,
1605,moonshine$dispatch_1605_cat2_c1_s8,,,1000000000,us,1000000000000,0,,excluded_impossible,cat2_c1_s8,N=1;H=288;W=1;C_inputs=8|1;C_total=9,,,excluded_impossible,hart 1's tile has no P-extension (PynqZ2Configs.scala:220 WithPExtOnTiles(0) names hart 0 only); this kernel's body is custom-0 throughout and holds no hart-1-executable alternative -- it would take an illegal instruction
1606,moonshine$dispatch_1606_cat2_c1_s8,,,1000000000,us,1000000000000,0,,excluded_impossible,cat2_c1_s8,N=1;H=288;W=1;C_inputs=8|1;C_total=9,,,excluded_impossible,hart 1's tile has no P-extension (PynqZ2Configs.scala:220 WithPExtOnTiles(0) names hart 0 only); this kernel's body is custom-0 throughout and holds no hart-1-executable alternative -- it would take an illegal instruction
1607,moonshine$dispatch_1607_permute4_s8,,,1000000000,us,1000000000000,0,,excluded_impossible,permute4_s8,d0=1;d1=9;d2=8;d3=36;p0=0;p1=2;p2=1;p3=3,,,excluded_impossible,hart 1's tile has no P-extension (PynqZ2Configs.scala:220 WithPExtOnTiles(0) names hart 0 only); this kernel's body is custom-0 throughout and holds no hart-1-executable alternative -- it would take an illegal instruction
1608,moonshine$dispatch_1608_permute4_s8,,,1000000000,us,1000000000000,0,,excluded_impossible,permute4_s8,d0=1;d1=9;d2=8;d3=36;p0=0;p1=2;p2=1;p3=3,,,excluded_impossible,hart 1's tile has no P-extension (PynqZ2Configs.scala:220 WithPExtOnTiles(0) names hart 0 only); this kernel's body is custom-0 throughout and holds no hart-1-executable alternative -- it would take an illegal instruction
1609,moonshine$dispatch_1609_matmul_b_s8,,,1000000000,us,1000000000000,0,,excluded_impossible,matmul_b_s8,B=8;M=1;K=36;N=9;transpose_b=1,,,excluded_impossible,hart 1's tile has no P-extension (PynqZ2Configs.scala:220 WithPExtOnTiles(0) names hart 0 only); this kernel's body is custom-0 throughout and holds no hart-1-executable alternative -- it would take an illegal instruction
1610,moonshine$dispatch_1610_softmax_s8,,,1000000000,us,1000000000000,0,,excluded_impossible,softmax_s8,M=8;K=9,,,excluded_impossible,hart 1's tile has no P-extension (PynqZ2Configs.scala:220 WithPExtOnTiles(0) names hart 0 only); this kernel's body is custom-0 throughout and holds no hart-1-executable alternative -- it would take an illegal instruction
1611,moonshine$dispatch_1611_matmul_b_s8,,,1000000000,us,1000000000000,0,,excluded_impossible,matmul_b_s8,B=8;M=1;K=9;N=36;transpose_b=0,,,excluded_impossible,hart 1's tile has no P-extension (PynqZ2Configs.scala:220 WithPExtOnTiles(0) names hart 0 only); this kernel's body is custom-0 throughout and holds no hart-1-executable alternative -- it would take an illegal instruction
1612,moonshine$dispatch_1612_linear_s8,,,0.570342143,ms,570342.143,0,,board_measured_b1_scaled_by_measured_region_factor_0.5883,linear_s8,M=1;K=288;N=288,22814,roccmoon_engine[curated],measured,
1613,moonshine$dispatch_1613_add_s8,,,1000000000,us,1000000000000,0,,excluded_impossible,add_s8,n=288,,,excluded_impossible,hart 1's tile has no P-extension (PynqZ2Configs.scala:220 WithPExtOnTiles(0) names hart 0 only); this kernel's body is custom-0 throughout and holds no hart-1-executable alternative -- it would take an illegal instruction
1614,moonshine$dispatch_1614_layernorm_s8,,,1000000000,us,1000000000000,0,,excluded_impossible,layernorm_s8,M=1;K=288,,,excluded_impossible,hart 1's tile has no P-extension (PynqZ2Configs.scala:220 WithPExtOnTiles(0) names hart 0 only); this kernel's body is custom-0 throughout and holds no hart-1-executable alternative -- it would take an illegal instruction
1615,moonshine$dispatch_1615_linear_s8,,,0.535985423,ms,535985.422,0,,board_measured_b1_scaled_by_measured_region_factor_0.5883,linear_s8,M=1;K=288;N=288,21439,roccmoon_engine[curated],measured,
1616,moonshine$dispatch_1616_matmul_b_s8,,,1000000000,us,1000000000000,0,,excluded_impossible,matmul_b_s8,B=8;M=1;K=36;N=165;transpose_b=1,,,excluded_impossible,hart 1's tile has no P-extension (PynqZ2Configs.scala:220 WithPExtOnTiles(0) names hart 0 only); this kernel's body is custom-0 throughout and holds no hart-1-executable alternative -- it would take an illegal instruction
1617,moonshine$dispatch_1617_softmax_s8,,,1000000000,us,1000000000000,0,,excluded_impossible,softmax_s8,M=8;K=165,,,excluded_impossible,hart 1's tile has no P-extension (PynqZ2Configs.scala:220 WithPExtOnTiles(0) names hart 0 only); this kernel's body is custom-0 throughout and holds no hart-1-executable alternative -- it would take an illegal instruction
1618,moonshine$dispatch_1618_matmul_b_s8,,,1000000000,us,1000000000000,0,,excluded_impossible,matmul_b_s8,B=8;M=1;K=165;N=36;transpose_b=1,,,excluded_impossible,hart 1's tile has no P-extension (PynqZ2Configs.scala:220 WithPExtOnTiles(0) names hart 0 only); this kernel's body is custom-0 throughout and holds no hart-1-executable alternative -- it would take an illegal instruction
1619,moonshine$dispatch_1619_linear_s8,,,0.571901137,ms,571901.137,0,,board_measured_b1_scaled_by_measured_region_factor_0.5883,linear_s8,M=1;K=288;N=288,22876,roccmoon_engine[curated],measured,
1620,moonshine$dispatch_1620_add_s8,,,1000000000,us,1000000000000,0,,excluded_impossible,add_s8,n=288,,,excluded_impossible,hart 1's tile has no P-extension (PynqZ2Configs.scala:220 WithPExtOnTiles(0) names hart 0 only); this kernel's body is custom-0 throughout and holds no hart-1-executable alternative -- it would take an illegal instruction
1621,moonshine$dispatch_1621_layernorm_s8,,,1000000000,us,1000000000000,0,,excluded_impossible,layernorm_s8,M=1;K=288,,,excluded_impossible,hart 1's tile has no P-extension (PynqZ2Configs.scala:220 WithPExtOnTiles(0) names hart 0 only); this kernel's body is custom-0 throughout and holds no hart-1-executable alternative -- it would take an illegal instruction
1622,moonshine$dispatch_1622_linear_s8,,,1.259682667,ms,1259682.667,0,,board_measured_b1_scaled_by_measured_region_factor_0.5883,linear_s8,M=1;K=288;N=1152,50387,roccmoon_engine[curated],measured,
1623,moonshine$dispatch_1623_silu_s8,,,1000000000,us,1000000000000,0,,excluded_impossible,silu_s8,n=1152,,,excluded_impossible,hart 1's tile has no P-extension (PynqZ2Configs.scala:220 WithPExtOnTiles(0) names hart 0 only); this kernel's body is custom-0 throughout and holds no hart-1-executable alternative -- it would take an illegal instruction
1624,moonshine$dispatch_1624_linear_s8,,,1.271742818,ms,1271742.818,0,,board_measured_b1_scaled_by_measured_region_factor_0.5883,linear_s8,M=1;K=288;N=1152,50870,roccmoon_engine[curated],measured,
1625,moonshine$dispatch_1625_mul_s8,,,1000000000,us,1000000000000,0,,excluded_impossible,mul_s8,n=1152,,,excluded_impossible,hart 1's tile has no P-extension (PynqZ2Configs.scala:220 WithPExtOnTiles(0) names hart 0 only); this kernel's body is custom-0 throughout and holds no hart-1-executable alternative -- it would take an illegal instruction
1626,moonshine$dispatch_1626_linear_s8,,,1.280287875,ms,1280287.875,0,,board_measured_b1_scaled_by_measured_region_factor_0.5883,linear_s8,M=1;K=1152;N=288,51212,roccmoon_engine[curated],measured,
1627,moonshine$dispatch_1627_add_s8,,,1000000000,us,1000000000000,0,,excluded_impossible,add_s8,n=288,,,excluded_impossible,hart 1's tile has no P-extension (PynqZ2Configs.scala:220 WithPExtOnTiles(0) names hart 0 only); this kernel's body is custom-0 throughout and holds no hart-1-executable alternative -- it would take an illegal instruction
1628,moonshine$dispatch_1628_layernorm_s8,,,1000000000,us,1000000000000,0,,excluded_impossible,layernorm_s8,M=1;K=288,,,excluded_impossible,hart 1's tile has no P-extension (PynqZ2Configs.scala:220 WithPExtOnTiles(0) names hart 0 only); this kernel's body is custom-0 throughout and holds no hart-1-executable alternative -- it would take an illegal instruction
1629,moonshine$dispatch_1629_linear_s8,,,0.544192207,ms,544192.208,0,,board_measured_b1_scaled_by_measured_region_factor_0.5883,linear_s8,M=1;K=288;N=288,21768,roccmoon_engine[curated],measured,
1630,moonshine$dispatch_1630_rope_s8,,,1000000000,us,1000000000000,0,,excluded_impossible,rope_s8,T=1;H=8;D=36;R=32,,,excluded_impossible,hart 1's tile has no P-extension (PynqZ2Configs.scala:220 WithPExtOnTiles(0) names hart 0 only); this kernel's body is custom-0 throughout and holds no hart-1-executable alternative -- it would take an illegal instruction
1631,moonshine$dispatch_1631_linear_s8,,,0.540015278,ms,540015.277,0,,board_measured_b1_scaled_by_measured_region_factor_0.5883,linear_s8,M=1;K=288;N=288,21601,roccmoon_engine[curated],measured,
1632,moonshine$dispatch_1632_rope_s8,,,1000000000,us,1000000000000,0,,excluded_impossible,rope_s8,T=1;H=8;D=36;R=32,,,excluded_impossible,hart 1's tile has no P-extension (PynqZ2Configs.scala:220 WithPExtOnTiles(0) names hart 0 only); this kernel's body is custom-0 throughout and holds no hart-1-executable alternative -- it would take an illegal instruction
1633,moonshine$dispatch_1633_linear_s8,,,0.538353330,ms,538353.330,0,,board_measured_b1_scaled_by_measured_region_factor_0.5883,linear_s8,M=1;K=288;N=288,21534,roccmoon_engine[curated],measured,
1634,moonshine$dispatch_1634_cat2_c1_s8,,,1000000000,us,1000000000000,0,,excluded_impossible,cat2_c1_s8,N=1;H=288;W=1;C_inputs=8|1;C_total=9,,,excluded_impossible,hart 1's tile has no P-extension (PynqZ2Configs.scala:220 WithPExtOnTiles(0) names hart 0 only); this kernel's body is custom-0 throughout and holds no hart-1-executable alternative -- it would take an illegal instruction
1635,moonshine$dispatch_1635_cat2_c1_s8,,,1000000000,us,1000000000000,0,,excluded_impossible,cat2_c1_s8,N=1;H=288;W=1;C_inputs=8|1;C_total=9,,,excluded_impossible,hart 1's tile has no P-extension (PynqZ2Configs.scala:220 WithPExtOnTiles(0) names hart 0 only); this kernel's body is custom-0 throughout and holds no hart-1-executable alternative -- it would take an illegal instruction
1636,moonshine$dispatch_1636_permute4_s8,,,1000000000,us,1000000000000,0,,excluded_impossible,permute4_s8,d0=1;d1=9;d2=8;d3=36;p0=0;p1=2;p2=1;p3=3,,,excluded_impossible,hart 1's tile has no P-extension (PynqZ2Configs.scala:220 WithPExtOnTiles(0) names hart 0 only); this kernel's body is custom-0 throughout and holds no hart-1-executable alternative -- it would take an illegal instruction
1637,moonshine$dispatch_1637_permute4_s8,,,1000000000,us,1000000000000,0,,excluded_impossible,permute4_s8,d0=1;d1=9;d2=8;d3=36;p0=0;p1=2;p2=1;p3=3,,,excluded_impossible,hart 1's tile has no P-extension (PynqZ2Configs.scala:220 WithPExtOnTiles(0) names hart 0 only); this kernel's body is custom-0 throughout and holds no hart-1-executable alternative -- it would take an illegal instruction
1638,moonshine$dispatch_1638_matmul_b_s8,,,1000000000,us,1000000000000,0,,excluded_impossible,matmul_b_s8,B=8;M=1;K=36;N=9;transpose_b=1,,,excluded_impossible,hart 1's tile has no P-extension (PynqZ2Configs.scala:220 WithPExtOnTiles(0) names hart 0 only); this kernel's body is custom-0 throughout and holds no hart-1-executable alternative -- it would take an illegal instruction
1639,moonshine$dispatch_1639_softmax_s8,,,1000000000,us,1000000000000,0,,excluded_impossible,softmax_s8,M=8;K=9,,,excluded_impossible,hart 1's tile has no P-extension (PynqZ2Configs.scala:220 WithPExtOnTiles(0) names hart 0 only); this kernel's body is custom-0 throughout and holds no hart-1-executable alternative -- it would take an illegal instruction
1640,moonshine$dispatch_1640_matmul_b_s8,,,1000000000,us,1000000000000,0,,excluded_impossible,matmul_b_s8,B=8;M=1;K=9;N=36;transpose_b=0,,,excluded_impossible,hart 1's tile has no P-extension (PynqZ2Configs.scala:220 WithPExtOnTiles(0) names hart 0 only); this kernel's body is custom-0 throughout and holds no hart-1-executable alternative -- it would take an illegal instruction
1641,moonshine$dispatch_1641_linear_s8,,,0.574386705,ms,574386.705,0,,board_measured_b1_scaled_by_measured_region_factor_0.5883,linear_s8,M=1;K=288;N=288,22975,roccmoon_engine[curated],measured,
1642,moonshine$dispatch_1642_add_s8,,,1000000000,us,1000000000000,0,,excluded_impossible,add_s8,n=288,,,excluded_impossible,hart 1's tile has no P-extension (PynqZ2Configs.scala:220 WithPExtOnTiles(0) names hart 0 only); this kernel's body is custom-0 throughout and holds no hart-1-executable alternative -- it would take an illegal instruction
1643,moonshine$dispatch_1643_layernorm_s8,,,1000000000,us,1000000000000,0,,excluded_impossible,layernorm_s8,M=1;K=288,,,excluded_impossible,hart 1's tile has no P-extension (PynqZ2Configs.scala:220 WithPExtOnTiles(0) names hart 0 only); this kernel's body is custom-0 throughout and holds no hart-1-executable alternative -- it would take an illegal instruction
1644,moonshine$dispatch_1644_linear_s8,,,0.548413260,ms,548413.260,0,,board_measured_b1_scaled_by_measured_region_factor_0.5883,linear_s8,M=1;K=288;N=288,21937,roccmoon_engine[curated],measured,
1645,moonshine$dispatch_1645_matmul_b_s8,,,1000000000,us,1000000000000,0,,excluded_impossible,matmul_b_s8,B=8;M=1;K=36;N=165;transpose_b=1,,,excluded_impossible,hart 1's tile has no P-extension (PynqZ2Configs.scala:220 WithPExtOnTiles(0) names hart 0 only); this kernel's body is custom-0 throughout and holds no hart-1-executable alternative -- it would take an illegal instruction
1646,moonshine$dispatch_1646_softmax_s8,,,1000000000,us,1000000000000,0,,excluded_impossible,softmax_s8,M=8;K=165,,,excluded_impossible,hart 1's tile has no P-extension (PynqZ2Configs.scala:220 WithPExtOnTiles(0) names hart 0 only); this kernel's body is custom-0 throughout and holds no hart-1-executable alternative -- it would take an illegal instruction
1647,moonshine$dispatch_1647_matmul_b_s8,,,1000000000,us,1000000000000,0,,excluded_impossible,matmul_b_s8,B=8;M=1;K=165;N=36;transpose_b=1,,,excluded_impossible,hart 1's tile has no P-extension (PynqZ2Configs.scala:220 WithPExtOnTiles(0) names hart 0 only); this kernel's body is custom-0 throughout and holds no hart-1-executable alternative -- it would take an illegal instruction
1648,moonshine$dispatch_1648_linear_s8,,,0.577357620,ms,577357.620,0,,board_measured_b1_scaled_by_measured_region_factor_0.5883,linear_s8,M=1;K=288;N=288,23094,roccmoon_engine[curated],measured,
1649,moonshine$dispatch_1649_add_s8,,,1000000000,us,1000000000000,0,,excluded_impossible,add_s8,n=288,,,excluded_impossible,hart 1's tile has no P-extension (PynqZ2Configs.scala:220 WithPExtOnTiles(0) names hart 0 only); this kernel's body is custom-0 throughout and holds no hart-1-executable alternative -- it would take an illegal instruction
1650,moonshine$dispatch_1650_layernorm_s8,,,1000000000,us,1000000000000,0,,excluded_impossible,layernorm_s8,M=1;K=288,,,excluded_impossible,hart 1's tile has no P-extension (PynqZ2Configs.scala:220 WithPExtOnTiles(0) names hart 0 only); this kernel's body is custom-0 throughout and holds no hart-1-executable alternative -- it would take an illegal instruction
1651,moonshine$dispatch_1651_linear_s8,,,1.255108635,ms,1255108.635,0,,board_measured_b1_scaled_by_measured_region_factor_0.5883,linear_s8,M=1;K=288;N=1152,50204,roccmoon_engine[curated],measured,
1652,moonshine$dispatch_1652_silu_s8,,,1000000000,us,1000000000000,0,,excluded_impossible,silu_s8,n=1152,,,excluded_impossible,hart 1's tile has no P-extension (PynqZ2Configs.scala:220 WithPExtOnTiles(0) names hart 0 only); this kernel's body is custom-0 throughout and holds no hart-1-executable alternative -- it would take an illegal instruction
1653,moonshine$dispatch_1653_linear_s8,,,1.259726790,ms,1259726.790,0,,board_measured_b1_scaled_by_measured_region_factor_0.5883,linear_s8,M=1;K=288;N=1152,50389,roccmoon_engine[curated],measured,
1654,moonshine$dispatch_1654_mul_s8,,,1000000000,us,1000000000000,0,,excluded_impossible,mul_s8,n=1152,,,excluded_impossible,hart 1's tile has no P-extension (PynqZ2Configs.scala:220 WithPExtOnTiles(0) names hart 0 only); this kernel's body is custom-0 throughout and holds no hart-1-executable alternative -- it would take an illegal instruction
1655,moonshine$dispatch_1655_linear_s8,,,1.271698695,ms,1271698.695,0,,board_measured_b1_scaled_by_measured_region_factor_0.5883,linear_s8,M=1;K=1152;N=288,50868,roccmoon_engine[curated],measured,
1656,moonshine$dispatch_1656_add_s8,,,1000000000,us,1000000000000,0,,excluded_impossible,add_s8,n=288,,,excluded_impossible,hart 1's tile has no P-extension (PynqZ2Configs.scala:220 WithPExtOnTiles(0) names hart 0 only); this kernel's body is custom-0 throughout and holds no hart-1-executable alternative -- it would take an illegal instruction
1657,moonshine$dispatch_1657_layernorm_s8,,,1000000000,us,1000000000000,0,,excluded_impossible,layernorm_s8,M=1;K=288,,,excluded_impossible,hart 1's tile has no P-extension (PynqZ2Configs.scala:220 WithPExtOnTiles(0) names hart 0 only); this kernel's body is custom-0 throughout and holds no hart-1-executable alternative -- it would take an illegal instruction
1658,moonshine$dispatch_1658_linear_s8,,,0.552428408,ms,552428.408,0,,board_measured_b1_scaled_by_measured_region_factor_0.5883,linear_s8,M=1;K=288;N=288,22097,roccmoon_engine[curated],measured,
1659,moonshine$dispatch_1659_rope_s8,,,1000000000,us,1000000000000,0,,excluded_impossible,rope_s8,T=1;H=8;D=36;R=32,,,excluded_impossible,hart 1's tile has no P-extension (PynqZ2Configs.scala:220 WithPExtOnTiles(0) names hart 0 only); this kernel's body is custom-0 throughout and holds no hart-1-executable alternative -- it would take an illegal instruction
1660,moonshine$dispatch_1660_linear_s8,,,0.546192428,ms,546192.428,0,,board_measured_b1_scaled_by_measured_region_factor_0.5883,linear_s8,M=1;K=288;N=288,21848,roccmoon_engine[curated],measured,
1661,moonshine$dispatch_1661_rope_s8,,,1000000000,us,1000000000000,0,,excluded_impossible,rope_s8,T=1;H=8;D=36;R=32,,,excluded_impossible,hart 1's tile has no P-extension (PynqZ2Configs.scala:220 WithPExtOnTiles(0) names hart 0 only); this kernel's body is custom-0 throughout and holds no hart-1-executable alternative -- it would take an illegal instruction
1662,moonshine$dispatch_1662_linear_s8,,,0.540824190,ms,540824.190,0,,board_measured_b1_scaled_by_measured_region_factor_0.5883,linear_s8,M=1;K=288;N=288,21633,roccmoon_engine[curated],measured,
1663,moonshine$dispatch_1663_cat2_c1_s8,,,1000000000,us,1000000000000,0,,excluded_impossible,cat2_c1_s8,N=1;H=288;W=1;C_inputs=8|1;C_total=9,,,excluded_impossible,hart 1's tile has no P-extension (PynqZ2Configs.scala:220 WithPExtOnTiles(0) names hart 0 only); this kernel's body is custom-0 throughout and holds no hart-1-executable alternative -- it would take an illegal instruction
1664,moonshine$dispatch_1664_cat2_c1_s8,,,1000000000,us,1000000000000,0,,excluded_impossible,cat2_c1_s8,N=1;H=288;W=1;C_inputs=8|1;C_total=9,,,excluded_impossible,hart 1's tile has no P-extension (PynqZ2Configs.scala:220 WithPExtOnTiles(0) names hart 0 only); this kernel's body is custom-0 throughout and holds no hart-1-executable alternative -- it would take an illegal instruction
1665,moonshine$dispatch_1665_permute4_s8,,,1000000000,us,1000000000000,0,,excluded_impossible,permute4_s8,d0=1;d1=9;d2=8;d3=36;p0=0;p1=2;p2=1;p3=3,,,excluded_impossible,hart 1's tile has no P-extension (PynqZ2Configs.scala:220 WithPExtOnTiles(0) names hart 0 only); this kernel's body is custom-0 throughout and holds no hart-1-executable alternative -- it would take an illegal instruction
1666,moonshine$dispatch_1666_permute4_s8,,,1000000000,us,1000000000000,0,,excluded_impossible,permute4_s8,d0=1;d1=9;d2=8;d3=36;p0=0;p1=2;p2=1;p3=3,,,excluded_impossible,hart 1's tile has no P-extension (PynqZ2Configs.scala:220 WithPExtOnTiles(0) names hart 0 only); this kernel's body is custom-0 throughout and holds no hart-1-executable alternative -- it would take an illegal instruction
1667,moonshine$dispatch_1667_matmul_b_s8,,,1000000000,us,1000000000000,0,,excluded_impossible,matmul_b_s8,B=8;M=1;K=36;N=9;transpose_b=1,,,excluded_impossible,hart 1's tile has no P-extension (PynqZ2Configs.scala:220 WithPExtOnTiles(0) names hart 0 only); this kernel's body is custom-0 throughout and holds no hart-1-executable alternative -- it would take an illegal instruction
1668,moonshine$dispatch_1668_softmax_s8,,,1000000000,us,1000000000000,0,,excluded_impossible,softmax_s8,M=8;K=9,,,excluded_impossible,hart 1's tile has no P-extension (PynqZ2Configs.scala:220 WithPExtOnTiles(0) names hart 0 only); this kernel's body is custom-0 throughout and holds no hart-1-executable alternative -- it would take an illegal instruction
1669,moonshine$dispatch_1669_matmul_b_s8,,,1000000000,us,1000000000000,0,,excluded_impossible,matmul_b_s8,B=8;M=1;K=9;N=36;transpose_b=0,,,excluded_impossible,hart 1's tile has no P-extension (PynqZ2Configs.scala:220 WithPExtOnTiles(0) names hart 0 only); this kernel's body is custom-0 throughout and holds no hart-1-executable alternative -- it would take an illegal instruction
1670,moonshine$dispatch_1670_linear_s8,,,0.581902238,ms,581902.238,0,,board_measured_b1_scaled_by_measured_region_factor_0.5883,linear_s8,M=1;K=288;N=288,23276,roccmoon_engine[curated],measured,
1671,moonshine$dispatch_1671_add_s8,,,1000000000,us,1000000000000,0,,excluded_impossible,add_s8,n=288,,,excluded_impossible,hart 1's tile has no P-extension (PynqZ2Configs.scala:220 WithPExtOnTiles(0) names hart 0 only); this kernel's body is custom-0 throughout and holds no hart-1-executable alternative -- it would take an illegal instruction
1672,moonshine$dispatch_1672_layernorm_s8,,,1000000000,us,1000000000000,0,,excluded_impossible,layernorm_s8,M=1;K=288,,,excluded_impossible,hart 1's tile has no P-extension (PynqZ2Configs.scala:220 WithPExtOnTiles(0) names hart 0 only); this kernel's body is custom-0 throughout and holds no hart-1-executable alternative -- it would take an illegal instruction
1673,moonshine$dispatch_1673_linear_s8,,,0.549222173,ms,549222.173,0,,board_measured_b1_scaled_by_measured_region_factor_0.5883,linear_s8,M=1;K=288;N=288,21969,roccmoon_engine[curated],measured,
1674,moonshine$dispatch_1674_matmul_b_s8,,,1000000000,us,1000000000000,0,,excluded_impossible,matmul_b_s8,B=8;M=1;K=36;N=165;transpose_b=1,,,excluded_impossible,hart 1's tile has no P-extension (PynqZ2Configs.scala:220 WithPExtOnTiles(0) names hart 0 only); this kernel's body is custom-0 throughout and holds no hart-1-executable alternative -- it would take an illegal instruction
1675,moonshine$dispatch_1675_softmax_s8,,,1000000000,us,1000000000000,0,,excluded_impossible,softmax_s8,M=8;K=165,,,excluded_impossible,hart 1's tile has no P-extension (PynqZ2Configs.scala:220 WithPExtOnTiles(0) names hart 0 only); this kernel's body is custom-0 throughout and holds no hart-1-executable alternative -- it would take an illegal instruction
1676,moonshine$dispatch_1676_matmul_b_s8,,,1000000000,us,1000000000000,0,,excluded_impossible,matmul_b_s8,B=8;M=1;K=165;N=36;transpose_b=1,,,excluded_impossible,hart 1's tile has no P-extension (PynqZ2Configs.scala:220 WithPExtOnTiles(0) names hart 0 only); this kernel's body is custom-0 throughout and holds no hart-1-executable alternative -- it would take an illegal instruction
1677,moonshine$dispatch_1677_linear_s8,,,0.588329415,ms,588329.415,0,,board_measured_b1_scaled_by_measured_region_factor_0.5883,linear_s8,M=1;K=288;N=288,23533,roccmoon_engine[curated],measured,
1678,moonshine$dispatch_1678_add_s8,,,1000000000,us,1000000000000,0,,excluded_impossible,add_s8,n=288,,,excluded_impossible,hart 1's tile has no P-extension (PynqZ2Configs.scala:220 WithPExtOnTiles(0) names hart 0 only); this kernel's body is custom-0 throughout and holds no hart-1-executable alternative -- it would take an illegal instruction
1679,moonshine$dispatch_1679_layernorm_s8,,,1000000000,us,1000000000000,0,,excluded_impossible,layernorm_s8,M=1;K=288,,,excluded_impossible,hart 1's tile has no P-extension (PynqZ2Configs.scala:220 WithPExtOnTiles(0) names hart 0 only); this kernel's body is custom-0 throughout and holds no hart-1-executable alternative -- it would take an illegal instruction
1680,moonshine$dispatch_1680_linear_s8,,,1.261168125,ms,1261168.125,0,,board_measured_b1_scaled_by_measured_region_factor_0.5883,linear_s8,M=1;K=288;N=1152,50447,roccmoon_engine[curated],measured,
1681,moonshine$dispatch_1681_silu_s8,,,1000000000,us,1000000000000,0,,excluded_impossible,silu_s8,n=1152,,,excluded_impossible,hart 1's tile has no P-extension (PynqZ2Configs.scala:220 WithPExtOnTiles(0) names hart 0 only); this kernel's body is custom-0 throughout and holds no hart-1-executable alternative -- it would take an illegal instruction
1682,moonshine$dispatch_1682_linear_s8,,,1.263565447,ms,1263565.448,0,,board_measured_b1_scaled_by_measured_region_factor_0.5883,linear_s8,M=1;K=288;N=1152,50543,roccmoon_engine[curated],measured,
1683,moonshine$dispatch_1683_mul_s8,,,1000000000,us,1000000000000,0,,excluded_impossible,mul_s8,n=1152,,,excluded_impossible,hart 1's tile has no P-extension (PynqZ2Configs.scala:220 WithPExtOnTiles(0) names hart 0 only); this kernel's body is custom-0 throughout and holds no hart-1-executable alternative -- it would take an illegal instruction
1684,moonshine$dispatch_1684_linear_s8,,,1.272684098,ms,1272684.097,0,,board_measured_b1_scaled_by_measured_region_factor_0.5883,linear_s8,M=1;K=1152;N=288,50907,roccmoon_engine[curated],measured,
1685,moonshine$dispatch_1685_add_s8,,,1000000000,us,1000000000000,0,,excluded_impossible,add_s8,n=288,,,excluded_impossible,hart 1's tile has no P-extension (PynqZ2Configs.scala:220 WithPExtOnTiles(0) names hart 0 only); this kernel's body is custom-0 throughout and holds no hart-1-executable alternative -- it would take an illegal instruction
1686,moonshine$dispatch_1686_layernorm_s8,,,1000000000,us,1000000000000,0,,excluded_impossible,layernorm_s8,M=1;K=288,,,excluded_impossible,hart 1's tile has no P-extension (PynqZ2Configs.scala:220 WithPExtOnTiles(0) names hart 0 only); this kernel's body is custom-0 throughout and holds no hart-1-executable alternative -- it would take an illegal instruction
1687,moonshine$dispatch_1687_linear_s8,,,0.558649680,ms,558649.680,0,,board_measured_b1_scaled_by_measured_region_factor_0.5883,linear_s8,M=1;K=288;N=288,22346,roccmoon_engine[curated],measured,
1688,moonshine$dispatch_1688_rope_s8,,,1000000000,us,1000000000000,0,,excluded_impossible,rope_s8,T=1;H=8;D=36;R=32,,,excluded_impossible,hart 1's tile has no P-extension (PynqZ2Configs.scala:220 WithPExtOnTiles(0) names hart 0 only); this kernel's body is custom-0 throughout and holds no hart-1-executable alternative -- it would take an illegal instruction
1689,moonshine$dispatch_1689_linear_s8,,,0.556928903,ms,556928.903,0,,board_measured_b1_scaled_by_measured_region_factor_0.5883,linear_s8,M=1;K=288;N=288,22277,roccmoon_engine[curated],measured,
1690,moonshine$dispatch_1690_rope_s8,,,1000000000,us,1000000000000,0,,excluded_impossible,rope_s8,T=1;H=8;D=36;R=32,,,excluded_impossible,hart 1's tile has no P-extension (PynqZ2Configs.scala:220 WithPExtOnTiles(0) names hart 0 only); this kernel's body is custom-0 throughout and holds no hart-1-executable alternative -- it would take an illegal instruction
1691,moonshine$dispatch_1691_linear_s8,,,0.552119550,ms,552119.550,0,,board_measured_b1_scaled_by_measured_region_factor_0.5883,linear_s8,M=1;K=288;N=288,22085,roccmoon_engine[curated],measured,
1692,moonshine$dispatch_1692_cat2_c1_s8,,,1000000000,us,1000000000000,0,,excluded_impossible,cat2_c1_s8,N=1;H=288;W=1;C_inputs=8|1;C_total=9,,,excluded_impossible,hart 1's tile has no P-extension (PynqZ2Configs.scala:220 WithPExtOnTiles(0) names hart 0 only); this kernel's body is custom-0 throughout and holds no hart-1-executable alternative -- it would take an illegal instruction
1693,moonshine$dispatch_1693_cat2_c1_s8,,,1000000000,us,1000000000000,0,,excluded_impossible,cat2_c1_s8,N=1;H=288;W=1;C_inputs=8|1;C_total=9,,,excluded_impossible,hart 1's tile has no P-extension (PynqZ2Configs.scala:220 WithPExtOnTiles(0) names hart 0 only); this kernel's body is custom-0 throughout and holds no hart-1-executable alternative -- it would take an illegal instruction
1694,moonshine$dispatch_1694_permute4_s8,,,1000000000,us,1000000000000,0,,excluded_impossible,permute4_s8,d0=1;d1=9;d2=8;d3=36;p0=0;p1=2;p2=1;p3=3,,,excluded_impossible,hart 1's tile has no P-extension (PynqZ2Configs.scala:220 WithPExtOnTiles(0) names hart 0 only); this kernel's body is custom-0 throughout and holds no hart-1-executable alternative -- it would take an illegal instruction
1695,moonshine$dispatch_1695_permute4_s8,,,1000000000,us,1000000000000,0,,excluded_impossible,permute4_s8,d0=1;d1=9;d2=8;d3=36;p0=0;p1=2;p2=1;p3=3,,,excluded_impossible,hart 1's tile has no P-extension (PynqZ2Configs.scala:220 WithPExtOnTiles(0) names hart 0 only); this kernel's body is custom-0 throughout and holds no hart-1-executable alternative -- it would take an illegal instruction
1696,moonshine$dispatch_1696_matmul_b_s8,,,1000000000,us,1000000000000,0,,excluded_impossible,matmul_b_s8,B=8;M=1;K=36;N=9;transpose_b=1,,,excluded_impossible,hart 1's tile has no P-extension (PynqZ2Configs.scala:220 WithPExtOnTiles(0) names hart 0 only); this kernel's body is custom-0 throughout and holds no hart-1-executable alternative -- it would take an illegal instruction
1697,moonshine$dispatch_1697_softmax_s8,,,1000000000,us,1000000000000,0,,excluded_impossible,softmax_s8,M=8;K=9,,,excluded_impossible,hart 1's tile has no P-extension (PynqZ2Configs.scala:220 WithPExtOnTiles(0) names hart 0 only); this kernel's body is custom-0 throughout and holds no hart-1-executable alternative -- it would take an illegal instruction
1698,moonshine$dispatch_1698_matmul_b_s8,,,1000000000,us,1000000000000,0,,excluded_impossible,matmul_b_s8,B=8;M=1;K=9;N=36;transpose_b=0,,,excluded_impossible,hart 1's tile has no P-extension (PynqZ2Configs.scala:220 WithPExtOnTiles(0) names hart 0 only); this kernel's body is custom-0 throughout and holds no hart-1-executable alternative -- it would take an illegal instruction
1699,moonshine$dispatch_1699_linear_s8,,,0.586329195,ms,586329.195,0,,board_measured_b1_scaled_by_measured_region_factor_0.5883,linear_s8,M=1;K=288;N=288,23453,roccmoon_engine[curated],measured,
1700,moonshine$dispatch_1700_add_s8,,,1000000000,us,1000000000000,0,,excluded_impossible,add_s8,n=288,,,excluded_impossible,hart 1's tile has no P-extension (PynqZ2Configs.scala:220 WithPExtOnTiles(0) names hart 0 only); this kernel's body is custom-0 throughout and holds no hart-1-executable alternative -- it would take an illegal instruction
1701,moonshine$dispatch_1701_layernorm_s8,,,1000000000,us,1000000000000,0,,excluded_impossible,layernorm_s8,M=1;K=288,,,excluded_impossible,hart 1's tile has no P-extension (PynqZ2Configs.scala:220 WithPExtOnTiles(0) names hart 0 only); this kernel's body is custom-0 throughout and holds no hart-1-executable alternative -- it would take an illegal instruction
1702,moonshine$dispatch_1702_linear_s8,,,0.560443995,ms,560443.995,0,,board_measured_b1_scaled_by_measured_region_factor_0.5883,linear_s8,M=1;K=288;N=288,22418,roccmoon_engine[curated],measured,
1703,moonshine$dispatch_1703_matmul_b_s8,,,1000000000,us,1000000000000,0,,excluded_impossible,matmul_b_s8,B=8;M=1;K=36;N=165;transpose_b=1,,,excluded_impossible,hart 1's tile has no P-extension (PynqZ2Configs.scala:220 WithPExtOnTiles(0) names hart 0 only); this kernel's body is custom-0 throughout and holds no hart-1-executable alternative -- it would take an illegal instruction
1704,moonshine$dispatch_1704_softmax_s8,,,1000000000,us,1000000000000,0,,excluded_impossible,softmax_s8,M=8;K=165,,,excluded_impossible,hart 1's tile has no P-extension (PynqZ2Configs.scala:220 WithPExtOnTiles(0) names hart 0 only); this kernel's body is custom-0 throughout and holds no hart-1-executable alternative -- it would take an illegal instruction
1705,moonshine$dispatch_1705_matmul_b_s8,,,1000000000,us,1000000000000,0,,excluded_impossible,matmul_b_s8,B=8;M=1;K=165;N=36;transpose_b=1,,,excluded_impossible,hart 1's tile has no P-extension (PynqZ2Configs.scala:220 WithPExtOnTiles(0) names hart 0 only); this kernel's body is custom-0 throughout and holds no hart-1-executable alternative -- it would take an illegal instruction
1706,moonshine$dispatch_1706_linear_s8,,,0.594433028,ms,594433.028,0,,board_measured_b1_scaled_by_measured_region_factor_0.5883,linear_s8,M=1;K=288;N=288,23777,roccmoon_engine[curated],measured,
1707,moonshine$dispatch_1707_add_s8,,,1000000000,us,1000000000000,0,,excluded_impossible,add_s8,n=288,,,excluded_impossible,hart 1's tile has no P-extension (PynqZ2Configs.scala:220 WithPExtOnTiles(0) names hart 0 only); this kernel's body is custom-0 throughout and holds no hart-1-executable alternative -- it would take an illegal instruction
1708,moonshine$dispatch_1708_layernorm_s8,,,1000000000,us,1000000000000,0,,excluded_impossible,layernorm_s8,M=1;K=288,,,excluded_impossible,hart 1's tile has no P-extension (PynqZ2Configs.scala:220 WithPExtOnTiles(0) names hart 0 only); this kernel's body is custom-0 throughout and holds no hart-1-executable alternative -- it would take an illegal instruction
1709,moonshine$dispatch_1709_linear_s8,,,1.262241773,ms,1262241.773,0,,board_measured_b1_scaled_by_measured_region_factor_0.5883,linear_s8,M=1;K=288;N=1152,50490,roccmoon_engine[curated],measured,
1710,moonshine$dispatch_1710_silu_s8,,,1000000000,us,1000000000000,0,,excluded_impossible,silu_s8,n=1152,,,excluded_impossible,hart 1's tile has no P-extension (PynqZ2Configs.scala:220 WithPExtOnTiles(0) names hart 0 only); this kernel's body is custom-0 throughout and holds no hart-1-executable alternative -- it would take an illegal instruction
1711,moonshine$dispatch_1711_linear_s8,,,1.279787820,ms,1279787.820,0,,board_measured_b1_scaled_by_measured_region_factor_0.5883,linear_s8,M=1;K=288;N=1152,51192,roccmoon_engine[curated],measured,
1712,moonshine$dispatch_1712_mul_s8,,,1000000000,us,1000000000000,0,,excluded_impossible,mul_s8,n=1152,,,excluded_impossible,hart 1's tile has no P-extension (PynqZ2Configs.scala:220 WithPExtOnTiles(0) names hart 0 only); this kernel's body is custom-0 throughout and holds no hart-1-executable alternative -- it would take an illegal instruction
1713,moonshine$dispatch_1713_linear_s8,,,1.291039058,ms,1291039.058,0,,board_measured_b1_scaled_by_measured_region_factor_0.5883,linear_s8,M=1;K=1152;N=288,51642,roccmoon_engine[curated],measured,
1714,moonshine$dispatch_1714_add_s8,,,1000000000,us,1000000000000,0,,excluded_impossible,add_s8,n=288,,,excluded_impossible,hart 1's tile has no P-extension (PynqZ2Configs.scala:220 WithPExtOnTiles(0) names hart 0 only); this kernel's body is custom-0 throughout and holds no hart-1-executable alternative -- it would take an illegal instruction
1715,moonshine$dispatch_1715_layernorm_s8,,,1000000000,us,1000000000000,0,,excluded_impossible,layernorm_s8,M=1;K=288,,,excluded_impossible,hart 1's tile has no P-extension (PynqZ2Configs.scala:220 WithPExtOnTiles(0) names hart 0 only); this kernel's body is custom-0 throughout and holds no hart-1-executable alternative -- it would take an illegal instruction
1716,moonshine$dispatch_1716_linear_s8,,,14.269098840,ms,14269098.840,0,,board_measured_b1_scaled_by_measured_region_factor_0.5883,linear_s8,M=1;K=288;N=16384,570764,roccmoon_engine[curated],measured,
1717,moonshine$dispatch_1717_linear_s8,,,14.135378250,ms,14135378.250,0,,board_measured_b1_scaled_by_measured_region_factor_0.5883,linear_s8,M=1;K=288;N=16384,565415,roccmoon_engine[curated],measured,
1718,moonshine$dispatch_1718_cat2_c1_s8,,,1000000000,us,1000000000000,0,,excluded_impossible,cat2_c1_s8,N=1;H=1;W=1;C_inputs=16384|16384;C_total=32768,,,excluded_impossible,hart 1's tile has no P-extension (PynqZ2Configs.scala:220 WithPExtOnTiles(0) names hart 0 only); this kernel's body is custom-0 throughout and holds no hart-1-executable alternative -- it would take an illegal instruction
1719,moonshine$dispatch_1719_layernorm_s8,,,1000000000,us,1000000000000,0,,excluded_impossible,layernorm_s8,M=1;K=288,,,excluded_impossible,hart 1's tile has no P-extension (PynqZ2Configs.scala:220 WithPExtOnTiles(0) names hart 0 only); this kernel's body is custom-0 throughout and holds no hart-1-executable alternative -- it would take an illegal instruction
1720,moonshine$dispatch_1720_linear_s8,,,0.572871833,ms,572871.833,0,,board_measured_b1_scaled_by_measured_region_factor_0.5883,linear_s8,M=1;K=288;N=288,22915,roccmoon_engine[curated],measured,
1721,moonshine$dispatch_1721_rope_s8,,,1000000000,us,1000000000000,0,,excluded_impossible,rope_s8,T=1;H=8;D=36;R=32,,,excluded_impossible,hart 1's tile has no P-extension (PynqZ2Configs.scala:220 WithPExtOnTiles(0) names hart 0 only); this kernel's body is custom-0 throughout and holds no hart-1-executable alternative -- it would take an illegal instruction
1722,moonshine$dispatch_1722_linear_s8,,,0.531955568,ms,531955.568,0,,board_measured_b1_scaled_by_measured_region_factor_0.5883,linear_s8,M=1;K=288;N=288,21278,roccmoon_engine[curated],measured,
1723,moonshine$dispatch_1723_rope_s8,,,1000000000,us,1000000000000,0,,excluded_impossible,rope_s8,T=1;H=8;D=36;R=32,,,excluded_impossible,hart 1's tile has no P-extension (PynqZ2Configs.scala:220 WithPExtOnTiles(0) names hart 0 only); this kernel's body is custom-0 throughout and holds no hart-1-executable alternative -- it would take an illegal instruction
1724,moonshine$dispatch_1724_linear_s8,,,0.521189678,ms,521189.677,0,,board_measured_b1_scaled_by_measured_region_factor_0.5883,linear_s8,M=1;K=288;N=288,20848,roccmoon_engine[curated],measured,
1725,moonshine$dispatch_1725_cat2_c1_s8,,,1000000000,us,1000000000000,0,,excluded_impossible,cat2_c1_s8,N=1;H=288;W=1;C_inputs=9|1;C_total=10,,,excluded_impossible,hart 1's tile has no P-extension (PynqZ2Configs.scala:220 WithPExtOnTiles(0) names hart 0 only); this kernel's body is custom-0 throughout and holds no hart-1-executable alternative -- it would take an illegal instruction
1726,moonshine$dispatch_1726_cat2_c1_s8,,,1000000000,us,1000000000000,0,,excluded_impossible,cat2_c1_s8,N=1;H=288;W=1;C_inputs=9|1;C_total=10,,,excluded_impossible,hart 1's tile has no P-extension (PynqZ2Configs.scala:220 WithPExtOnTiles(0) names hart 0 only); this kernel's body is custom-0 throughout and holds no hart-1-executable alternative -- it would take an illegal instruction
1727,moonshine$dispatch_1727_permute4_s8,,,1000000000,us,1000000000000,0,,excluded_impossible,permute4_s8,d0=1;d1=10;d2=8;d3=36;p0=0;p1=2;p2=1;p3=3,,,excluded_impossible,hart 1's tile has no P-extension (PynqZ2Configs.scala:220 WithPExtOnTiles(0) names hart 0 only); this kernel's body is custom-0 throughout and holds no hart-1-executable alternative -- it would take an illegal instruction
1728,moonshine$dispatch_1728_permute4_s8,,,1000000000,us,1000000000000,0,,excluded_impossible,permute4_s8,d0=1;d1=10;d2=8;d3=36;p0=0;p1=2;p2=1;p3=3,,,excluded_impossible,hart 1's tile has no P-extension (PynqZ2Configs.scala:220 WithPExtOnTiles(0) names hart 0 only); this kernel's body is custom-0 throughout and holds no hart-1-executable alternative -- it would take an illegal instruction
1729,moonshine$dispatch_1729_matmul_b_s8,,,1000000000,us,1000000000000,0,,excluded_impossible,matmul_b_s8,B=8;M=1;K=36;N=10;transpose_b=1,,,excluded_impossible,hart 1's tile has no P-extension (PynqZ2Configs.scala:220 WithPExtOnTiles(0) names hart 0 only); this kernel's body is custom-0 throughout and holds no hart-1-executable alternative -- it would take an illegal instruction
1730,moonshine$dispatch_1730_softmax_s8,,,1000000000,us,1000000000000,0,,excluded_impossible,softmax_s8,M=8;K=10,,,excluded_impossible,hart 1's tile has no P-extension (PynqZ2Configs.scala:220 WithPExtOnTiles(0) names hart 0 only); this kernel's body is custom-0 throughout and holds no hart-1-executable alternative -- it would take an illegal instruction
1731,moonshine$dispatch_1731_matmul_b_s8,,,1000000000,us,1000000000000,0,,excluded_impossible,matmul_b_s8,B=8;M=1;K=10;N=36;transpose_b=0,,,excluded_impossible,hart 1's tile has no P-extension (PynqZ2Configs.scala:220 WithPExtOnTiles(0) names hart 0 only); this kernel's body is custom-0 throughout and holds no hart-1-executable alternative -- it would take an illegal instruction
1732,moonshine$dispatch_1732_linear_s8,,,0.551354760,ms,551354.760,0,,board_measured_b1_scaled_by_measured_region_factor_0.5883,linear_s8,M=1;K=288;N=288,22054,roccmoon_engine[curated],measured,
1733,moonshine$dispatch_1733_add_s8,,,1000000000,us,1000000000000,0,,excluded_impossible,add_s8,n=288,,,excluded_impossible,hart 1's tile has no P-extension (PynqZ2Configs.scala:220 WithPExtOnTiles(0) names hart 0 only); this kernel's body is custom-0 throughout and holds no hart-1-executable alternative -- it would take an illegal instruction
1734,moonshine$dispatch_1734_layernorm_s8,,,1000000000,us,1000000000000,0,,excluded_impossible,layernorm_s8,M=1;K=288,,,excluded_impossible,hart 1's tile has no P-extension (PynqZ2Configs.scala:220 WithPExtOnTiles(0) names hart 0 only); this kernel's body is custom-0 throughout and holds no hart-1-executable alternative -- it would take an illegal instruction
1735,moonshine$dispatch_1735_linear_s8,,,0.527866883,ms,527866.883,0,,board_measured_b1_scaled_by_measured_region_factor_0.5883,linear_s8,M=1;K=288;N=288,21115,roccmoon_engine[curated],measured,
1736,moonshine$dispatch_1736_matmul_b_s8,,,1000000000,us,1000000000000,0,,excluded_impossible,matmul_b_s8,B=8;M=1;K=36;N=165;transpose_b=1,,,excluded_impossible,hart 1's tile has no P-extension (PynqZ2Configs.scala:220 WithPExtOnTiles(0) names hart 0 only); this kernel's body is custom-0 throughout and holds no hart-1-executable alternative -- it would take an illegal instruction
1737,moonshine$dispatch_1737_softmax_s8,,,1000000000,us,1000000000000,0,,excluded_impossible,softmax_s8,M=8;K=165,,,excluded_impossible,hart 1's tile has no P-extension (PynqZ2Configs.scala:220 WithPExtOnTiles(0) names hart 0 only); this kernel's body is custom-0 throughout and holds no hart-1-executable alternative -- it would take an illegal instruction
1738,moonshine$dispatch_1738_matmul_b_s8,,,1000000000,us,1000000000000,0,,excluded_impossible,matmul_b_s8,B=8;M=1;K=165;N=36;transpose_b=1,,,excluded_impossible,hart 1's tile has no P-extension (PynqZ2Configs.scala:220 WithPExtOnTiles(0) names hart 0 only); this kernel's body is custom-0 throughout and holds no hart-1-executable alternative -- it would take an illegal instruction
1739,moonshine$dispatch_1739_linear_s8,,,0.560341043,ms,560341.043,0,,board_measured_b1_scaled_by_measured_region_factor_0.5883,linear_s8,M=1;K=288;N=288,22414,roccmoon_engine[curated],measured,
1740,moonshine$dispatch_1740_add_s8,,,1000000000,us,1000000000000,0,,excluded_impossible,add_s8,n=288,,,excluded_impossible,hart 1's tile has no P-extension (PynqZ2Configs.scala:220 WithPExtOnTiles(0) names hart 0 only); this kernel's body is custom-0 throughout and holds no hart-1-executable alternative -- it would take an illegal instruction
1741,moonshine$dispatch_1741_layernorm_s8,,,1000000000,us,1000000000000,0,,excluded_impossible,layernorm_s8,M=1;K=288,,,excluded_impossible,hart 1's tile has no P-extension (PynqZ2Configs.scala:220 WithPExtOnTiles(0) names hart 0 only); this kernel's body is custom-0 throughout and holds no hart-1-executable alternative -- it would take an illegal instruction
1742,moonshine$dispatch_1742_linear_s8,,,1.232047275,ms,1232047.275,0,,board_measured_b1_scaled_by_measured_region_factor_0.5883,linear_s8,M=1;K=288;N=1152,49282,roccmoon_engine[curated],measured,
1743,moonshine$dispatch_1743_silu_s8,,,1000000000,us,1000000000000,0,,excluded_impossible,silu_s8,n=1152,,,excluded_impossible,hart 1's tile has no P-extension (PynqZ2Configs.scala:220 WithPExtOnTiles(0) names hart 0 only); this kernel's body is custom-0 throughout and holds no hart-1-executable alternative -- it would take an illegal instruction
1744,moonshine$dispatch_1744_linear_s8,,,1.237165485,ms,1237165.485,0,,board_measured_b1_scaled_by_measured_region_factor_0.5883,linear_s8,M=1;K=288;N=1152,49487,roccmoon_engine[curated],measured,
1745,moonshine$dispatch_1745_mul_s8,,,1000000000,us,1000000000000,0,,excluded_impossible,mul_s8,n=1152,,,excluded_impossible,hart 1's tile has no P-extension (PynqZ2Configs.scala:220 WithPExtOnTiles(0) names hart 0 only); this kernel's body is custom-0 throughout and holds no hart-1-executable alternative -- it would take an illegal instruction
1746,moonshine$dispatch_1746_linear_s8,,,1.242739628,ms,1242739.628,0,,board_measured_b1_scaled_by_measured_region_factor_0.5883,linear_s8,M=1;K=1152;N=288,49710,roccmoon_engine[curated],measured,
1747,moonshine$dispatch_1747_add_s8,,,1000000000,us,1000000000000,0,,excluded_impossible,add_s8,n=288,,,excluded_impossible,hart 1's tile has no P-extension (PynqZ2Configs.scala:220 WithPExtOnTiles(0) names hart 0 only); this kernel's body is custom-0 throughout and holds no hart-1-executable alternative -- it would take an illegal instruction
1748,moonshine$dispatch_1748_layernorm_s8,,,1000000000,us,1000000000000,0,,excluded_impossible,layernorm_s8,M=1;K=288,,,excluded_impossible,hart 1's tile has no P-extension (PynqZ2Configs.scala:220 WithPExtOnTiles(0) names hart 0 only); this kernel's body is custom-0 throughout and holds no hart-1-executable alternative -- it would take an illegal instruction
1749,moonshine$dispatch_1749_linear_s8,,,0.530337743,ms,530337.743,0,,board_measured_b1_scaled_by_measured_region_factor_0.5883,linear_s8,M=1;K=288;N=288,21214,roccmoon_engine[curated],measured,
1750,moonshine$dispatch_1750_rope_s8,,,1000000000,us,1000000000000,0,,excluded_impossible,rope_s8,T=1;H=8;D=36;R=32,,,excluded_impossible,hart 1's tile has no P-extension (PynqZ2Configs.scala:220 WithPExtOnTiles(0) names hart 0 only); this kernel's body is custom-0 throughout and holds no hart-1-executable alternative -- it would take an illegal instruction
1751,moonshine$dispatch_1751_linear_s8,,,0.523881150,ms,523881.150,0,,board_measured_b1_scaled_by_measured_region_factor_0.5883,linear_s8,M=1;K=288;N=288,20955,roccmoon_engine[curated],measured,
1752,moonshine$dispatch_1752_rope_s8,,,1000000000,us,1000000000000,0,,excluded_impossible,rope_s8,T=1;H=8;D=36;R=32,,,excluded_impossible,hart 1's tile has no P-extension (PynqZ2Configs.scala:220 WithPExtOnTiles(0) names hart 0 only); this kernel's body is custom-0 throughout and holds no hart-1-executable alternative -- it would take an illegal instruction
1753,moonshine$dispatch_1753_linear_s8,,,0.527999250,ms,527999.250,0,,board_measured_b1_scaled_by_measured_region_factor_0.5883,linear_s8,M=1;K=288;N=288,21120,roccmoon_engine[curated],measured,
1754,moonshine$dispatch_1754_cat2_c1_s8,,,1000000000,us,1000000000000,0,,excluded_impossible,cat2_c1_s8,N=1;H=288;W=1;C_inputs=9|1;C_total=10,,,excluded_impossible,hart 1's tile has no P-extension (PynqZ2Configs.scala:220 WithPExtOnTiles(0) names hart 0 only); this kernel's body is custom-0 throughout and holds no hart-1-executable alternative -- it would take an illegal instruction
1755,moonshine$dispatch_1755_cat2_c1_s8,,,1000000000,us,1000000000000,0,,excluded_impossible,cat2_c1_s8,N=1;H=288;W=1;C_inputs=9|1;C_total=10,,,excluded_impossible,hart 1's tile has no P-extension (PynqZ2Configs.scala:220 WithPExtOnTiles(0) names hart 0 only); this kernel's body is custom-0 throughout and holds no hart-1-executable alternative -- it would take an illegal instruction
1756,moonshine$dispatch_1756_permute4_s8,,,1000000000,us,1000000000000,0,,excluded_impossible,permute4_s8,d0=1;d1=10;d2=8;d3=36;p0=0;p1=2;p2=1;p3=3,,,excluded_impossible,hart 1's tile has no P-extension (PynqZ2Configs.scala:220 WithPExtOnTiles(0) names hart 0 only); this kernel's body is custom-0 throughout and holds no hart-1-executable alternative -- it would take an illegal instruction
1757,moonshine$dispatch_1757_permute4_s8,,,1000000000,us,1000000000000,0,,excluded_impossible,permute4_s8,d0=1;d1=10;d2=8;d3=36;p0=0;p1=2;p2=1;p3=3,,,excluded_impossible,hart 1's tile has no P-extension (PynqZ2Configs.scala:220 WithPExtOnTiles(0) names hart 0 only); this kernel's body is custom-0 throughout and holds no hart-1-executable alternative -- it would take an illegal instruction
1758,moonshine$dispatch_1758_matmul_b_s8,,,1000000000,us,1000000000000,0,,excluded_impossible,matmul_b_s8,B=8;M=1;K=36;N=10;transpose_b=1,,,excluded_impossible,hart 1's tile has no P-extension (PynqZ2Configs.scala:220 WithPExtOnTiles(0) names hart 0 only); this kernel's body is custom-0 throughout and holds no hart-1-executable alternative -- it would take an illegal instruction
1759,moonshine$dispatch_1759_softmax_s8,,,1000000000,us,1000000000000,0,,excluded_impossible,softmax_s8,M=8;K=10,,,excluded_impossible,hart 1's tile has no P-extension (PynqZ2Configs.scala:220 WithPExtOnTiles(0) names hart 0 only); this kernel's body is custom-0 throughout and holds no hart-1-executable alternative -- it would take an illegal instruction
1760,moonshine$dispatch_1760_matmul_b_s8,,,1000000000,us,1000000000000,0,,excluded_impossible,matmul_b_s8,B=8;M=1;K=10;N=36;transpose_b=0,,,excluded_impossible,hart 1's tile has no P-extension (PynqZ2Configs.scala:220 WithPExtOnTiles(0) names hart 0 only); this kernel's body is custom-0 throughout and holds no hart-1-executable alternative -- it would take an illegal instruction
1761,moonshine$dispatch_1761_linear_s8,,,0.562591290,ms,562591.290,0,,board_measured_b1_scaled_by_measured_region_factor_0.5883,linear_s8,M=1;K=288;N=288,22504,roccmoon_engine[curated],measured,
1762,moonshine$dispatch_1762_add_s8,,,1000000000,us,1000000000000,0,,excluded_impossible,add_s8,n=288,,,excluded_impossible,hart 1's tile has no P-extension (PynqZ2Configs.scala:220 WithPExtOnTiles(0) names hart 0 only); this kernel's body is custom-0 throughout and holds no hart-1-executable alternative -- it would take an illegal instruction
1763,moonshine$dispatch_1763_layernorm_s8,,,1000000000,us,1000000000000,0,,excluded_impossible,layernorm_s8,M=1;K=288,,,excluded_impossible,hart 1's tile has no P-extension (PynqZ2Configs.scala:220 WithPExtOnTiles(0) names hart 0 only); this kernel's body is custom-0 throughout and holds no hart-1-executable alternative -- it would take an illegal instruction
1764,moonshine$dispatch_1764_linear_s8,,,0.533132168,ms,533132.167,0,,board_measured_b1_scaled_by_measured_region_factor_0.5883,linear_s8,M=1;K=288;N=288,21325,roccmoon_engine[curated],measured,
1765,moonshine$dispatch_1765_matmul_b_s8,,,1000000000,us,1000000000000,0,,excluded_impossible,matmul_b_s8,B=8;M=1;K=36;N=165;transpose_b=1,,,excluded_impossible,hart 1's tile has no P-extension (PynqZ2Configs.scala:220 WithPExtOnTiles(0) names hart 0 only); this kernel's body is custom-0 throughout and holds no hart-1-executable alternative -- it would take an illegal instruction
1766,moonshine$dispatch_1766_softmax_s8,,,1000000000,us,1000000000000,0,,excluded_impossible,softmax_s8,M=8;K=165,,,excluded_impossible,hart 1's tile has no P-extension (PynqZ2Configs.scala:220 WithPExtOnTiles(0) names hart 0 only); this kernel's body is custom-0 throughout and holds no hart-1-executable alternative -- it would take an illegal instruction
1767,moonshine$dispatch_1767_matmul_b_s8,,,1000000000,us,1000000000000,0,,excluded_impossible,matmul_b_s8,B=8;M=1;K=165;N=36;transpose_b=1,,,excluded_impossible,hart 1's tile has no P-extension (PynqZ2Configs.scala:220 WithPExtOnTiles(0) names hart 0 only); this kernel's body is custom-0 throughout and holds no hart-1-executable alternative -- it would take an illegal instruction
1768,moonshine$dispatch_1768_linear_s8,,,0.563223713,ms,563223.713,0,,board_measured_b1_scaled_by_measured_region_factor_0.5883,linear_s8,M=1;K=288;N=288,22529,roccmoon_engine[curated],measured,
1769,moonshine$dispatch_1769_add_s8,,,1000000000,us,1000000000000,0,,excluded_impossible,add_s8,n=288,,,excluded_impossible,hart 1's tile has no P-extension (PynqZ2Configs.scala:220 WithPExtOnTiles(0) names hart 0 only); this kernel's body is custom-0 throughout and holds no hart-1-executable alternative -- it would take an illegal instruction
1770,moonshine$dispatch_1770_layernorm_s8,,,1000000000,us,1000000000000,0,,excluded_impossible,layernorm_s8,M=1;K=288,,,excluded_impossible,hart 1's tile has no P-extension (PynqZ2Configs.scala:220 WithPExtOnTiles(0) names hart 0 only); this kernel's body is custom-0 throughout and holds no hart-1-executable alternative -- it would take an illegal instruction
1771,moonshine$dispatch_1771_linear_s8,,,1.234312230,ms,1234312.230,0,,board_measured_b1_scaled_by_measured_region_factor_0.5883,linear_s8,M=1;K=288;N=1152,49372,roccmoon_engine[curated],measured,
1772,moonshine$dispatch_1772_silu_s8,,,1000000000,us,1000000000000,0,,excluded_impossible,silu_s8,n=1152,,,excluded_impossible,hart 1's tile has no P-extension (PynqZ2Configs.scala:220 WithPExtOnTiles(0) names hart 0 only); this kernel's body is custom-0 throughout and holds no hart-1-executable alternative -- it would take an illegal instruction
1773,moonshine$dispatch_1773_linear_s8,,,1.245563468,ms,1245563.468,0,,board_measured_b1_scaled_by_measured_region_factor_0.5883,linear_s8,M=1;K=288;N=1152,49823,roccmoon_engine[curated],measured,
1774,moonshine$dispatch_1774_mul_s8,,,1000000000,us,1000000000000,0,,excluded_impossible,mul_s8,n=1152,,,excluded_impossible,hart 1's tile has no P-extension (PynqZ2Configs.scala:220 WithPExtOnTiles(0) names hart 0 only); this kernel's body is custom-0 throughout and holds no hart-1-executable alternative -- it would take an illegal instruction
1775,moonshine$dispatch_1775_linear_s8,,,1.249358003,ms,1249358.003,0,,board_measured_b1_scaled_by_measured_region_factor_0.5883,linear_s8,M=1;K=1152;N=288,49974,roccmoon_engine[curated],measured,
1776,moonshine$dispatch_1776_add_s8,,,1000000000,us,1000000000000,0,,excluded_impossible,add_s8,n=288,,,excluded_impossible,hart 1's tile has no P-extension (PynqZ2Configs.scala:220 WithPExtOnTiles(0) names hart 0 only); this kernel's body is custom-0 throughout and holds no hart-1-executable alternative -- it would take an illegal instruction
1777,moonshine$dispatch_1777_layernorm_s8,,,1000000000,us,1000000000000,0,,excluded_impossible,layernorm_s8,M=1;K=288,,,excluded_impossible,hart 1's tile has no P-extension (PynqZ2Configs.scala:220 WithPExtOnTiles(0) names hart 0 only); this kernel's body is custom-0 throughout and holds no hart-1-executable alternative -- it would take an illegal instruction
1778,moonshine$dispatch_1778_linear_s8,,,0.528940530,ms,528940.530,0,,board_measured_b1_scaled_by_measured_region_factor_0.5883,linear_s8,M=1;K=288;N=288,21158,roccmoon_engine[curated],measured,
1779,moonshine$dispatch_1779_rope_s8,,,1000000000,us,1000000000000,0,,excluded_impossible,rope_s8,T=1;H=8;D=36;R=32,,,excluded_impossible,hart 1's tile has no P-extension (PynqZ2Configs.scala:220 WithPExtOnTiles(0) names hart 0 only); this kernel's body is custom-0 throughout and holds no hart-1-executable alternative -- it would take an illegal instruction
1780,moonshine$dispatch_1780_linear_s8,,,0.536985533,ms,536985.532,0,,board_measured_b1_scaled_by_measured_region_factor_0.5883,linear_s8,M=1;K=288;N=288,21479,roccmoon_engine[curated],measured,
1781,moonshine$dispatch_1781_rope_s8,,,1000000000,us,1000000000000,0,,excluded_impossible,rope_s8,T=1;H=8;D=36;R=32,,,excluded_impossible,hart 1's tile has no P-extension (PynqZ2Configs.scala:220 WithPExtOnTiles(0) names hart 0 only); this kernel's body is custom-0 throughout and holds no hart-1-executable alternative -- it would take an illegal instruction
1782,moonshine$dispatch_1782_linear_s8,,,0.528234570,ms,528234.570,0,,board_measured_b1_scaled_by_measured_region_factor_0.5883,linear_s8,M=1;K=288;N=288,21129,roccmoon_engine[curated],measured,
1783,moonshine$dispatch_1783_cat2_c1_s8,,,1000000000,us,1000000000000,0,,excluded_impossible,cat2_c1_s8,N=1;H=288;W=1;C_inputs=9|1;C_total=10,,,excluded_impossible,hart 1's tile has no P-extension (PynqZ2Configs.scala:220 WithPExtOnTiles(0) names hart 0 only); this kernel's body is custom-0 throughout and holds no hart-1-executable alternative -- it would take an illegal instruction
1784,moonshine$dispatch_1784_cat2_c1_s8,,,1000000000,us,1000000000000,0,,excluded_impossible,cat2_c1_s8,N=1;H=288;W=1;C_inputs=9|1;C_total=10,,,excluded_impossible,hart 1's tile has no P-extension (PynqZ2Configs.scala:220 WithPExtOnTiles(0) names hart 0 only); this kernel's body is custom-0 throughout and holds no hart-1-executable alternative -- it would take an illegal instruction
1785,moonshine$dispatch_1785_permute4_s8,,,1000000000,us,1000000000000,0,,excluded_impossible,permute4_s8,d0=1;d1=10;d2=8;d3=36;p0=0;p1=2;p2=1;p3=3,,,excluded_impossible,hart 1's tile has no P-extension (PynqZ2Configs.scala:220 WithPExtOnTiles(0) names hart 0 only); this kernel's body is custom-0 throughout and holds no hart-1-executable alternative -- it would take an illegal instruction
1786,moonshine$dispatch_1786_permute4_s8,,,1000000000,us,1000000000000,0,,excluded_impossible,permute4_s8,d0=1;d1=10;d2=8;d3=36;p0=0;p1=2;p2=1;p3=3,,,excluded_impossible,hart 1's tile has no P-extension (PynqZ2Configs.scala:220 WithPExtOnTiles(0) names hart 0 only); this kernel's body is custom-0 throughout and holds no hart-1-executable alternative -- it would take an illegal instruction
1787,moonshine$dispatch_1787_matmul_b_s8,,,1000000000,us,1000000000000,0,,excluded_impossible,matmul_b_s8,B=8;M=1;K=36;N=10;transpose_b=1,,,excluded_impossible,hart 1's tile has no P-extension (PynqZ2Configs.scala:220 WithPExtOnTiles(0) names hart 0 only); this kernel's body is custom-0 throughout and holds no hart-1-executable alternative -- it would take an illegal instruction
1788,moonshine$dispatch_1788_softmax_s8,,,1000000000,us,1000000000000,0,,excluded_impossible,softmax_s8,M=8;K=10,,,excluded_impossible,hart 1's tile has no P-extension (PynqZ2Configs.scala:220 WithPExtOnTiles(0) names hart 0 only); this kernel's body is custom-0 throughout and holds no hart-1-executable alternative -- it would take an illegal instruction
1789,moonshine$dispatch_1789_matmul_b_s8,,,1000000000,us,1000000000000,0,,excluded_impossible,matmul_b_s8,B=8;M=1;K=10;N=36;transpose_b=0,,,excluded_impossible,hart 1's tile has no P-extension (PynqZ2Configs.scala:220 WithPExtOnTiles(0) names hart 0 only); this kernel's body is custom-0 throughout and holds no hart-1-executable alternative -- it would take an illegal instruction
1790,moonshine$dispatch_1790_linear_s8,,,0.560841098,ms,560841.098,0,,board_measured_b1_scaled_by_measured_region_factor_0.5883,linear_s8,M=1;K=288;N=288,22434,roccmoon_engine[curated],measured,
1791,moonshine$dispatch_1791_add_s8,,,1000000000,us,1000000000000,0,,excluded_impossible,add_s8,n=288,,,excluded_impossible,hart 1's tile has no P-extension (PynqZ2Configs.scala:220 WithPExtOnTiles(0) names hart 0 only); this kernel's body is custom-0 throughout and holds no hart-1-executable alternative -- it would take an illegal instruction
1792,moonshine$dispatch_1792_layernorm_s8,,,1000000000,us,1000000000000,0,,excluded_impossible,layernorm_s8,M=1;K=288,,,excluded_impossible,hart 1's tile has no P-extension (PynqZ2Configs.scala:220 WithPExtOnTiles(0) names hart 0 only); this kernel's body is custom-0 throughout and holds no hart-1-executable alternative -- it would take an illegal instruction
1793,moonshine$dispatch_1793_linear_s8,,,0.532249718,ms,532249.718,0,,board_measured_b1_scaled_by_measured_region_factor_0.5883,linear_s8,M=1;K=288;N=288,21290,roccmoon_engine[curated],measured,
1794,moonshine$dispatch_1794_matmul_b_s8,,,1000000000,us,1000000000000,0,,excluded_impossible,matmul_b_s8,B=8;M=1;K=36;N=165;transpose_b=1,,,excluded_impossible,hart 1's tile has no P-extension (PynqZ2Configs.scala:220 WithPExtOnTiles(0) names hart 0 only); this kernel's body is custom-0 throughout and holds no hart-1-executable alternative -- it would take an illegal instruction
1795,moonshine$dispatch_1795_softmax_s8,,,1000000000,us,1000000000000,0,,excluded_impossible,softmax_s8,M=8;K=165,,,excluded_impossible,hart 1's tile has no P-extension (PynqZ2Configs.scala:220 WithPExtOnTiles(0) names hart 0 only); this kernel's body is custom-0 throughout and holds no hart-1-executable alternative -- it would take an illegal instruction
1796,moonshine$dispatch_1796_matmul_b_s8,,,1000000000,us,1000000000000,0,,excluded_impossible,matmul_b_s8,B=8;M=1;K=165;N=36;transpose_b=1,,,excluded_impossible,hart 1's tile has no P-extension (PynqZ2Configs.scala:220 WithPExtOnTiles(0) names hart 0 only); this kernel's body is custom-0 throughout and holds no hart-1-executable alternative -- it would take an illegal instruction
1797,moonshine$dispatch_1797_linear_s8,,,0.567385935,ms,567385.935,0,,board_measured_b1_scaled_by_measured_region_factor_0.5883,linear_s8,M=1;K=288;N=288,22695,roccmoon_engine[curated],measured,
1798,moonshine$dispatch_1798_add_s8,,,1000000000,us,1000000000000,0,,excluded_impossible,add_s8,n=288,,,excluded_impossible,hart 1's tile has no P-extension (PynqZ2Configs.scala:220 WithPExtOnTiles(0) names hart 0 only); this kernel's body is custom-0 throughout and holds no hart-1-executable alternative -- it would take an illegal instruction
1799,moonshine$dispatch_1799_layernorm_s8,,,1000000000,us,1000000000000,0,,excluded_impossible,layernorm_s8,M=1;K=288,,,excluded_impossible,hart 1's tile has no P-extension (PynqZ2Configs.scala:220 WithPExtOnTiles(0) names hart 0 only); this kernel's body is custom-0 throughout and holds no hart-1-executable alternative -- it would take an illegal instruction
1800,moonshine$dispatch_1800_linear_s8,,,1.251578835,ms,1251578.835,0,,board_measured_b1_scaled_by_measured_region_factor_0.5883,linear_s8,M=1;K=288;N=1152,50063,roccmoon_engine[curated],measured,
1801,moonshine$dispatch_1801_silu_s8,,,1000000000,us,1000000000000,0,,excluded_impossible,silu_s8,n=1152,,,excluded_impossible,hart 1's tile has no P-extension (PynqZ2Configs.scala:220 WithPExtOnTiles(0) names hart 0 only); this kernel's body is custom-0 throughout and holds no hart-1-executable alternative -- it would take an illegal instruction
1802,moonshine$dispatch_1802_linear_s8,,,1.259094368,ms,1259094.368,0,,board_measured_b1_scaled_by_measured_region_factor_0.5883,linear_s8,M=1;K=288;N=1152,50364,roccmoon_engine[curated],measured,
1803,moonshine$dispatch_1803_mul_s8,,,1000000000,us,1000000000000,0,,excluded_impossible,mul_s8,n=1152,,,excluded_impossible,hart 1's tile has no P-extension (PynqZ2Configs.scala:220 WithPExtOnTiles(0) names hart 0 only); this kernel's body is custom-0 throughout and holds no hart-1-executable alternative -- it would take an illegal instruction
1804,moonshine$dispatch_1804_linear_s8,,,1.271080980,ms,1271080.980,0,,board_measured_b1_scaled_by_measured_region_factor_0.5883,linear_s8,M=1;K=1152;N=288,50843,roccmoon_engine[curated],measured,
1805,moonshine$dispatch_1805_add_s8,,,1000000000,us,1000000000000,0,,excluded_impossible,add_s8,n=288,,,excluded_impossible,hart 1's tile has no P-extension (PynqZ2Configs.scala:220 WithPExtOnTiles(0) names hart 0 only); this kernel's body is custom-0 throughout and holds no hart-1-executable alternative -- it would take an illegal instruction
1806,moonshine$dispatch_1806_layernorm_s8,,,1000000000,us,1000000000000,0,,excluded_impossible,layernorm_s8,M=1;K=288,,,excluded_impossible,hart 1's tile has no P-extension (PynqZ2Configs.scala:220 WithPExtOnTiles(0) names hart 0 only); this kernel's body is custom-0 throughout and holds no hart-1-executable alternative -- it would take an illegal instruction
1807,moonshine$dispatch_1807_linear_s8,,,0.542250818,ms,542250.818,0,,board_measured_b1_scaled_by_measured_region_factor_0.5883,linear_s8,M=1;K=288;N=288,21690,roccmoon_engine[curated],measured,
1808,moonshine$dispatch_1808_rope_s8,,,1000000000,us,1000000000000,0,,excluded_impossible,rope_s8,T=1;H=8;D=36;R=32,,,excluded_impossible,hart 1's tile has no P-extension (PynqZ2Configs.scala:220 WithPExtOnTiles(0) names hart 0 only); this kernel's body is custom-0 throughout and holds no hart-1-executable alternative -- it would take an illegal instruction
1809,moonshine$dispatch_1809_linear_s8,,,0.541353660,ms,541353.660,0,,board_measured_b1_scaled_by_measured_region_factor_0.5883,linear_s8,M=1;K=288;N=288,21654,roccmoon_engine[curated],measured,
1810,moonshine$dispatch_1810_rope_s8,,,1000000000,us,1000000000000,0,,excluded_impossible,rope_s8,T=1;H=8;D=36;R=32,,,excluded_impossible,hart 1's tile has no P-extension (PynqZ2Configs.scala:220 WithPExtOnTiles(0) names hart 0 only); this kernel's body is custom-0 throughout and holds no hart-1-executable alternative -- it would take an illegal instruction
1811,moonshine$dispatch_1811_linear_s8,,,0.536544307,ms,536544.307,0,,board_measured_b1_scaled_by_measured_region_factor_0.5883,linear_s8,M=1;K=288;N=288,21462,roccmoon_engine[curated],measured,
1812,moonshine$dispatch_1812_cat2_c1_s8,,,1000000000,us,1000000000000,0,,excluded_impossible,cat2_c1_s8,N=1;H=288;W=1;C_inputs=9|1;C_total=10,,,excluded_impossible,hart 1's tile has no P-extension (PynqZ2Configs.scala:220 WithPExtOnTiles(0) names hart 0 only); this kernel's body is custom-0 throughout and holds no hart-1-executable alternative -- it would take an illegal instruction
1813,moonshine$dispatch_1813_cat2_c1_s8,,,1000000000,us,1000000000000,0,,excluded_impossible,cat2_c1_s8,N=1;H=288;W=1;C_inputs=9|1;C_total=10,,,excluded_impossible,hart 1's tile has no P-extension (PynqZ2Configs.scala:220 WithPExtOnTiles(0) names hart 0 only); this kernel's body is custom-0 throughout and holds no hart-1-executable alternative -- it would take an illegal instruction
1814,moonshine$dispatch_1814_permute4_s8,,,1000000000,us,1000000000000,0,,excluded_impossible,permute4_s8,d0=1;d1=10;d2=8;d3=36;p0=0;p1=2;p2=1;p3=3,,,excluded_impossible,hart 1's tile has no P-extension (PynqZ2Configs.scala:220 WithPExtOnTiles(0) names hart 0 only); this kernel's body is custom-0 throughout and holds no hart-1-executable alternative -- it would take an illegal instruction
1815,moonshine$dispatch_1815_permute4_s8,,,1000000000,us,1000000000000,0,,excluded_impossible,permute4_s8,d0=1;d1=10;d2=8;d3=36;p0=0;p1=2;p2=1;p3=3,,,excluded_impossible,hart 1's tile has no P-extension (PynqZ2Configs.scala:220 WithPExtOnTiles(0) names hart 0 only); this kernel's body is custom-0 throughout and holds no hart-1-executable alternative -- it would take an illegal instruction
1816,moonshine$dispatch_1816_matmul_b_s8,,,1000000000,us,1000000000000,0,,excluded_impossible,matmul_b_s8,B=8;M=1;K=36;N=10;transpose_b=1,,,excluded_impossible,hart 1's tile has no P-extension (PynqZ2Configs.scala:220 WithPExtOnTiles(0) names hart 0 only); this kernel's body is custom-0 throughout and holds no hart-1-executable alternative -- it would take an illegal instruction
1817,moonshine$dispatch_1817_softmax_s8,,,1000000000,us,1000000000000,0,,excluded_impossible,softmax_s8,M=8;K=10,,,excluded_impossible,hart 1's tile has no P-extension (PynqZ2Configs.scala:220 WithPExtOnTiles(0) names hart 0 only); this kernel's body is custom-0 throughout and holds no hart-1-executable alternative -- it would take an illegal instruction
1818,moonshine$dispatch_1818_matmul_b_s8,,,1000000000,us,1000000000000,0,,excluded_impossible,matmul_b_s8,B=8;M=1;K=10;N=36;transpose_b=0,,,excluded_impossible,hart 1's tile has no P-extension (PynqZ2Configs.scala:220 WithPExtOnTiles(0) names hart 0 only); this kernel's body is custom-0 throughout and holds no hart-1-executable alternative -- it would take an illegal instruction
1819,moonshine$dispatch_1819_linear_s8,,,0.578063580,ms,578063.580,0,,board_measured_b1_scaled_by_measured_region_factor_0.5883,linear_s8,M=1;K=288;N=288,23123,roccmoon_engine[curated],measured,
1820,moonshine$dispatch_1820_add_s8,,,1000000000,us,1000000000000,0,,excluded_impossible,add_s8,n=288,,,excluded_impossible,hart 1's tile has no P-extension (PynqZ2Configs.scala:220 WithPExtOnTiles(0) names hart 0 only); this kernel's body is custom-0 throughout and holds no hart-1-executable alternative -- it would take an illegal instruction
1821,moonshine$dispatch_1821_layernorm_s8,,,1000000000,us,1000000000000,0,,excluded_impossible,layernorm_s8,M=1;K=288,,,excluded_impossible,hart 1's tile has no P-extension (PynqZ2Configs.scala:220 WithPExtOnTiles(0) names hart 0 only); this kernel's body is custom-0 throughout and holds no hart-1-executable alternative -- it would take an illegal instruction
1822,moonshine$dispatch_1822_linear_s8,,,0.545001120,ms,545001.120,0,,board_measured_b1_scaled_by_measured_region_factor_0.5883,linear_s8,M=1;K=288;N=288,21800,roccmoon_engine[curated],measured,
1823,moonshine$dispatch_1823_matmul_b_s8,,,1000000000,us,1000000000000,0,,excluded_impossible,matmul_b_s8,B=8;M=1;K=36;N=165;transpose_b=1,,,excluded_impossible,hart 1's tile has no P-extension (PynqZ2Configs.scala:220 WithPExtOnTiles(0) names hart 0 only); this kernel's body is custom-0 throughout and holds no hart-1-executable alternative -- it would take an illegal instruction
1824,moonshine$dispatch_1824_softmax_s8,,,1000000000,us,1000000000000,0,,excluded_impossible,softmax_s8,M=8;K=165,,,excluded_impossible,hart 1's tile has no P-extension (PynqZ2Configs.scala:220 WithPExtOnTiles(0) names hart 0 only); this kernel's body is custom-0 throughout and holds no hart-1-executable alternative -- it would take an illegal instruction
1825,moonshine$dispatch_1825_matmul_b_s8,,,1000000000,us,1000000000000,0,,excluded_impossible,matmul_b_s8,B=8;M=1;K=165;N=36;transpose_b=1,,,excluded_impossible,hart 1's tile has no P-extension (PynqZ2Configs.scala:220 WithPExtOnTiles(0) names hart 0 only); this kernel's body is custom-0 throughout and holds no hart-1-executable alternative -- it would take an illegal instruction
1826,moonshine$dispatch_1826_linear_s8,,,0.581122740,ms,581122.740,0,,board_measured_b1_scaled_by_measured_region_factor_0.5883,linear_s8,M=1;K=288;N=288,23245,roccmoon_engine[curated],measured,
1827,moonshine$dispatch_1827_add_s8,,,1000000000,us,1000000000000,0,,excluded_impossible,add_s8,n=288,,,excluded_impossible,hart 1's tile has no P-extension (PynqZ2Configs.scala:220 WithPExtOnTiles(0) names hart 0 only); this kernel's body is custom-0 throughout and holds no hart-1-executable alternative -- it would take an illegal instruction
1828,moonshine$dispatch_1828_layernorm_s8,,,1000000000,us,1000000000000,0,,excluded_impossible,layernorm_s8,M=1;K=288,,,excluded_impossible,hart 1's tile has no P-extension (PynqZ2Configs.scala:220 WithPExtOnTiles(0) names hart 0 only); this kernel's body is custom-0 throughout and holds no hart-1-executable alternative -- it would take an illegal instruction
1829,moonshine$dispatch_1829_linear_s8,,,1.247990205,ms,1247990.205,0,,board_measured_b1_scaled_by_measured_region_factor_0.5883,linear_s8,M=1;K=288;N=1152,49920,roccmoon_engine[curated],measured,
1830,moonshine$dispatch_1830_silu_s8,,,1000000000,us,1000000000000,0,,excluded_impossible,silu_s8,n=1152,,,excluded_impossible,hart 1's tile has no P-extension (PynqZ2Configs.scala:220 WithPExtOnTiles(0) names hart 0 only); this kernel's body is custom-0 throughout and holds no hart-1-executable alternative -- it would take an illegal instruction
1831,moonshine$dispatch_1831_linear_s8,,,1.247298953,ms,1247298.952,0,,board_measured_b1_scaled_by_measured_region_factor_0.5883,linear_s8,M=1;K=288;N=1152,49892,roccmoon_engine[curated],measured,
1832,moonshine$dispatch_1832_mul_s8,,,1000000000,us,1000000000000,0,,excluded_impossible,mul_s8,n=1152,,,excluded_impossible,hart 1's tile has no P-extension (PynqZ2Configs.scala:220 WithPExtOnTiles(0) names hart 0 only); this kernel's body is custom-0 throughout and holds no hart-1-executable alternative -- it would take an illegal instruction
1833,moonshine$dispatch_1833_linear_s8,,,1.257829523,ms,1257829.522,0,,board_measured_b1_scaled_by_measured_region_factor_0.5883,linear_s8,M=1;K=1152;N=288,50313,roccmoon_engine[curated],measured,
1834,moonshine$dispatch_1834_add_s8,,,1000000000,us,1000000000000,0,,excluded_impossible,add_s8,n=288,,,excluded_impossible,hart 1's tile has no P-extension (PynqZ2Configs.scala:220 WithPExtOnTiles(0) names hart 0 only); this kernel's body is custom-0 throughout and holds no hart-1-executable alternative -- it would take an illegal instruction
1835,moonshine$dispatch_1835_layernorm_s8,,,1000000000,us,1000000000000,0,,excluded_impossible,layernorm_s8,M=1;K=288,,,excluded_impossible,hart 1's tile has no P-extension (PynqZ2Configs.scala:220 WithPExtOnTiles(0) names hart 0 only); this kernel's body is custom-0 throughout and holds no hart-1-executable alternative -- it would take an illegal instruction
1836,moonshine$dispatch_1836_linear_s8,,,0.545339392,ms,545339.392,0,,board_measured_b1_scaled_by_measured_region_factor_0.5883,linear_s8,M=1;K=288;N=288,21814,roccmoon_engine[curated],measured,
1837,moonshine$dispatch_1837_rope_s8,,,1000000000,us,1000000000000,0,,excluded_impossible,rope_s8,T=1;H=8;D=36;R=32,,,excluded_impossible,hart 1's tile has no P-extension (PynqZ2Configs.scala:220 WithPExtOnTiles(0) names hart 0 only); this kernel's body is custom-0 throughout and holds no hart-1-executable alternative -- it would take an illegal instruction
1838,moonshine$dispatch_1838_linear_s8,,,0.543824520,ms,543824.520,0,,board_measured_b1_scaled_by_measured_region_factor_0.5883,linear_s8,M=1;K=288;N=288,21753,roccmoon_engine[curated],measured,
1839,moonshine$dispatch_1839_rope_s8,,,1000000000,us,1000000000000,0,,excluded_impossible,rope_s8,T=1;H=8;D=36;R=32,,,excluded_impossible,hart 1's tile has no P-extension (PynqZ2Configs.scala:220 WithPExtOnTiles(0) names hart 0 only); this kernel's body is custom-0 throughout and holds no hart-1-executable alternative -- it would take an illegal instruction
1840,moonshine$dispatch_1840_linear_s8,,,0.547398443,ms,547398.443,0,,board_measured_b1_scaled_by_measured_region_factor_0.5883,linear_s8,M=1;K=288;N=288,21896,roccmoon_engine[curated],measured,
1841,moonshine$dispatch_1841_cat2_c1_s8,,,1000000000,us,1000000000000,0,,excluded_impossible,cat2_c1_s8,N=1;H=288;W=1;C_inputs=9|1;C_total=10,,,excluded_impossible,hart 1's tile has no P-extension (PynqZ2Configs.scala:220 WithPExtOnTiles(0) names hart 0 only); this kernel's body is custom-0 throughout and holds no hart-1-executable alternative -- it would take an illegal instruction
1842,moonshine$dispatch_1842_cat2_c1_s8,,,1000000000,us,1000000000000,0,,excluded_impossible,cat2_c1_s8,N=1;H=288;W=1;C_inputs=9|1;C_total=10,,,excluded_impossible,hart 1's tile has no P-extension (PynqZ2Configs.scala:220 WithPExtOnTiles(0) names hart 0 only); this kernel's body is custom-0 throughout and holds no hart-1-executable alternative -- it would take an illegal instruction
1843,moonshine$dispatch_1843_permute4_s8,,,1000000000,us,1000000000000,0,,excluded_impossible,permute4_s8,d0=1;d1=10;d2=8;d3=36;p0=0;p1=2;p2=1;p3=3,,,excluded_impossible,hart 1's tile has no P-extension (PynqZ2Configs.scala:220 WithPExtOnTiles(0) names hart 0 only); this kernel's body is custom-0 throughout and holds no hart-1-executable alternative -- it would take an illegal instruction
1844,moonshine$dispatch_1844_permute4_s8,,,1000000000,us,1000000000000,0,,excluded_impossible,permute4_s8,d0=1;d1=10;d2=8;d3=36;p0=0;p1=2;p2=1;p3=3,,,excluded_impossible,hart 1's tile has no P-extension (PynqZ2Configs.scala:220 WithPExtOnTiles(0) names hart 0 only); this kernel's body is custom-0 throughout and holds no hart-1-executable alternative -- it would take an illegal instruction
1845,moonshine$dispatch_1845_matmul_b_s8,,,1000000000,us,1000000000000,0,,excluded_impossible,matmul_b_s8,B=8;M=1;K=36;N=10;transpose_b=1,,,excluded_impossible,hart 1's tile has no P-extension (PynqZ2Configs.scala:220 WithPExtOnTiles(0) names hart 0 only); this kernel's body is custom-0 throughout and holds no hart-1-executable alternative -- it would take an illegal instruction
1846,moonshine$dispatch_1846_softmax_s8,,,1000000000,us,1000000000000,0,,excluded_impossible,softmax_s8,M=8;K=10,,,excluded_impossible,hart 1's tile has no P-extension (PynqZ2Configs.scala:220 WithPExtOnTiles(0) names hart 0 only); this kernel's body is custom-0 throughout and holds no hart-1-executable alternative -- it would take an illegal instruction
1847,moonshine$dispatch_1847_matmul_b_s8,,,1000000000,us,1000000000000,0,,excluded_impossible,matmul_b_s8,B=8;M=1;K=10;N=36;transpose_b=0,,,excluded_impossible,hart 1's tile has no P-extension (PynqZ2Configs.scala:220 WithPExtOnTiles(0) names hart 0 only); this kernel's body is custom-0 throughout and holds no hart-1-executable alternative -- it would take an illegal instruction
1848,moonshine$dispatch_1848_linear_s8,,,0.575548598,ms,575548.598,0,,board_measured_b1_scaled_by_measured_region_factor_0.5883,linear_s8,M=1;K=288;N=288,23022,roccmoon_engine[curated],measured,
1849,moonshine$dispatch_1849_add_s8,,,1000000000,us,1000000000000,0,,excluded_impossible,add_s8,n=288,,,excluded_impossible,hart 1's tile has no P-extension (PynqZ2Configs.scala:220 WithPExtOnTiles(0) names hart 0 only); this kernel's body is custom-0 throughout and holds no hart-1-executable alternative -- it would take an illegal instruction
1850,moonshine$dispatch_1850_layernorm_s8,,,1000000000,us,1000000000000,0,,excluded_impossible,layernorm_s8,M=1;K=288,,,excluded_impossible,hart 1's tile has no P-extension (PynqZ2Configs.scala:220 WithPExtOnTiles(0) names hart 0 only); this kernel's body is custom-0 throughout and holds no hart-1-executable alternative -- it would take an illegal instruction
1851,moonshine$dispatch_1851_linear_s8,,,0.547163122,ms,547163.122,0,,board_measured_b1_scaled_by_measured_region_factor_0.5883,linear_s8,M=1;K=288;N=288,21887,roccmoon_engine[curated],measured,
1852,moonshine$dispatch_1852_matmul_b_s8,,,1000000000,us,1000000000000,0,,excluded_impossible,matmul_b_s8,B=8;M=1;K=36;N=165;transpose_b=1,,,excluded_impossible,hart 1's tile has no P-extension (PynqZ2Configs.scala:220 WithPExtOnTiles(0) names hart 0 only); this kernel's body is custom-0 throughout and holds no hart-1-executable alternative -- it would take an illegal instruction
1853,moonshine$dispatch_1853_softmax_s8,,,1000000000,us,1000000000000,0,,excluded_impossible,softmax_s8,M=8;K=165,,,excluded_impossible,hart 1's tile has no P-extension (PynqZ2Configs.scala:220 WithPExtOnTiles(0) names hart 0 only); this kernel's body is custom-0 throughout and holds no hart-1-executable alternative -- it would take an illegal instruction
1854,moonshine$dispatch_1854_matmul_b_s8,,,1000000000,us,1000000000000,0,,excluded_impossible,matmul_b_s8,B=8;M=1;K=165;N=36;transpose_b=1,,,excluded_impossible,hart 1's tile has no P-extension (PynqZ2Configs.scala:220 WithPExtOnTiles(0) names hart 0 only); this kernel's body is custom-0 throughout and holds no hart-1-executable alternative -- it would take an illegal instruction
1855,moonshine$dispatch_1855_linear_s8,,,0.584328975,ms,584328.975,0,,board_measured_b1_scaled_by_measured_region_factor_0.5883,linear_s8,M=1;K=288;N=288,23373,roccmoon_engine[curated],measured,
1856,moonshine$dispatch_1856_add_s8,,,1000000000,us,1000000000000,0,,excluded_impossible,add_s8,n=288,,,excluded_impossible,hart 1's tile has no P-extension (PynqZ2Configs.scala:220 WithPExtOnTiles(0) names hart 0 only); this kernel's body is custom-0 throughout and holds no hart-1-executable alternative -- it would take an illegal instruction
1857,moonshine$dispatch_1857_layernorm_s8,,,1000000000,us,1000000000000,0,,excluded_impossible,layernorm_s8,M=1;K=288,,,excluded_impossible,hart 1's tile has no P-extension (PynqZ2Configs.scala:220 WithPExtOnTiles(0) names hart 0 only); this kernel's body is custom-0 throughout and holds no hart-1-executable alternative -- it would take an illegal instruction
1858,moonshine$dispatch_1858_linear_s8,,,1.261035758,ms,1261035.758,0,,board_measured_b1_scaled_by_measured_region_factor_0.5883,linear_s8,M=1;K=288;N=1152,50441,roccmoon_engine[curated],measured,
1859,moonshine$dispatch_1859_silu_s8,,,1000000000,us,1000000000000,0,,excluded_impossible,silu_s8,n=1152,,,excluded_impossible,hart 1's tile has no P-extension (PynqZ2Configs.scala:220 WithPExtOnTiles(0) names hart 0 only); this kernel's body is custom-0 throughout and holds no hart-1-executable alternative -- it would take an illegal instruction
1860,moonshine$dispatch_1860_linear_s8,,,1.264300823,ms,1264300.823,0,,board_measured_b1_scaled_by_measured_region_factor_0.5883,linear_s8,M=1;K=288;N=1152,50572,roccmoon_engine[curated],measured,
1861,moonshine$dispatch_1861_mul_s8,,,1000000000,us,1000000000000,0,,excluded_impossible,mul_s8,n=1152,,,excluded_impossible,hart 1's tile has no P-extension (PynqZ2Configs.scala:220 WithPExtOnTiles(0) names hart 0 only); this kernel's body is custom-0 throughout and holds no hart-1-executable alternative -- it would take an illegal instruction
1862,moonshine$dispatch_1862_linear_s8,,,1.263212468,ms,1263212.468,0,,board_measured_b1_scaled_by_measured_region_factor_0.5883,linear_s8,M=1;K=1152;N=288,50528,roccmoon_engine[curated],measured,
1863,moonshine$dispatch_1863_add_s8,,,1000000000,us,1000000000000,0,,excluded_impossible,add_s8,n=288,,,excluded_impossible,hart 1's tile has no P-extension (PynqZ2Configs.scala:220 WithPExtOnTiles(0) names hart 0 only); this kernel's body is custom-0 throughout and holds no hart-1-executable alternative -- it would take an illegal instruction
1864,moonshine$dispatch_1864_layernorm_s8,,,1000000000,us,1000000000000,0,,excluded_impossible,layernorm_s8,M=1;K=288,,,excluded_impossible,hart 1's tile has no P-extension (PynqZ2Configs.scala:220 WithPExtOnTiles(0) names hart 0 only); this kernel's body is custom-0 throughout and holds no hart-1-executable alternative -- it would take an illegal instruction
1865,moonshine$dispatch_1865_linear_s8,,,0.551281223,ms,551281.223,0,,board_measured_b1_scaled_by_measured_region_factor_0.5883,linear_s8,M=1;K=288;N=288,22051,roccmoon_engine[curated],measured,
1866,moonshine$dispatch_1866_rope_s8,,,1000000000,us,1000000000000,0,,excluded_impossible,rope_s8,T=1;H=8;D=36;R=32,,,excluded_impossible,hart 1's tile has no P-extension (PynqZ2Configs.scala:220 WithPExtOnTiles(0) names hart 0 only); this kernel's body is custom-0 throughout and holds no hart-1-executable alternative -- it would take an illegal instruction
1867,moonshine$dispatch_1867_linear_s8,,,0.546339503,ms,546339.503,0,,board_measured_b1_scaled_by_measured_region_factor_0.5883,linear_s8,M=1;K=288;N=288,21854,roccmoon_engine[curated],measured,
1868,moonshine$dispatch_1868_rope_s8,,,1000000000,us,1000000000000,0,,excluded_impossible,rope_s8,T=1;H=8;D=36;R=32,,,excluded_impossible,hart 1's tile has no P-extension (PynqZ2Configs.scala:220 WithPExtOnTiles(0) names hart 0 only); this kernel's body is custom-0 throughout and holds no hart-1-executable alternative -- it would take an illegal instruction
1869,moonshine$dispatch_1869_linear_s8,,,0.542515552,ms,542515.552,0,,board_measured_b1_scaled_by_measured_region_factor_0.5883,linear_s8,M=1;K=288;N=288,21701,roccmoon_engine[curated],measured,
1870,moonshine$dispatch_1870_cat2_c1_s8,,,1000000000,us,1000000000000,0,,excluded_impossible,cat2_c1_s8,N=1;H=288;W=1;C_inputs=9|1;C_total=10,,,excluded_impossible,hart 1's tile has no P-extension (PynqZ2Configs.scala:220 WithPExtOnTiles(0) names hart 0 only); this kernel's body is custom-0 throughout and holds no hart-1-executable alternative -- it would take an illegal instruction
1871,moonshine$dispatch_1871_cat2_c1_s8,,,1000000000,us,1000000000000,0,,excluded_impossible,cat2_c1_s8,N=1;H=288;W=1;C_inputs=9|1;C_total=10,,,excluded_impossible,hart 1's tile has no P-extension (PynqZ2Configs.scala:220 WithPExtOnTiles(0) names hart 0 only); this kernel's body is custom-0 throughout and holds no hart-1-executable alternative -- it would take an illegal instruction
1872,moonshine$dispatch_1872_permute4_s8,,,1000000000,us,1000000000000,0,,excluded_impossible,permute4_s8,d0=1;d1=10;d2=8;d3=36;p0=0;p1=2;p2=1;p3=3,,,excluded_impossible,hart 1's tile has no P-extension (PynqZ2Configs.scala:220 WithPExtOnTiles(0) names hart 0 only); this kernel's body is custom-0 throughout and holds no hart-1-executable alternative -- it would take an illegal instruction
1873,moonshine$dispatch_1873_permute4_s8,,,1000000000,us,1000000000000,0,,excluded_impossible,permute4_s8,d0=1;d1=10;d2=8;d3=36;p0=0;p1=2;p2=1;p3=3,,,excluded_impossible,hart 1's tile has no P-extension (PynqZ2Configs.scala:220 WithPExtOnTiles(0) names hart 0 only); this kernel's body is custom-0 throughout and holds no hart-1-executable alternative -- it would take an illegal instruction
1874,moonshine$dispatch_1874_matmul_b_s8,,,1000000000,us,1000000000000,0,,excluded_impossible,matmul_b_s8,B=8;M=1;K=36;N=10;transpose_b=1,,,excluded_impossible,hart 1's tile has no P-extension (PynqZ2Configs.scala:220 WithPExtOnTiles(0) names hart 0 only); this kernel's body is custom-0 throughout and holds no hart-1-executable alternative -- it would take an illegal instruction
1875,moonshine$dispatch_1875_softmax_s8,,,1000000000,us,1000000000000,0,,excluded_impossible,softmax_s8,M=8;K=10,,,excluded_impossible,hart 1's tile has no P-extension (PynqZ2Configs.scala:220 WithPExtOnTiles(0) names hart 0 only); this kernel's body is custom-0 throughout and holds no hart-1-executable alternative -- it would take an illegal instruction
1876,moonshine$dispatch_1876_matmul_b_s8,,,1000000000,us,1000000000000,0,,excluded_impossible,matmul_b_s8,B=8;M=1;K=10;N=36;transpose_b=0,,,excluded_impossible,hart 1's tile has no P-extension (PynqZ2Configs.scala:220 WithPExtOnTiles(0) names hart 0 only); this kernel's body is custom-0 throughout and holds no hart-1-executable alternative -- it would take an illegal instruction
1877,moonshine$dispatch_1877_linear_s8,,,0.582652320,ms,582652.320,0,,board_measured_b1_scaled_by_measured_region_factor_0.5883,linear_s8,M=1;K=288;N=288,23306,roccmoon_engine[curated],measured,
1878,moonshine$dispatch_1878_add_s8,,,1000000000,us,1000000000000,0,,excluded_impossible,add_s8,n=288,,,excluded_impossible,hart 1's tile has no P-extension (PynqZ2Configs.scala:220 WithPExtOnTiles(0) names hart 0 only); this kernel's body is custom-0 throughout and holds no hart-1-executable alternative -- it would take an illegal instruction
1879,moonshine$dispatch_1879_layernorm_s8,,,1000000000,us,1000000000000,0,,excluded_impossible,layernorm_s8,M=1;K=288,,,excluded_impossible,hart 1's tile has no P-extension (PynqZ2Configs.scala:220 WithPExtOnTiles(0) names hart 0 only); this kernel's body is custom-0 throughout and holds no hart-1-executable alternative -- it would take an illegal instruction
1880,moonshine$dispatch_1880_linear_s8,,,0.556767120,ms,556767.120,0,,board_measured_b1_scaled_by_measured_region_factor_0.5883,linear_s8,M=1;K=288;N=288,22271,roccmoon_engine[curated],measured,
1881,moonshine$dispatch_1881_matmul_b_s8,,,1000000000,us,1000000000000,0,,excluded_impossible,matmul_b_s8,B=8;M=1;K=36;N=165;transpose_b=1,,,excluded_impossible,hart 1's tile has no P-extension (PynqZ2Configs.scala:220 WithPExtOnTiles(0) names hart 0 only); this kernel's body is custom-0 throughout and holds no hart-1-executable alternative -- it would take an illegal instruction
1882,moonshine$dispatch_1882_softmax_s8,,,1000000000,us,1000000000000,0,,excluded_impossible,softmax_s8,M=8;K=165,,,excluded_impossible,hart 1's tile has no P-extension (PynqZ2Configs.scala:220 WithPExtOnTiles(0) names hart 0 only); this kernel's body is custom-0 throughout and holds no hart-1-executable alternative -- it would take an illegal instruction
1883,moonshine$dispatch_1883_matmul_b_s8,,,1000000000,us,1000000000000,0,,excluded_impossible,matmul_b_s8,B=8;M=1;K=165;N=36;transpose_b=1,,,excluded_impossible,hart 1's tile has no P-extension (PynqZ2Configs.scala:220 WithPExtOnTiles(0) names hart 0 only); this kernel's body is custom-0 throughout and holds no hart-1-executable alternative -- it would take an illegal instruction
1884,moonshine$dispatch_1884_linear_s8,,,0.589608967,ms,589608.967,0,,board_measured_b1_scaled_by_measured_region_factor_0.5883,linear_s8,M=1;K=288;N=288,23584,roccmoon_engine[curated],measured,
1885,moonshine$dispatch_1885_add_s8,,,1000000000,us,1000000000000,0,,excluded_impossible,add_s8,n=288,,,excluded_impossible,hart 1's tile has no P-extension (PynqZ2Configs.scala:220 WithPExtOnTiles(0) names hart 0 only); this kernel's body is custom-0 throughout and holds no hart-1-executable alternative -- it would take an illegal instruction
1886,moonshine$dispatch_1886_layernorm_s8,,,1000000000,us,1000000000000,0,,excluded_impossible,layernorm_s8,M=1;K=288,,,excluded_impossible,hart 1's tile has no P-extension (PynqZ2Configs.scala:220 WithPExtOnTiles(0) names hart 0 only); this kernel's body is custom-0 throughout and holds no hart-1-executable alternative -- it would take an illegal instruction
1887,moonshine$dispatch_1887_linear_s8,,,1.261329908,ms,1261329.908,0,,board_measured_b1_scaled_by_measured_region_factor_0.5883,linear_s8,M=1;K=288;N=1152,50453,roccmoon_engine[curated],measured,
1888,moonshine$dispatch_1888_silu_s8,,,1000000000,us,1000000000000,0,,excluded_impossible,silu_s8,n=1152,,,excluded_impossible,hart 1's tile has no P-extension (PynqZ2Configs.scala:220 WithPExtOnTiles(0) names hart 0 only); this kernel's body is custom-0 throughout and holds no hart-1-executable alternative -- it would take an illegal instruction
1889,moonshine$dispatch_1889_linear_s8,,,1.277537573,ms,1277537.573,0,,board_measured_b1_scaled_by_measured_region_factor_0.5883,linear_s8,M=1;K=288;N=1152,51102,roccmoon_engine[curated],measured,
1890,moonshine$dispatch_1890_mul_s8,,,1000000000,us,1000000000000,0,,excluded_impossible,mul_s8,n=1152,,,excluded_impossible,hart 1's tile has no P-extension (PynqZ2Configs.scala:220 WithPExtOnTiles(0) names hart 0 only); this kernel's body is custom-0 throughout and holds no hart-1-executable alternative -- it would take an illegal instruction
1891,moonshine$dispatch_1891_linear_s8,,,1.274728440,ms,1274728.440,0,,board_measured_b1_scaled_by_measured_region_factor_0.5883,linear_s8,M=1;K=1152;N=288,50989,roccmoon_engine[curated],measured,
1892,moonshine$dispatch_1892_add_s8,,,1000000000,us,1000000000000,0,,excluded_impossible,add_s8,n=288,,,excluded_impossible,hart 1's tile has no P-extension (PynqZ2Configs.scala:220 WithPExtOnTiles(0) names hart 0 only); this kernel's body is custom-0 throughout and holds no hart-1-executable alternative -- it would take an illegal instruction
1893,moonshine$dispatch_1893_layernorm_s8,,,1000000000,us,1000000000000,0,,excluded_impossible,layernorm_s8,M=1;K=288,,,excluded_impossible,hart 1's tile has no P-extension (PynqZ2Configs.scala:220 WithPExtOnTiles(0) names hart 0 only); this kernel's body is custom-0 throughout and holds no hart-1-executable alternative -- it would take an illegal instruction
1894,moonshine$dispatch_1894_linear_s8,,,14.177750558,ms,14177750.558,0,,board_measured_b1_scaled_by_measured_region_factor_0.5883,linear_s8,M=1;K=288;N=16384,567110,roccmoon_engine[curated],measured,
1895,moonshine$dispatch_1895_linear_s8,,,14.137172565,ms,14137172.565,0,,board_measured_b1_scaled_by_measured_region_factor_0.5883,linear_s8,M=1;K=288;N=16384,565487,roccmoon_engine[curated],measured,
1896,moonshine$dispatch_1896_cat2_c1_s8,,,1000000000,us,1000000000000,0,,excluded_impossible,cat2_c1_s8,N=1;H=1;W=1;C_inputs=16384|16384;C_total=32768,,,excluded_impossible,hart 1's tile has no P-extension (PynqZ2Configs.scala:220 WithPExtOnTiles(0) names hart 0 only); this kernel's body is custom-0 throughout and holds no hart-1-executable alternative -- it would take an illegal instruction
1897,moonshine$dispatch_1897_layernorm_s8,,,1000000000,us,1000000000000,0,,excluded_impossible,layernorm_s8,M=1;K=288,,,excluded_impossible,hart 1's tile has no P-extension (PynqZ2Configs.scala:220 WithPExtOnTiles(0) names hart 0 only); this kernel's body is custom-0 throughout and holds no hart-1-executable alternative -- it would take an illegal instruction
1898,moonshine$dispatch_1898_linear_s8,,,0.570886320,ms,570886.320,0,,board_measured_b1_scaled_by_measured_region_factor_0.5883,linear_s8,M=1;K=288;N=288,22835,roccmoon_engine[curated],measured,
1899,moonshine$dispatch_1899_rope_s8,,,1000000000,us,1000000000000,0,,excluded_impossible,rope_s8,T=1;H=8;D=36;R=32,,,excluded_impossible,hart 1's tile has no P-extension (PynqZ2Configs.scala:220 WithPExtOnTiles(0) names hart 0 only); this kernel's body is custom-0 throughout and holds no hart-1-executable alternative -- it would take an illegal instruction
1900,moonshine$dispatch_1900_linear_s8,,,0.532749773,ms,532749.773,0,,board_measured_b1_scaled_by_measured_region_factor_0.5883,linear_s8,M=1;K=288;N=288,21310,roccmoon_engine[curated],measured,
1901,moonshine$dispatch_1901_rope_s8,,,1000000000,us,1000000000000,0,,excluded_impossible,rope_s8,T=1;H=8;D=36;R=32,,,excluded_impossible,hart 1's tile has no P-extension (PynqZ2Configs.scala:220 WithPExtOnTiles(0) names hart 0 only); this kernel's body is custom-0 throughout and holds no hart-1-executable alternative -- it would take an illegal instruction
1902,moonshine$dispatch_1902_linear_s8,,,0.522704550,ms,522704.550,0,,board_measured_b1_scaled_by_measured_region_factor_0.5883,linear_s8,M=1;K=288;N=288,20908,roccmoon_engine[curated],measured,
1903,moonshine$dispatch_1903_cat2_c1_s8,,,1000000000,us,1000000000000,0,,excluded_impossible,cat2_c1_s8,N=1;H=288;W=1;C_inputs=10|1;C_total=11,,,excluded_impossible,hart 1's tile has no P-extension (PynqZ2Configs.scala:220 WithPExtOnTiles(0) names hart 0 only); this kernel's body is custom-0 throughout and holds no hart-1-executable alternative -- it would take an illegal instruction
1904,moonshine$dispatch_1904_cat2_c1_s8,,,1000000000,us,1000000000000,0,,excluded_impossible,cat2_c1_s8,N=1;H=288;W=1;C_inputs=10|1;C_total=11,,,excluded_impossible,hart 1's tile has no P-extension (PynqZ2Configs.scala:220 WithPExtOnTiles(0) names hart 0 only); this kernel's body is custom-0 throughout and holds no hart-1-executable alternative -- it would take an illegal instruction
1905,moonshine$dispatch_1905_permute4_s8,,,1000000000,us,1000000000000,0,,excluded_impossible,permute4_s8,d0=1;d1=11;d2=8;d3=36;p0=0;p1=2;p2=1;p3=3,,,excluded_impossible,hart 1's tile has no P-extension (PynqZ2Configs.scala:220 WithPExtOnTiles(0) names hart 0 only); this kernel's body is custom-0 throughout and holds no hart-1-executable alternative -- it would take an illegal instruction
1906,moonshine$dispatch_1906_permute4_s8,,,1000000000,us,1000000000000,0,,excluded_impossible,permute4_s8,d0=1;d1=11;d2=8;d3=36;p0=0;p1=2;p2=1;p3=3,,,excluded_impossible,hart 1's tile has no P-extension (PynqZ2Configs.scala:220 WithPExtOnTiles(0) names hart 0 only); this kernel's body is custom-0 throughout and holds no hart-1-executable alternative -- it would take an illegal instruction
1907,moonshine$dispatch_1907_matmul_b_s8,,,1000000000,us,1000000000000,0,,excluded_impossible,matmul_b_s8,B=8;M=1;K=36;N=11;transpose_b=1,,,excluded_impossible,hart 1's tile has no P-extension (PynqZ2Configs.scala:220 WithPExtOnTiles(0) names hart 0 only); this kernel's body is custom-0 throughout and holds no hart-1-executable alternative -- it would take an illegal instruction
1908,moonshine$dispatch_1908_softmax_s8,,,1000000000,us,1000000000000,0,,excluded_impossible,softmax_s8,M=8;K=11,,,excluded_impossible,hart 1's tile has no P-extension (PynqZ2Configs.scala:220 WithPExtOnTiles(0) names hart 0 only); this kernel's body is custom-0 throughout and holds no hart-1-executable alternative -- it would take an illegal instruction
1909,moonshine$dispatch_1909_matmul_b_s8,,,1000000000,us,1000000000000,0,,excluded_impossible,matmul_b_s8,B=8;M=1;K=11;N=36;transpose_b=0,,,excluded_impossible,hart 1's tile has no P-extension (PynqZ2Configs.scala:220 WithPExtOnTiles(0) names hart 0 only); this kernel's body is custom-0 throughout and holds no hart-1-executable alternative -- it would take an illegal instruction
1910,moonshine$dispatch_1910_linear_s8,,,0.553987403,ms,553987.402,0,,board_measured_b1_scaled_by_measured_region_factor_0.5883,linear_s8,M=1;K=288;N=288,22159,roccmoon_engine[curated],measured,
1911,moonshine$dispatch_1911_add_s8,,,1000000000,us,1000000000000,0,,excluded_impossible,add_s8,n=288,,,excluded_impossible,hart 1's tile has no P-extension (PynqZ2Configs.scala:220 WithPExtOnTiles(0) names hart 0 only); this kernel's body is custom-0 throughout and holds no hart-1-executable alternative -- it would take an illegal instruction
1912,moonshine$dispatch_1912_layernorm_s8,,,1000000000,us,1000000000000,0,,excluded_impossible,layernorm_s8,M=1;K=288,,,excluded_impossible,hart 1's tile has no P-extension (PynqZ2Configs.scala:220 WithPExtOnTiles(0) names hart 0 only); this kernel's body is custom-0 throughout and holds no hart-1-executable alternative -- it would take an illegal instruction
1913,moonshine$dispatch_1913_linear_s8,,,0.524793015,ms,524793.015,0,,board_measured_b1_scaled_by_measured_region_factor_0.5883,linear_s8,M=1;K=288;N=288,20992,roccmoon_engine[curated],measured,
1914,moonshine$dispatch_1914_matmul_b_s8,,,1000000000,us,1000000000000,0,,excluded_impossible,matmul_b_s8,B=8;M=1;K=36;N=165;transpose_b=1,,,excluded_impossible,hart 1's tile has no P-extension (PynqZ2Configs.scala:220 WithPExtOnTiles(0) names hart 0 only); this kernel's body is custom-0 throughout and holds no hart-1-executable alternative -- it would take an illegal instruction
1915,moonshine$dispatch_1915_softmax_s8,,,1000000000,us,1000000000000,0,,excluded_impossible,softmax_s8,M=8;K=165,,,excluded_impossible,hart 1's tile has no P-extension (PynqZ2Configs.scala:220 WithPExtOnTiles(0) names hart 0 only); this kernel's body is custom-0 throughout and holds no hart-1-executable alternative -- it would take an illegal instruction
1916,moonshine$dispatch_1916_matmul_b_s8,,,1000000000,us,1000000000000,0,,excluded_impossible,matmul_b_s8,B=8;M=1;K=165;N=36;transpose_b=1,,,excluded_impossible,hart 1's tile has no P-extension (PynqZ2Configs.scala:220 WithPExtOnTiles(0) names hart 0 only); this kernel's body is custom-0 throughout and holds no hart-1-executable alternative -- it would take an illegal instruction
1917,moonshine$dispatch_1917_linear_s8,,,0.558179040,ms,558179.040,0,,board_measured_b1_scaled_by_measured_region_factor_0.5883,linear_s8,M=1;K=288;N=288,22327,roccmoon_engine[curated],measured,
1918,moonshine$dispatch_1918_add_s8,,,1000000000,us,1000000000000,0,,excluded_impossible,add_s8,n=288,,,excluded_impossible,hart 1's tile has no P-extension (PynqZ2Configs.scala:220 WithPExtOnTiles(0) names hart 0 only); this kernel's body is custom-0 throughout and holds no hart-1-executable alternative -- it would take an illegal instruction
1919,moonshine$dispatch_1919_layernorm_s8,,,1000000000,us,1000000000000,0,,excluded_impossible,layernorm_s8,M=1;K=288,,,excluded_impossible,hart 1's tile has no P-extension (PynqZ2Configs.scala:220 WithPExtOnTiles(0) names hart 0 only); this kernel's body is custom-0 throughout and holds no hart-1-executable alternative -- it would take an illegal instruction
1920,moonshine$dispatch_1920_linear_s8,,,1.233532733,ms,1233532.733,0,,board_measured_b1_scaled_by_measured_region_factor_0.5883,linear_s8,M=1;K=288;N=1152,49341,roccmoon_engine[curated],measured,
1921,moonshine$dispatch_1921_silu_s8,,,1000000000,us,1000000000000,0,,excluded_impossible,silu_s8,n=1152,,,excluded_impossible,hart 1's tile has no P-extension (PynqZ2Configs.scala:220 WithPExtOnTiles(0) names hart 0 only); this kernel's body is custom-0 throughout and holds no hart-1-executable alternative -- it would take an illegal instruction
1922,moonshine$dispatch_1922_linear_s8,,,1.234885823,ms,1234885.823,0,,board_measured_b1_scaled_by_measured_region_factor_0.5883,linear_s8,M=1;K=288;N=1152,49395,roccmoon_engine[curated],measured,
1923,moonshine$dispatch_1923_mul_s8,,,1000000000,us,1000000000000,0,,excluded_impossible,mul_s8,n=1152,,,excluded_impossible,hart 1's tile has no P-extension (PynqZ2Configs.scala:220 WithPExtOnTiles(0) names hart 0 only); this kernel's body is custom-0 throughout and holds no hart-1-executable alternative -- it would take an illegal instruction
1924,moonshine$dispatch_1924_linear_s8,,,1.243430880,ms,1243430.880,0,,board_measured_b1_scaled_by_measured_region_factor_0.5883,linear_s8,M=1;K=1152;N=288,49737,roccmoon_engine[curated],measured,
1925,moonshine$dispatch_1925_add_s8,,,1000000000,us,1000000000000,0,,excluded_impossible,add_s8,n=288,,,excluded_impossible,hart 1's tile has no P-extension (PynqZ2Configs.scala:220 WithPExtOnTiles(0) names hart 0 only); this kernel's body is custom-0 throughout and holds no hart-1-executable alternative -- it would take an illegal instruction
1926,moonshine$dispatch_1926_layernorm_s8,,,1000000000,us,1000000000000,0,,excluded_impossible,layernorm_s8,M=1;K=288,,,excluded_impossible,hart 1's tile has no P-extension (PynqZ2Configs.scala:220 WithPExtOnTiles(0) names hart 0 only); this kernel's body is custom-0 throughout and holds no hart-1-executable alternative -- it would take an illegal instruction
1927,moonshine$dispatch_1927_linear_s8,,,0.527513903,ms,527513.903,0,,board_measured_b1_scaled_by_measured_region_factor_0.5883,linear_s8,M=1;K=288;N=288,21101,roccmoon_engine[curated],measured,
1928,moonshine$dispatch_1928_rope_s8,,,1000000000,us,1000000000000,0,,excluded_impossible,rope_s8,T=1;H=8;D=36;R=32,,,excluded_impossible,hart 1's tile has no P-extension (PynqZ2Configs.scala:220 WithPExtOnTiles(0) names hart 0 only); this kernel's body is custom-0 throughout and holds no hart-1-executable alternative -- it would take an illegal instruction
1929,moonshine$dispatch_1929_linear_s8,,,0.529278803,ms,529278.802,0,,board_measured_b1_scaled_by_measured_region_factor_0.5883,linear_s8,M=1;K=288;N=288,21171,roccmoon_engine[curated],measured,
1930,moonshine$dispatch_1930_rope_s8,,,1000000000,us,1000000000000,0,,excluded_impossible,rope_s8,T=1;H=8;D=36;R=32,,,excluded_impossible,hart 1's tile has no P-extension (PynqZ2Configs.scala:220 WithPExtOnTiles(0) names hart 0 only); this kernel's body is custom-0 throughout and holds no hart-1-executable alternative -- it would take an illegal instruction
1931,moonshine$dispatch_1931_linear_s8,,,0.530058300,ms,530058.300,0,,board_measured_b1_scaled_by_measured_region_factor_0.5883,linear_s8,M=1;K=288;N=288,21202,roccmoon_engine[curated],measured,
1932,moonshine$dispatch_1932_cat2_c1_s8,,,1000000000,us,1000000000000,0,,excluded_impossible,cat2_c1_s8,N=1;H=288;W=1;C_inputs=10|1;C_total=11,,,excluded_impossible,hart 1's tile has no P-extension (PynqZ2Configs.scala:220 WithPExtOnTiles(0) names hart 0 only); this kernel's body is custom-0 throughout and holds no hart-1-executable alternative -- it would take an illegal instruction
1933,moonshine$dispatch_1933_cat2_c1_s8,,,1000000000,us,1000000000000,0,,excluded_impossible,cat2_c1_s8,N=1;H=288;W=1;C_inputs=10|1;C_total=11,,,excluded_impossible,hart 1's tile has no P-extension (PynqZ2Configs.scala:220 WithPExtOnTiles(0) names hart 0 only); this kernel's body is custom-0 throughout and holds no hart-1-executable alternative -- it would take an illegal instruction
1934,moonshine$dispatch_1934_permute4_s8,,,1000000000,us,1000000000000,0,,excluded_impossible,permute4_s8,d0=1;d1=11;d2=8;d3=36;p0=0;p1=2;p2=1;p3=3,,,excluded_impossible,hart 1's tile has no P-extension (PynqZ2Configs.scala:220 WithPExtOnTiles(0) names hart 0 only); this kernel's body is custom-0 throughout and holds no hart-1-executable alternative -- it would take an illegal instruction
1935,moonshine$dispatch_1935_permute4_s8,,,1000000000,us,1000000000000,0,,excluded_impossible,permute4_s8,d0=1;d1=11;d2=8;d3=36;p0=0;p1=2;p2=1;p3=3,,,excluded_impossible,hart 1's tile has no P-extension (PynqZ2Configs.scala:220 WithPExtOnTiles(0) names hart 0 only); this kernel's body is custom-0 throughout and holds no hart-1-executable alternative -- it would take an illegal instruction
1936,moonshine$dispatch_1936_matmul_b_s8,,,1000000000,us,1000000000000,0,,excluded_impossible,matmul_b_s8,B=8;M=1;K=36;N=11;transpose_b=1,,,excluded_impossible,hart 1's tile has no P-extension (PynqZ2Configs.scala:220 WithPExtOnTiles(0) names hart 0 only); this kernel's body is custom-0 throughout and holds no hart-1-executable alternative -- it would take an illegal instruction
1937,moonshine$dispatch_1937_softmax_s8,,,1000000000,us,1000000000000,0,,excluded_impossible,softmax_s8,M=8;K=11,,,excluded_impossible,hart 1's tile has no P-extension (PynqZ2Configs.scala:220 WithPExtOnTiles(0) names hart 0 only); this kernel's body is custom-0 throughout and holds no hart-1-executable alternative -- it would take an illegal instruction
1938,moonshine$dispatch_1938_matmul_b_s8,,,1000000000,us,1000000000000,0,,excluded_impossible,matmul_b_s8,B=8;M=1;K=11;N=36;transpose_b=0,,,excluded_impossible,hart 1's tile has no P-extension (PynqZ2Configs.scala:220 WithPExtOnTiles(0) names hart 0 only); this kernel's body is custom-0 throughout and holds no hart-1-executable alternative -- it would take an illegal instruction
1939,moonshine$dispatch_1939_linear_s8,,,0.564870953,ms,564870.953,0,,board_measured_b1_scaled_by_measured_region_factor_0.5883,linear_s8,M=1;K=288;N=288,22595,roccmoon_engine[curated],measured,
1940,moonshine$dispatch_1940_add_s8,,,1000000000,us,1000000000000,0,,excluded_impossible,add_s8,n=288,,,excluded_impossible,hart 1's tile has no P-extension (PynqZ2Configs.scala:220 WithPExtOnTiles(0) names hart 0 only); this kernel's body is custom-0 throughout and holds no hart-1-executable alternative -- it would take an illegal instruction
1941,moonshine$dispatch_1941_layernorm_s8,,,1000000000,us,1000000000000,0,,excluded_impossible,layernorm_s8,M=1;K=288,,,excluded_impossible,hart 1's tile has no P-extension (PynqZ2Configs.scala:220 WithPExtOnTiles(0) names hart 0 only); this kernel's body is custom-0 throughout and holds no hart-1-executable alternative -- it would take an illegal instruction
1942,moonshine$dispatch_1942_linear_s8,,,0.530764260,ms,530764.260,0,,board_measured_b1_scaled_by_measured_region_factor_0.5883,linear_s8,M=1;K=288;N=288,21231,roccmoon_engine[curated],measured,
1943,moonshine$dispatch_1943_matmul_b_s8,,,1000000000,us,1000000000000,0,,excluded_impossible,matmul_b_s8,B=8;M=1;K=36;N=165;transpose_b=1,,,excluded_impossible,hart 1's tile has no P-extension (PynqZ2Configs.scala:220 WithPExtOnTiles(0) names hart 0 only); this kernel's body is custom-0 throughout and holds no hart-1-executable alternative -- it would take an illegal instruction
1944,moonshine$dispatch_1944_softmax_s8,,,1000000000,us,1000000000000,0,,excluded_impossible,softmax_s8,M=8;K=165,,,excluded_impossible,hart 1's tile has no P-extension (PynqZ2Configs.scala:220 WithPExtOnTiles(0) names hart 0 only); this kernel's body is custom-0 throughout and holds no hart-1-executable alternative -- it would take an illegal instruction
1945,moonshine$dispatch_1945_matmul_b_s8,,,1000000000,us,1000000000000,0,,excluded_impossible,matmul_b_s8,B=8;M=1;K=165;N=36;transpose_b=1,,,excluded_impossible,hart 1's tile has no P-extension (PynqZ2Configs.scala:220 WithPExtOnTiles(0) names hart 0 only); this kernel's body is custom-0 throughout and holds no hart-1-executable alternative -- it would take an illegal instruction
1946,moonshine$dispatch_1946_linear_s8,,,0.564915075,ms,564915.075,0,,board_measured_b1_scaled_by_measured_region_factor_0.5883,linear_s8,M=1;K=288;N=288,22597,roccmoon_engine[curated],measured,
1947,moonshine$dispatch_1947_add_s8,,,1000000000,us,1000000000000,0,,excluded_impossible,add_s8,n=288,,,excluded_impossible,hart 1's tile has no P-extension (PynqZ2Configs.scala:220 WithPExtOnTiles(0) names hart 0 only); this kernel's body is custom-0 throughout and holds no hart-1-executable alternative -- it would take an illegal instruction
1948,moonshine$dispatch_1948_layernorm_s8,,,1000000000,us,1000000000000,0,,excluded_impossible,layernorm_s8,M=1;K=288,,,excluded_impossible,hart 1's tile has no P-extension (PynqZ2Configs.scala:220 WithPExtOnTiles(0) names hart 0 only); this kernel's body is custom-0 throughout and holds no hart-1-executable alternative -- it would take an illegal instruction
1949,moonshine$dispatch_1949_linear_s8,,,1.237606710,ms,1237606.710,0,,board_measured_b1_scaled_by_measured_region_factor_0.5883,linear_s8,M=1;K=288;N=1152,49504,roccmoon_engine[curated],measured,
1950,moonshine$dispatch_1950_silu_s8,,,1000000000,us,1000000000000,0,,excluded_impossible,silu_s8,n=1152,,,excluded_impossible,hart 1's tile has no P-extension (PynqZ2Configs.scala:220 WithPExtOnTiles(0) names hart 0 only); this kernel's body is custom-0 throughout and holds no hart-1-executable alternative -- it would take an illegal instruction
1951,moonshine$dispatch_1951_linear_s8,,,1.235709443,ms,1235709.443,0,,board_measured_b1_scaled_by_measured_region_factor_0.5883,linear_s8,M=1;K=288;N=1152,49428,roccmoon_engine[curated],measured,
1952,moonshine$dispatch_1952_mul_s8,,,1000000000,us,1000000000000,0,,excluded_impossible,mul_s8,n=1152,,,excluded_impossible,hart 1's tile has no P-extension (PynqZ2Configs.scala:220 WithPExtOnTiles(0) names hart 0 only); this kernel's body is custom-0 throughout and holds no hart-1-executable alternative -- it would take an illegal instruction
1953,moonshine$dispatch_1953_linear_s8,,,1.248740287,ms,1248740.288,0,,board_measured_b1_scaled_by_measured_region_factor_0.5883,linear_s8,M=1;K=1152;N=288,49950,roccmoon_engine[curated],measured,
1954,moonshine$dispatch_1954_add_s8,,,1000000000,us,1000000000000,0,,excluded_impossible,add_s8,n=288,,,excluded_impossible,hart 1's tile has no P-extension (PynqZ2Configs.scala:220 WithPExtOnTiles(0) names hart 0 only); this kernel's body is custom-0 throughout and holds no hart-1-executable alternative -- it would take an illegal instruction
1955,moonshine$dispatch_1955_layernorm_s8,,,1000000000,us,1000000000000,0,,excluded_impossible,layernorm_s8,M=1;K=288,,,excluded_impossible,hart 1's tile has no P-extension (PynqZ2Configs.scala:220 WithPExtOnTiles(0) names hart 0 only); this kernel's body is custom-0 throughout and holds no hart-1-executable alternative -- it would take an illegal instruction
1956,moonshine$dispatch_1956_linear_s8,,,0.533499855,ms,533499.855,0,,board_measured_b1_scaled_by_measured_region_factor_0.5883,linear_s8,M=1;K=288;N=288,21340,roccmoon_engine[curated],measured,
1957,moonshine$dispatch_1957_rope_s8,,,1000000000,us,1000000000000,0,,excluded_impossible,rope_s8,T=1;H=8;D=36;R=32,,,excluded_impossible,hart 1's tile has no P-extension (PynqZ2Configs.scala:220 WithPExtOnTiles(0) names hart 0 only); this kernel's body is custom-0 throughout and holds no hart-1-executable alternative -- it would take an illegal instruction
1958,moonshine$dispatch_1958_linear_s8,,,0.536058960,ms,536058.960,0,,board_measured_b1_scaled_by_measured_region_factor_0.5883,linear_s8,M=1;K=288;N=288,21442,roccmoon_engine[curated],measured,
1959,moonshine$dispatch_1959_rope_s8,,,1000000000,us,1000000000000,0,,excluded_impossible,rope_s8,T=1;H=8;D=36;R=32,,,excluded_impossible,hart 1's tile has no P-extension (PynqZ2Configs.scala:220 WithPExtOnTiles(0) names hart 0 only); this kernel's body is custom-0 throughout and holds no hart-1-executable alternative -- it would take an illegal instruction
1960,moonshine$dispatch_1960_linear_s8,,,0.529528830,ms,529528.830,0,,board_measured_b1_scaled_by_measured_region_factor_0.5883,linear_s8,M=1;K=288;N=288,21181,roccmoon_engine[curated],measured,
1961,moonshine$dispatch_1961_cat2_c1_s8,,,1000000000,us,1000000000000,0,,excluded_impossible,cat2_c1_s8,N=1;H=288;W=1;C_inputs=10|1;C_total=11,,,excluded_impossible,hart 1's tile has no P-extension (PynqZ2Configs.scala:220 WithPExtOnTiles(0) names hart 0 only); this kernel's body is custom-0 throughout and holds no hart-1-executable alternative -- it would take an illegal instruction
1962,moonshine$dispatch_1962_cat2_c1_s8,,,1000000000,us,1000000000000,0,,excluded_impossible,cat2_c1_s8,N=1;H=288;W=1;C_inputs=10|1;C_total=11,,,excluded_impossible,hart 1's tile has no P-extension (PynqZ2Configs.scala:220 WithPExtOnTiles(0) names hart 0 only); this kernel's body is custom-0 throughout and holds no hart-1-executable alternative -- it would take an illegal instruction
1963,moonshine$dispatch_1963_permute4_s8,,,1000000000,us,1000000000000,0,,excluded_impossible,permute4_s8,d0=1;d1=11;d2=8;d3=36;p0=0;p1=2;p2=1;p3=3,,,excluded_impossible,hart 1's tile has no P-extension (PynqZ2Configs.scala:220 WithPExtOnTiles(0) names hart 0 only); this kernel's body is custom-0 throughout and holds no hart-1-executable alternative -- it would take an illegal instruction
1964,moonshine$dispatch_1964_permute4_s8,,,1000000000,us,1000000000000,0,,excluded_impossible,permute4_s8,d0=1;d1=11;d2=8;d3=36;p0=0;p1=2;p2=1;p3=3,,,excluded_impossible,hart 1's tile has no P-extension (PynqZ2Configs.scala:220 WithPExtOnTiles(0) names hart 0 only); this kernel's body is custom-0 throughout and holds no hart-1-executable alternative -- it would take an illegal instruction
1965,moonshine$dispatch_1965_matmul_b_s8,,,1000000000,us,1000000000000,0,,excluded_impossible,matmul_b_s8,B=8;M=1;K=36;N=11;transpose_b=1,,,excluded_impossible,hart 1's tile has no P-extension (PynqZ2Configs.scala:220 WithPExtOnTiles(0) names hart 0 only); this kernel's body is custom-0 throughout and holds no hart-1-executable alternative -- it would take an illegal instruction
1966,moonshine$dispatch_1966_softmax_s8,,,1000000000,us,1000000000000,0,,excluded_impossible,softmax_s8,M=8;K=11,,,excluded_impossible,hart 1's tile has no P-extension (PynqZ2Configs.scala:220 WithPExtOnTiles(0) names hart 0 only); this kernel's body is custom-0 throughout and holds no hart-1-executable alternative -- it would take an illegal instruction
1967,moonshine$dispatch_1967_matmul_b_s8,,,1000000000,us,1000000000000,0,,excluded_impossible,matmul_b_s8,B=8;M=1;K=11;N=36;transpose_b=0,,,excluded_impossible,hart 1's tile has no P-extension (PynqZ2Configs.scala:220 WithPExtOnTiles(0) names hart 0 only); this kernel's body is custom-0 throughout and holds no hart-1-executable alternative -- it would take an illegal instruction
1968,moonshine$dispatch_1968_linear_s8,,,0.563753182,ms,563753.182,0,,board_measured_b1_scaled_by_measured_region_factor_0.5883,linear_s8,M=1;K=288;N=288,22550,roccmoon_engine[curated],measured,
1969,moonshine$dispatch_1969_add_s8,,,1000000000,us,1000000000000,0,,excluded_impossible,add_s8,n=288,,,excluded_impossible,hart 1's tile has no P-extension (PynqZ2Configs.scala:220 WithPExtOnTiles(0) names hart 0 only); this kernel's body is custom-0 throughout and holds no hart-1-executable alternative -- it would take an illegal instruction
1970,moonshine$dispatch_1970_layernorm_s8,,,1000000000,us,1000000000000,0,,excluded_impossible,layernorm_s8,M=1;K=288,,,excluded_impossible,hart 1's tile has no P-extension (PynqZ2Configs.scala:220 WithPExtOnTiles(0) names hart 0 only); this kernel's body is custom-0 throughout and holds no hart-1-executable alternative -- it would take an illegal instruction
1971,moonshine$dispatch_1971_linear_s8,,,0.535058850,ms,535058.850,0,,board_measured_b1_scaled_by_measured_region_factor_0.5883,linear_s8,M=1;K=288;N=288,21402,roccmoon_engine[curated],measured,
1972,moonshine$dispatch_1972_matmul_b_s8,,,1000000000,us,1000000000000,0,,excluded_impossible,matmul_b_s8,B=8;M=1;K=36;N=165;transpose_b=1,,,excluded_impossible,hart 1's tile has no P-extension (PynqZ2Configs.scala:220 WithPExtOnTiles(0) names hart 0 only); this kernel's body is custom-0 throughout and holds no hart-1-executable alternative -- it would take an illegal instruction
1973,moonshine$dispatch_1973_softmax_s8,,,1000000000,us,1000000000000,0,,excluded_impossible,softmax_s8,M=8;K=165,,,excluded_impossible,hart 1's tile has no P-extension (PynqZ2Configs.scala:220 WithPExtOnTiles(0) names hart 0 only); this kernel's body is custom-0 throughout and holds no hart-1-executable alternative -- it would take an illegal instruction
1974,moonshine$dispatch_1974_matmul_b_s8,,,1000000000,us,1000000000000,0,,excluded_impossible,matmul_b_s8,B=8;M=1;K=165;N=36;transpose_b=1,,,excluded_impossible,hart 1's tile has no P-extension (PynqZ2Configs.scala:220 WithPExtOnTiles(0) names hart 0 only); this kernel's body is custom-0 throughout and holds no hart-1-executable alternative -- it would take an illegal instruction
1975,moonshine$dispatch_1975_linear_s8,,,0.574019018,ms,574019.018,0,,board_measured_b1_scaled_by_measured_region_factor_0.5883,linear_s8,M=1;K=288;N=288,22961,roccmoon_engine[curated],measured,
1976,moonshine$dispatch_1976_add_s8,,,1000000000,us,1000000000000,0,,excluded_impossible,add_s8,n=288,,,excluded_impossible,hart 1's tile has no P-extension (PynqZ2Configs.scala:220 WithPExtOnTiles(0) names hart 0 only); this kernel's body is custom-0 throughout and holds no hart-1-executable alternative -- it would take an illegal instruction
1977,moonshine$dispatch_1977_layernorm_s8,,,1000000000,us,1000000000000,0,,excluded_impossible,layernorm_s8,M=1;K=288,,,excluded_impossible,hart 1's tile has no P-extension (PynqZ2Configs.scala:220 WithPExtOnTiles(0) names hart 0 only); this kernel's body is custom-0 throughout and holds no hart-1-executable alternative -- it would take an illegal instruction
1978,moonshine$dispatch_1978_linear_s8,,,1.240195230,ms,1240195.230,0,,board_measured_b1_scaled_by_measured_region_factor_0.5883,linear_s8,M=1;K=288;N=1152,49608,roccmoon_engine[curated],measured,
1979,moonshine$dispatch_1979_silu_s8,,,1000000000,us,1000000000000,0,,excluded_impossible,silu_s8,n=1152,,,excluded_impossible,hart 1's tile has no P-extension (PynqZ2Configs.scala:220 WithPExtOnTiles(0) names hart 0 only); this kernel's body is custom-0 throughout and holds no hart-1-executable alternative -- it would take an illegal instruction
1980,moonshine$dispatch_1980_linear_s8,,,1.256579385,ms,1256579.385,0,,board_measured_b1_scaled_by_measured_region_factor_0.5883,linear_s8,M=1;K=288;N=1152,50263,roccmoon_engine[curated],measured,
1981,moonshine$dispatch_1981_mul_s8,,,1000000000,us,1000000000000,0,,excluded_impossible,mul_s8,n=1152,,,excluded_impossible,hart 1's tile has no P-extension (PynqZ2Configs.scala:220 WithPExtOnTiles(0) names hart 0 only); this kernel's body is custom-0 throughout and holds no hart-1-executable alternative -- it would take an illegal instruction
1982,moonshine$dispatch_1982_linear_s8,,,1.269036638,ms,1269036.638,0,,board_measured_b1_scaled_by_measured_region_factor_0.5883,linear_s8,M=1;K=1152;N=288,50761,roccmoon_engine[curated],measured,
1983,moonshine$dispatch_1983_add_s8,,,1000000000,us,1000000000000,0,,excluded_impossible,add_s8,n=288,,,excluded_impossible,hart 1's tile has no P-extension (PynqZ2Configs.scala:220 WithPExtOnTiles(0) names hart 0 only); this kernel's body is custom-0 throughout and holds no hart-1-executable alternative -- it would take an illegal instruction
1984,moonshine$dispatch_1984_layernorm_s8,,,1000000000,us,1000000000000,0,,excluded_impossible,layernorm_s8,M=1;K=288,,,excluded_impossible,hart 1's tile has no P-extension (PynqZ2Configs.scala:220 WithPExtOnTiles(0) names hart 0 only); this kernel's body is custom-0 throughout and holds no hart-1-executable alternative -- it would take an illegal instruction
1985,moonshine$dispatch_1985_linear_s8,,,0.539412270,ms,539412.270,0,,board_measured_b1_scaled_by_measured_region_factor_0.5883,linear_s8,M=1;K=288;N=288,21576,roccmoon_engine[curated],measured,
1986,moonshine$dispatch_1986_rope_s8,,,1000000000,us,1000000000000,0,,excluded_impossible,rope_s8,T=1;H=8;D=36;R=32,,,excluded_impossible,hart 1's tile has no P-extension (PynqZ2Configs.scala:220 WithPExtOnTiles(0) names hart 0 only); this kernel's body is custom-0 throughout and holds no hart-1-executable alternative -- it would take an illegal instruction
1987,moonshine$dispatch_1987_linear_s8,,,0.556090575,ms,556090.575,0,,board_measured_b1_scaled_by_measured_region_factor_0.5883,linear_s8,M=1;K=288;N=288,22244,roccmoon_engine[curated],measured,
1988,moonshine$dispatch_1988_rope_s8,,,1000000000,us,1000000000000,0,,excluded_impossible,rope_s8,T=1;H=8;D=36;R=32,,,excluded_impossible,hart 1's tile has no P-extension (PynqZ2Configs.scala:220 WithPExtOnTiles(0) names hart 0 only); this kernel's body is custom-0 throughout and holds no hart-1-executable alternative -- it would take an illegal instruction
1989,moonshine$dispatch_1989_linear_s8,,,0.537147315,ms,537147.315,0,,board_measured_b1_scaled_by_measured_region_factor_0.5883,linear_s8,M=1;K=288;N=288,21486,roccmoon_engine[curated],measured,
1990,moonshine$dispatch_1990_cat2_c1_s8,,,1000000000,us,1000000000000,0,,excluded_impossible,cat2_c1_s8,N=1;H=288;W=1;C_inputs=10|1;C_total=11,,,excluded_impossible,hart 1's tile has no P-extension (PynqZ2Configs.scala:220 WithPExtOnTiles(0) names hart 0 only); this kernel's body is custom-0 throughout and holds no hart-1-executable alternative -- it would take an illegal instruction
1991,moonshine$dispatch_1991_cat2_c1_s8,,,1000000000,us,1000000000000,0,,excluded_impossible,cat2_c1_s8,N=1;H=288;W=1;C_inputs=10|1;C_total=11,,,excluded_impossible,hart 1's tile has no P-extension (PynqZ2Configs.scala:220 WithPExtOnTiles(0) names hart 0 only); this kernel's body is custom-0 throughout and holds no hart-1-executable alternative -- it would take an illegal instruction
1992,moonshine$dispatch_1992_permute4_s8,,,1000000000,us,1000000000000,0,,excluded_impossible,permute4_s8,d0=1;d1=11;d2=8;d3=36;p0=0;p1=2;p2=1;p3=3,,,excluded_impossible,hart 1's tile has no P-extension (PynqZ2Configs.scala:220 WithPExtOnTiles(0) names hart 0 only); this kernel's body is custom-0 throughout and holds no hart-1-executable alternative -- it would take an illegal instruction
1993,moonshine$dispatch_1993_permute4_s8,,,1000000000,us,1000000000000,0,,excluded_impossible,permute4_s8,d0=1;d1=11;d2=8;d3=36;p0=0;p1=2;p2=1;p3=3,,,excluded_impossible,hart 1's tile has no P-extension (PynqZ2Configs.scala:220 WithPExtOnTiles(0) names hart 0 only); this kernel's body is custom-0 throughout and holds no hart-1-executable alternative -- it would take an illegal instruction
1994,moonshine$dispatch_1994_matmul_b_s8,,,1000000000,us,1000000000000,0,,excluded_impossible,matmul_b_s8,B=8;M=1;K=36;N=11;transpose_b=1,,,excluded_impossible,hart 1's tile has no P-extension (PynqZ2Configs.scala:220 WithPExtOnTiles(0) names hart 0 only); this kernel's body is custom-0 throughout and holds no hart-1-executable alternative -- it would take an illegal instruction
1995,moonshine$dispatch_1995_softmax_s8,,,1000000000,us,1000000000000,0,,excluded_impossible,softmax_s8,M=8;K=11,,,excluded_impossible,hart 1's tile has no P-extension (PynqZ2Configs.scala:220 WithPExtOnTiles(0) names hart 0 only); this kernel's body is custom-0 throughout and holds no hart-1-executable alternative -- it would take an illegal instruction
1996,moonshine$dispatch_1996_matmul_b_s8,,,1000000000,us,1000000000000,0,,excluded_impossible,matmul_b_s8,B=8;M=1;K=11;N=36;transpose_b=0,,,excluded_impossible,hart 1's tile has no P-extension (PynqZ2Configs.scala:220 WithPExtOnTiles(0) names hart 0 only); this kernel's body is custom-0 throughout and holds no hart-1-executable alternative -- it would take an illegal instruction
1997,moonshine$dispatch_1997_linear_s8,,,0.579460793,ms,579460.793,0,,board_measured_b1_scaled_by_measured_region_factor_0.5883,linear_s8,M=1;K=288;N=288,23178,roccmoon_engine[curated],measured,
1998,moonshine$dispatch_1998_add_s8,,,1000000000,us,1000000000000,0,,excluded_impossible,add_s8,n=288,,,excluded_impossible,hart 1's tile has no P-extension (PynqZ2Configs.scala:220 WithPExtOnTiles(0) names hart 0 only); this kernel's body is custom-0 throughout and holds no hart-1-executable alternative -- it would take an illegal instruction
1999,moonshine$dispatch_1999_layernorm_s8,,,1000000000,us,1000000000000,0,,excluded_impossible,layernorm_s8,M=1;K=288,,,excluded_impossible,hart 1's tile has no P-extension (PynqZ2Configs.scala:220 WithPExtOnTiles(0) names hart 0 only); this kernel's body is custom-0 throughout and holds no hart-1-executable alternative -- it would take an illegal instruction
2000,moonshine$dispatch_2000_linear_s8,,,0.540000570,ms,540000.570,0,,board_measured_b1_scaled_by_measured_region_factor_0.5883,linear_s8,M=1;K=288;N=288,21600,roccmoon_engine[curated],measured,
2001,moonshine$dispatch_2001_matmul_b_s8,,,1000000000,us,1000000000000,0,,excluded_impossible,matmul_b_s8,B=8;M=1;K=36;N=165;transpose_b=1,,,excluded_impossible,hart 1's tile has no P-extension (PynqZ2Configs.scala:220 WithPExtOnTiles(0) names hart 0 only); this kernel's body is custom-0 throughout and holds no hart-1-executable alternative -- it would take an illegal instruction
2002,moonshine$dispatch_2002_softmax_s8,,,1000000000,us,1000000000000,0,,excluded_impossible,softmax_s8,M=8;K=165,,,excluded_impossible,hart 1's tile has no P-extension (PynqZ2Configs.scala:220 WithPExtOnTiles(0) names hart 0 only); this kernel's body is custom-0 throughout and holds no hart-1-executable alternative -- it would take an illegal instruction
2003,moonshine$dispatch_2003_matmul_b_s8,,,1000000000,us,1000000000000,0,,excluded_impossible,matmul_b_s8,B=8;M=1;K=165;N=36;transpose_b=1,,,excluded_impossible,hart 1's tile has no P-extension (PynqZ2Configs.scala:220 WithPExtOnTiles(0) names hart 0 only); this kernel's body is custom-0 throughout and holds no hart-1-executable alternative -- it would take an illegal instruction
2004,moonshine$dispatch_2004_linear_s8,,,0.579151935,ms,579151.935,0,,board_measured_b1_scaled_by_measured_region_factor_0.5883,linear_s8,M=1;K=288;N=288,23166,roccmoon_engine[curated],measured,
2005,moonshine$dispatch_2005_add_s8,,,1000000000,us,1000000000000,0,,excluded_impossible,add_s8,n=288,,,excluded_impossible,hart 1's tile has no P-extension (PynqZ2Configs.scala:220 WithPExtOnTiles(0) names hart 0 only); this kernel's body is custom-0 throughout and holds no hart-1-executable alternative -- it would take an illegal instruction
2006,moonshine$dispatch_2006_layernorm_s8,,,1000000000,us,1000000000000,0,,excluded_impossible,layernorm_s8,M=1;K=288,,,excluded_impossible,hart 1's tile has no P-extension (PynqZ2Configs.scala:220 WithPExtOnTiles(0) names hart 0 only); this kernel's body is custom-0 throughout and holds no hart-1-executable alternative -- it would take an illegal instruction
2007,moonshine$dispatch_2007_linear_s8,,,1.247607810,ms,1247607.810,0,,board_measured_b1_scaled_by_measured_region_factor_0.5883,linear_s8,M=1;K=288;N=1152,49904,roccmoon_engine[curated],measured,
2008,moonshine$dispatch_2008_silu_s8,,,1000000000,us,1000000000000,0,,excluded_impossible,silu_s8,n=1152,,,excluded_impossible,hart 1's tile has no P-extension (PynqZ2Configs.scala:220 WithPExtOnTiles(0) names hart 0 only); this kernel's body is custom-0 throughout and holds no hart-1-executable alternative -- it would take an illegal instruction
2009,moonshine$dispatch_2009_linear_s8,,,1.256461725,ms,1256461.725,0,,board_measured_b1_scaled_by_measured_region_factor_0.5883,linear_s8,M=1;K=288;N=1152,50258,roccmoon_engine[curated],measured,
2010,moonshine$dispatch_2010_mul_s8,,,1000000000,us,1000000000000,0,,excluded_impossible,mul_s8,n=1152,,,excluded_impossible,hart 1's tile has no P-extension (PynqZ2Configs.scala:220 WithPExtOnTiles(0) names hart 0 only); this kernel's body is custom-0 throughout and holds no hart-1-executable alternative -- it would take an illegal instruction
2011,moonshine$dispatch_2011_linear_s8,,,1.259138490,ms,1259138.490,0,,board_measured_b1_scaled_by_measured_region_factor_0.5883,linear_s8,M=1;K=1152;N=288,50366,roccmoon_engine[curated],measured,
2012,moonshine$dispatch_2012_add_s8,,,1000000000,us,1000000000000,0,,excluded_impossible,add_s8,n=288,,,excluded_impossible,hart 1's tile has no P-extension (PynqZ2Configs.scala:220 WithPExtOnTiles(0) names hart 0 only); this kernel's body is custom-0 throughout and holds no hart-1-executable alternative -- it would take an illegal instruction
2013,moonshine$dispatch_2013_layernorm_s8,,,1000000000,us,1000000000000,0,,excluded_impossible,layernorm_s8,M=1;K=288,,,excluded_impossible,hart 1's tile has no P-extension (PynqZ2Configs.scala:220 WithPExtOnTiles(0) names hart 0 only); this kernel's body is custom-0 throughout and holds no hart-1-executable alternative -- it would take an illegal instruction
2014,moonshine$dispatch_2014_linear_s8,,,0.546471870,ms,546471.870,0,,board_measured_b1_scaled_by_measured_region_factor_0.5883,linear_s8,M=1;K=288;N=288,21859,roccmoon_engine[curated],measured,
2015,moonshine$dispatch_2015_rope_s8,,,1000000000,us,1000000000000,0,,excluded_impossible,rope_s8,T=1;H=8;D=36;R=32,,,excluded_impossible,hart 1's tile has no P-extension (PynqZ2Configs.scala:220 WithPExtOnTiles(0) names hart 0 only); this kernel's body is custom-0 throughout and holds no hart-1-executable alternative -- it would take an illegal instruction
2016,moonshine$dispatch_2016_linear_s8,,,0.553457933,ms,553457.933,0,,board_measured_b1_scaled_by_measured_region_factor_0.5883,linear_s8,M=1;K=288;N=288,22138,roccmoon_engine[curated],measured,
2017,moonshine$dispatch_2017_rope_s8,,,1000000000,us,1000000000000,0,,excluded_impossible,rope_s8,T=1;H=8;D=36;R=32,,,excluded_impossible,hart 1's tile has no P-extension (PynqZ2Configs.scala:220 WithPExtOnTiles(0) names hart 0 only); this kernel's body is custom-0 throughout and holds no hart-1-executable alternative -- it would take an illegal instruction
2018,moonshine$dispatch_2018_linear_s8,,,0.538853385,ms,538853.385,0,,board_measured_b1_scaled_by_measured_region_factor_0.5883,linear_s8,M=1;K=288;N=288,21554,roccmoon_engine[curated],measured,
2019,moonshine$dispatch_2019_cat2_c1_s8,,,1000000000,us,1000000000000,0,,excluded_impossible,cat2_c1_s8,N=1;H=288;W=1;C_inputs=10|1;C_total=11,,,excluded_impossible,hart 1's tile has no P-extension (PynqZ2Configs.scala:220 WithPExtOnTiles(0) names hart 0 only); this kernel's body is custom-0 throughout and holds no hart-1-executable alternative -- it would take an illegal instruction
2020,moonshine$dispatch_2020_cat2_c1_s8,,,1000000000,us,1000000000000,0,,excluded_impossible,cat2_c1_s8,N=1;H=288;W=1;C_inputs=10|1;C_total=11,,,excluded_impossible,hart 1's tile has no P-extension (PynqZ2Configs.scala:220 WithPExtOnTiles(0) names hart 0 only); this kernel's body is custom-0 throughout and holds no hart-1-executable alternative -- it would take an illegal instruction
2021,moonshine$dispatch_2021_permute4_s8,,,1000000000,us,1000000000000,0,,excluded_impossible,permute4_s8,d0=1;d1=11;d2=8;d3=36;p0=0;p1=2;p2=1;p3=3,,,excluded_impossible,hart 1's tile has no P-extension (PynqZ2Configs.scala:220 WithPExtOnTiles(0) names hart 0 only); this kernel's body is custom-0 throughout and holds no hart-1-executable alternative -- it would take an illegal instruction
2022,moonshine$dispatch_2022_permute4_s8,,,1000000000,us,1000000000000,0,,excluded_impossible,permute4_s8,d0=1;d1=11;d2=8;d3=36;p0=0;p1=2;p2=1;p3=3,,,excluded_impossible,hart 1's tile has no P-extension (PynqZ2Configs.scala:220 WithPExtOnTiles(0) names hart 0 only); this kernel's body is custom-0 throughout and holds no hart-1-executable alternative -- it would take an illegal instruction
2023,moonshine$dispatch_2023_matmul_b_s8,,,1000000000,us,1000000000000,0,,excluded_impossible,matmul_b_s8,B=8;M=1;K=36;N=11;transpose_b=1,,,excluded_impossible,hart 1's tile has no P-extension (PynqZ2Configs.scala:220 WithPExtOnTiles(0) names hart 0 only); this kernel's body is custom-0 throughout and holds no hart-1-executable alternative -- it would take an illegal instruction
2024,moonshine$dispatch_2024_softmax_s8,,,1000000000,us,1000000000000,0,,excluded_impossible,softmax_s8,M=8;K=11,,,excluded_impossible,hart 1's tile has no P-extension (PynqZ2Configs.scala:220 WithPExtOnTiles(0) names hart 0 only); this kernel's body is custom-0 throughout and holds no hart-1-executable alternative -- it would take an illegal instruction
2025,moonshine$dispatch_2025_matmul_b_s8,,,1000000000,us,1000000000000,0,,excluded_impossible,matmul_b_s8,B=8;M=1;K=11;N=36;transpose_b=0,,,excluded_impossible,hart 1's tile has no P-extension (PynqZ2Configs.scala:220 WithPExtOnTiles(0) names hart 0 only); this kernel's body is custom-0 throughout and holds no hart-1-executable alternative -- it would take an illegal instruction
2026,moonshine$dispatch_2026_linear_s8,,,0.583623015,ms,583623.015,0,,board_measured_b1_scaled_by_measured_region_factor_0.5883,linear_s8,M=1;K=288;N=288,23345,roccmoon_engine[curated],measured,
2027,moonshine$dispatch_2027_add_s8,,,1000000000,us,1000000000000,0,,excluded_impossible,add_s8,n=288,,,excluded_impossible,hart 1's tile has no P-extension (PynqZ2Configs.scala:220 WithPExtOnTiles(0) names hart 0 only); this kernel's body is custom-0 throughout and holds no hart-1-executable alternative -- it would take an illegal instruction
2028,moonshine$dispatch_2028_layernorm_s8,,,1000000000,us,1000000000000,0,,excluded_impossible,layernorm_s8,M=1;K=288,,,excluded_impossible,hart 1's tile has no P-extension (PynqZ2Configs.scala:220 WithPExtOnTiles(0) names hart 0 only); this kernel's body is custom-0 throughout and holds no hart-1-executable alternative -- it would take an illegal instruction
2029,moonshine$dispatch_2029_linear_s8,,,0.544059840,ms,544059.840,0,,board_measured_b1_scaled_by_measured_region_factor_0.5883,linear_s8,M=1;K=288;N=288,21762,roccmoon_engine[curated],measured,
2030,moonshine$dispatch_2030_matmul_b_s8,,,1000000000,us,1000000000000,0,,excluded_impossible,matmul_b_s8,B=8;M=1;K=36;N=165;transpose_b=1,,,excluded_impossible,hart 1's tile has no P-extension (PynqZ2Configs.scala:220 WithPExtOnTiles(0) names hart 0 only); this kernel's body is custom-0 throughout and holds no hart-1-executable alternative -- it would take an illegal instruction
2031,moonshine$dispatch_2031_softmax_s8,,,1000000000,us,1000000000000,0,,excluded_impossible,softmax_s8,M=8;K=165,,,excluded_impossible,hart 1's tile has no P-extension (PynqZ2Configs.scala:220 WithPExtOnTiles(0) names hart 0 only); this kernel's body is custom-0 throughout and holds no hart-1-executable alternative -- it would take an illegal instruction
2032,moonshine$dispatch_2032_matmul_b_s8,,,1000000000,us,1000000000000,0,,excluded_impossible,matmul_b_s8,B=8;M=1;K=165;N=36;transpose_b=1,,,excluded_impossible,hart 1's tile has no P-extension (PynqZ2Configs.scala:220 WithPExtOnTiles(0) names hart 0 only); this kernel's body is custom-0 throughout and holds no hart-1-executable alternative -- it would take an illegal instruction
2033,moonshine$dispatch_2033_linear_s8,,,0.582299340,ms,582299.340,0,,board_measured_b1_scaled_by_measured_region_factor_0.5883,linear_s8,M=1;K=288;N=288,23292,roccmoon_engine[curated],measured,
2034,moonshine$dispatch_2034_add_s8,,,1000000000,us,1000000000000,0,,excluded_impossible,add_s8,n=288,,,excluded_impossible,hart 1's tile has no P-extension (PynqZ2Configs.scala:220 WithPExtOnTiles(0) names hart 0 only); this kernel's body is custom-0 throughout and holds no hart-1-executable alternative -- it would take an illegal instruction
2035,moonshine$dispatch_2035_layernorm_s8,,,1000000000,us,1000000000000,0,,excluded_impossible,layernorm_s8,M=1;K=288,,,excluded_impossible,hart 1's tile has no P-extension (PynqZ2Configs.scala:220 WithPExtOnTiles(0) names hart 0 only); this kernel's body is custom-0 throughout and holds no hart-1-executable alternative -- it would take an illegal instruction
2036,moonshine$dispatch_2036_linear_s8,,,1.252608360,ms,1252608.360,0,,board_measured_b1_scaled_by_measured_region_factor_0.5883,linear_s8,M=1;K=288;N=1152,50104,roccmoon_engine[curated],measured,
2037,moonshine$dispatch_2037_silu_s8,,,1000000000,us,1000000000000,0,,excluded_impossible,silu_s8,n=1152,,,excluded_impossible,hart 1's tile has no P-extension (PynqZ2Configs.scala:220 WithPExtOnTiles(0) names hart 0 only); this kernel's body is custom-0 throughout and holds no hart-1-executable alternative -- it would take an illegal instruction
2038,moonshine$dispatch_2038_linear_s8,,,1.255814595,ms,1255814.595,0,,board_measured_b1_scaled_by_measured_region_factor_0.5883,linear_s8,M=1;K=288;N=1152,50233,roccmoon_engine[curated],measured,
2039,moonshine$dispatch_2039_mul_s8,,,1000000000,us,1000000000000,0,,excluded_impossible,mul_s8,n=1152,,,excluded_impossible,hart 1's tile has no P-extension (PynqZ2Configs.scala:220 WithPExtOnTiles(0) names hart 0 only); this kernel's body is custom-0 throughout and holds no hart-1-executable alternative -- it would take an illegal instruction
2040,moonshine$dispatch_2040_linear_s8,,,1.267874745,ms,1267874.745,0,,board_measured_b1_scaled_by_measured_region_factor_0.5883,linear_s8,M=1;K=1152;N=288,50715,roccmoon_engine[curated],measured,
2041,moonshine$dispatch_2041_add_s8,,,1000000000,us,1000000000000,0,,excluded_impossible,add_s8,n=288,,,excluded_impossible,hart 1's tile has no P-extension (PynqZ2Configs.scala:220 WithPExtOnTiles(0) names hart 0 only); this kernel's body is custom-0 throughout and holds no hart-1-executable alternative -- it would take an illegal instruction
2042,moonshine$dispatch_2042_layernorm_s8,,,1000000000,us,1000000000000,0,,excluded_impossible,layernorm_s8,M=1;K=288,,,excluded_impossible,hart 1's tile has no P-extension (PynqZ2Configs.scala:220 WithPExtOnTiles(0) names hart 0 only); this kernel's body is custom-0 throughout and holds no hart-1-executable alternative -- it would take an illegal instruction
2043,moonshine$dispatch_2043_linear_s8,,,0.549751643,ms,549751.643,0,,board_measured_b1_scaled_by_measured_region_factor_0.5883,linear_s8,M=1;K=288;N=288,21990,roccmoon_engine[curated],measured,
2044,moonshine$dispatch_2044_rope_s8,,,1000000000,us,1000000000000,0,,excluded_impossible,rope_s8,T=1;H=8;D=36;R=32,,,excluded_impossible,hart 1's tile has no P-extension (PynqZ2Configs.scala:220 WithPExtOnTiles(0) names hart 0 only); this kernel's body is custom-0 throughout and holds no hart-1-executable alternative -- it would take an illegal instruction
2045,moonshine$dispatch_2045_linear_s8,,,0.553943280,ms,553943.280,0,,board_measured_b1_scaled_by_measured_region_factor_0.5883,linear_s8,M=1;K=288;N=288,22158,roccmoon_engine[curated],measured,
2046,moonshine$dispatch_2046_rope_s8,,,1000000000,us,1000000000000,0,,excluded_impossible,rope_s8,T=1;H=8;D=36;R=32,,,excluded_impossible,hart 1's tile has no P-extension (PynqZ2Configs.scala:220 WithPExtOnTiles(0) names hart 0 only); this kernel's body is custom-0 throughout and holds no hart-1-executable alternative -- it would take an illegal instruction
2047,moonshine$dispatch_2047_linear_s8,,,0.543853935,ms,543853.935,0,,board_measured_b1_scaled_by_measured_region_factor_0.5883,linear_s8,M=1;K=288;N=288,21754,roccmoon_engine[curated],measured,
2048,moonshine$dispatch_2048_cat2_c1_s8,,,1000000000,us,1000000000000,0,,excluded_impossible,cat2_c1_s8,N=1;H=288;W=1;C_inputs=10|1;C_total=11,,,excluded_impossible,hart 1's tile has no P-extension (PynqZ2Configs.scala:220 WithPExtOnTiles(0) names hart 0 only); this kernel's body is custom-0 throughout and holds no hart-1-executable alternative -- it would take an illegal instruction
2049,moonshine$dispatch_2049_cat2_c1_s8,,,1000000000,us,1000000000000,0,,excluded_impossible,cat2_c1_s8,N=1;H=288;W=1;C_inputs=10|1;C_total=11,,,excluded_impossible,hart 1's tile has no P-extension (PynqZ2Configs.scala:220 WithPExtOnTiles(0) names hart 0 only); this kernel's body is custom-0 throughout and holds no hart-1-executable alternative -- it would take an illegal instruction
2050,moonshine$dispatch_2050_permute4_s8,,,1000000000,us,1000000000000,0,,excluded_impossible,permute4_s8,d0=1;d1=11;d2=8;d3=36;p0=0;p1=2;p2=1;p3=3,,,excluded_impossible,hart 1's tile has no P-extension (PynqZ2Configs.scala:220 WithPExtOnTiles(0) names hart 0 only); this kernel's body is custom-0 throughout and holds no hart-1-executable alternative -- it would take an illegal instruction
2051,moonshine$dispatch_2051_permute4_s8,,,1000000000,us,1000000000000,0,,excluded_impossible,permute4_s8,d0=1;d1=11;d2=8;d3=36;p0=0;p1=2;p2=1;p3=3,,,excluded_impossible,hart 1's tile has no P-extension (PynqZ2Configs.scala:220 WithPExtOnTiles(0) names hart 0 only); this kernel's body is custom-0 throughout and holds no hart-1-executable alternative -- it would take an illegal instruction
2052,moonshine$dispatch_2052_matmul_b_s8,,,1000000000,us,1000000000000,0,,excluded_impossible,matmul_b_s8,B=8;M=1;K=36;N=11;transpose_b=1,,,excluded_impossible,hart 1's tile has no P-extension (PynqZ2Configs.scala:220 WithPExtOnTiles(0) names hart 0 only); this kernel's body is custom-0 throughout and holds no hart-1-executable alternative -- it would take an illegal instruction
2053,moonshine$dispatch_2053_softmax_s8,,,1000000000,us,1000000000000,0,,excluded_impossible,softmax_s8,M=8;K=11,,,excluded_impossible,hart 1's tile has no P-extension (PynqZ2Configs.scala:220 WithPExtOnTiles(0) names hart 0 only); this kernel's body is custom-0 throughout and holds no hart-1-executable alternative -- it would take an illegal instruction
2054,moonshine$dispatch_2054_matmul_b_s8,,,1000000000,us,1000000000000,0,,excluded_impossible,matmul_b_s8,B=8;M=1;K=11;N=36;transpose_b=0,,,excluded_impossible,hart 1's tile has no P-extension (PynqZ2Configs.scala:220 WithPExtOnTiles(0) names hart 0 only); this kernel's body is custom-0 throughout and holds no hart-1-executable alternative -- it would take an illegal instruction
2055,moonshine$dispatch_2055_linear_s8,,,0.582240510,ms,582240.510,0,,board_measured_b1_scaled_by_measured_region_factor_0.5883,linear_s8,M=1;K=288;N=288,23290,roccmoon_engine[curated],measured,
2056,moonshine$dispatch_2056_add_s8,,,1000000000,us,1000000000000,0,,excluded_impossible,add_s8,n=288,,,excluded_impossible,hart 1's tile has no P-extension (PynqZ2Configs.scala:220 WithPExtOnTiles(0) names hart 0 only); this kernel's body is custom-0 throughout and holds no hart-1-executable alternative -- it would take an illegal instruction
2057,moonshine$dispatch_2057_layernorm_s8,,,1000000000,us,1000000000000,0,,excluded_impossible,layernorm_s8,M=1;K=288,,,excluded_impossible,hart 1's tile has no P-extension (PynqZ2Configs.scala:220 WithPExtOnTiles(0) names hart 0 only); this kernel's body is custom-0 throughout and holds no hart-1-executable alternative -- it would take an illegal instruction
2058,moonshine$dispatch_2058_linear_s8,,,0.563003100,ms,563003.100,0,,board_measured_b1_scaled_by_measured_region_factor_0.5883,linear_s8,M=1;K=288;N=288,22520,roccmoon_engine[curated],measured,
2059,moonshine$dispatch_2059_matmul_b_s8,,,1000000000,us,1000000000000,0,,excluded_impossible,matmul_b_s8,B=8;M=1;K=36;N=165;transpose_b=1,,,excluded_impossible,hart 1's tile has no P-extension (PynqZ2Configs.scala:220 WithPExtOnTiles(0) names hart 0 only); this kernel's body is custom-0 throughout and holds no hart-1-executable alternative -- it would take an illegal instruction
2060,moonshine$dispatch_2060_softmax_s8,,,1000000000,us,1000000000000,0,,excluded_impossible,softmax_s8,M=8;K=165,,,excluded_impossible,hart 1's tile has no P-extension (PynqZ2Configs.scala:220 WithPExtOnTiles(0) names hart 0 only); this kernel's body is custom-0 throughout and holds no hart-1-executable alternative -- it would take an illegal instruction
2061,moonshine$dispatch_2061_matmul_b_s8,,,1000000000,us,1000000000000,0,,excluded_impossible,matmul_b_s8,B=8;M=1;K=165;N=36;transpose_b=1,,,excluded_impossible,hart 1's tile has no P-extension (PynqZ2Configs.scala:220 WithPExtOnTiles(0) names hart 0 only); this kernel's body is custom-0 throughout and holds no hart-1-executable alternative -- it would take an illegal instruction
2062,moonshine$dispatch_2062_linear_s8,,,0.591800385,ms,591800.385,0,,board_measured_b1_scaled_by_measured_region_factor_0.5883,linear_s8,M=1;K=288;N=288,23672,roccmoon_engine[curated],measured,
2063,moonshine$dispatch_2063_add_s8,,,1000000000,us,1000000000000,0,,excluded_impossible,add_s8,n=288,,,excluded_impossible,hart 1's tile has no P-extension (PynqZ2Configs.scala:220 WithPExtOnTiles(0) names hart 0 only); this kernel's body is custom-0 throughout and holds no hart-1-executable alternative -- it would take an illegal instruction
2064,moonshine$dispatch_2064_layernorm_s8,,,1000000000,us,1000000000000,0,,excluded_impossible,layernorm_s8,M=1;K=288,,,excluded_impossible,hart 1's tile has no P-extension (PynqZ2Configs.scala:220 WithPExtOnTiles(0) names hart 0 only); this kernel's body is custom-0 throughout and holds no hart-1-executable alternative -- it would take an illegal instruction
2065,moonshine$dispatch_2065_linear_s8,,,1.261462275,ms,1261462.275,0,,board_measured_b1_scaled_by_measured_region_factor_0.5883,linear_s8,M=1;K=288;N=1152,50458,roccmoon_engine[curated],measured,
2066,moonshine$dispatch_2066_silu_s8,,,1000000000,us,1000000000000,0,,excluded_impossible,silu_s8,n=1152,,,excluded_impossible,hart 1's tile has no P-extension (PynqZ2Configs.scala:220 WithPExtOnTiles(0) names hart 0 only); this kernel's body is custom-0 throughout and holds no hart-1-executable alternative -- it would take an illegal instruction
2067,moonshine$dispatch_2067_linear_s8,,,1.281685087,ms,1281685.087,0,,board_measured_b1_scaled_by_measured_region_factor_0.5883,linear_s8,M=1;K=288;N=1152,51267,roccmoon_engine[curated],measured,
2068,moonshine$dispatch_2068_mul_s8,,,1000000000,us,1000000000000,0,,excluded_impossible,mul_s8,n=1152,,,excluded_impossible,hart 1's tile has no P-extension (PynqZ2Configs.scala:220 WithPExtOnTiles(0) names hart 0 only); this kernel's body is custom-0 throughout and holds no hart-1-executable alternative -- it would take an illegal instruction
2069,moonshine$dispatch_2069_linear_s8,,,1.284332438,ms,1284332.438,0,,board_measured_b1_scaled_by_measured_region_factor_0.5883,linear_s8,M=1;K=1152;N=288,51373,roccmoon_engine[curated],measured,
2070,moonshine$dispatch_2070_add_s8,,,1000000000,us,1000000000000,0,,excluded_impossible,add_s8,n=288,,,excluded_impossible,hart 1's tile has no P-extension (PynqZ2Configs.scala:220 WithPExtOnTiles(0) names hart 0 only); this kernel's body is custom-0 throughout and holds no hart-1-executable alternative -- it would take an illegal instruction
2071,moonshine$dispatch_2071_layernorm_s8,,,1000000000,us,1000000000000,0,,excluded_impossible,layernorm_s8,M=1;K=288,,,excluded_impossible,hart 1's tile has no P-extension (PynqZ2Configs.scala:220 WithPExtOnTiles(0) names hart 0 only); this kernel's body is custom-0 throughout and holds no hart-1-executable alternative -- it would take an illegal instruction
2072,moonshine$dispatch_2072_linear_s8,,,14.172661763,ms,14172661.763,0,,board_measured_b1_scaled_by_measured_region_factor_0.5883,linear_s8,M=1;K=288;N=16384,566906,roccmoon_engine[curated],measured,
2073,moonshine$dispatch_2073_linear_s8,,,14.151203520,ms,14151203.520,0,,board_measured_b1_scaled_by_measured_region_factor_0.5883,linear_s8,M=1;K=288;N=16384,566048,roccmoon_engine[curated],measured,
2074,moonshine$dispatch_2074_cat2_c1_s8,,,1000000000,us,1000000000000,0,,excluded_impossible,cat2_c1_s8,N=1;H=1;W=1;C_inputs=16384|16384;C_total=32768,,,excluded_impossible,hart 1's tile has no P-extension (PynqZ2Configs.scala:220 WithPExtOnTiles(0) names hart 0 only); this kernel's body is custom-0 throughout and holds no hart-1-executable alternative -- it would take an illegal instruction
2075,moonshine$dispatch_2075_layernorm_s8,,,1000000000,us,1000000000000,0,,excluded_impossible,layernorm_s8,M=1;K=288,,,excluded_impossible,hart 1's tile has no P-extension (PynqZ2Configs.scala:220 WithPExtOnTiles(0) names hart 0 only); this kernel's body is custom-0 throughout and holds no hart-1-executable alternative -- it would take an illegal instruction
2076,moonshine$dispatch_2076_linear_s8,,,0.566385825,ms,566385.825,0,,board_measured_b1_scaled_by_measured_region_factor_0.5883,linear_s8,M=1;K=288;N=288,22655,roccmoon_engine[curated],measured,
2077,moonshine$dispatch_2077_rope_s8,,,1000000000,us,1000000000000,0,,excluded_impossible,rope_s8,T=1;H=8;D=36;R=32,,,excluded_impossible,hart 1's tile has no P-extension (PynqZ2Configs.scala:220 WithPExtOnTiles(0) names hart 0 only); this kernel's body is custom-0 throughout and holds no hart-1-executable alternative -- it would take an illegal instruction
2078,moonshine$dispatch_2078_linear_s8,,,0.529955348,ms,529955.348,0,,board_measured_b1_scaled_by_measured_region_factor_0.5883,linear_s8,M=1;K=288;N=288,21198,roccmoon_engine[curated],measured,
2079,moonshine$dispatch_2079_rope_s8,,,1000000000,us,1000000000000,0,,excluded_impossible,rope_s8,T=1;H=8;D=36;R=32,,,excluded_impossible,hart 1's tile has no P-extension (PynqZ2Configs.scala:220 WithPExtOnTiles(0) names hart 0 only); this kernel's body is custom-0 throughout and holds no hart-1-executable alternative -- it would take an illegal instruction
2080,moonshine$dispatch_2080_linear_s8,,,0.513159383,ms,513159.383,0,,board_measured_b1_scaled_by_measured_region_factor_0.5883,linear_s8,M=1;K=288;N=288,20526,roccmoon_engine[curated],measured,
2081,moonshine$dispatch_2081_cat2_c1_s8,,,1000000000,us,1000000000000,0,,excluded_impossible,cat2_c1_s8,N=1;H=288;W=1;C_inputs=11|1;C_total=12,,,excluded_impossible,hart 1's tile has no P-extension (PynqZ2Configs.scala:220 WithPExtOnTiles(0) names hart 0 only); this kernel's body is custom-0 throughout and holds no hart-1-executable alternative -- it would take an illegal instruction
2082,moonshine$dispatch_2082_cat2_c1_s8,,,1000000000,us,1000000000000,0,,excluded_impossible,cat2_c1_s8,N=1;H=288;W=1;C_inputs=11|1;C_total=12,,,excluded_impossible,hart 1's tile has no P-extension (PynqZ2Configs.scala:220 WithPExtOnTiles(0) names hart 0 only); this kernel's body is custom-0 throughout and holds no hart-1-executable alternative -- it would take an illegal instruction
2083,moonshine$dispatch_2083_permute4_s8,,,1000000000,us,1000000000000,0,,excluded_impossible,permute4_s8,d0=1;d1=12;d2=8;d3=36;p0=0;p1=2;p2=1;p3=3,,,excluded_impossible,hart 1's tile has no P-extension (PynqZ2Configs.scala:220 WithPExtOnTiles(0) names hart 0 only); this kernel's body is custom-0 throughout and holds no hart-1-executable alternative -- it would take an illegal instruction
2084,moonshine$dispatch_2084_permute4_s8,,,1000000000,us,1000000000000,0,,excluded_impossible,permute4_s8,d0=1;d1=12;d2=8;d3=36;p0=0;p1=2;p2=1;p3=3,,,excluded_impossible,hart 1's tile has no P-extension (PynqZ2Configs.scala:220 WithPExtOnTiles(0) names hart 0 only); this kernel's body is custom-0 throughout and holds no hart-1-executable alternative -- it would take an illegal instruction
2085,moonshine$dispatch_2085_matmul_b_s8,,,1000000000,us,1000000000000,0,,excluded_impossible,matmul_b_s8,B=8;M=1;K=36;N=12;transpose_b=1,,,excluded_impossible,hart 1's tile has no P-extension (PynqZ2Configs.scala:220 WithPExtOnTiles(0) names hart 0 only); this kernel's body is custom-0 throughout and holds no hart-1-executable alternative -- it would take an illegal instruction
2086,moonshine$dispatch_2086_softmax_s8,,,1000000000,us,1000000000000,0,,excluded_impossible,softmax_s8,M=8;K=12,,,excluded_impossible,hart 1's tile has no P-extension (PynqZ2Configs.scala:220 WithPExtOnTiles(0) names hart 0 only); this kernel's body is custom-0 throughout and holds no hart-1-executable alternative -- it would take an illegal instruction
2087,moonshine$dispatch_2087_matmul_b_s8,,,1000000000,us,1000000000000,0,,excluded_impossible,matmul_b_s8,B=8;M=1;K=12;N=36;transpose_b=0,,,excluded_impossible,hart 1's tile has no P-extension (PynqZ2Configs.scala:220 WithPExtOnTiles(0) names hart 0 only); this kernel's body is custom-0 throughout and holds no hart-1-executable alternative -- it would take an illegal instruction
2088,moonshine$dispatch_2088_linear_s8,,,0.559943940,ms,559943.940,0,,board_measured_b1_scaled_by_measured_region_factor_0.5883,linear_s8,M=1;K=288;N=288,22398,roccmoon_engine[curated],measured,
2089,moonshine$dispatch_2089_add_s8,,,1000000000,us,1000000000000,0,,excluded_impossible,add_s8,n=288,,,excluded_impossible,hart 1's tile has no P-extension (PynqZ2Configs.scala:220 WithPExtOnTiles(0) names hart 0 only); this kernel's body is custom-0 throughout and holds no hart-1-executable alternative -- it would take an illegal instruction
2090,moonshine$dispatch_2090_layernorm_s8,,,1000000000,us,1000000000000,0,,excluded_impossible,layernorm_s8,M=1;K=288,,,excluded_impossible,hart 1's tile has no P-extension (PynqZ2Configs.scala:220 WithPExtOnTiles(0) names hart 0 only); this kernel's body is custom-0 throughout and holds no hart-1-executable alternative -- it would take an illegal instruction
2091,moonshine$dispatch_2091_linear_s8,,,0.526793235,ms,526793.235,0,,board_measured_b1_scaled_by_measured_region_factor_0.5883,linear_s8,M=1;K=288;N=288,21072,roccmoon_engine[curated],measured,
2092,moonshine$dispatch_2092_matmul_b_s8,,,1000000000,us,1000000000000,0,,excluded_impossible,matmul_b_s8,B=8;M=1;K=36;N=165;transpose_b=1,,,excluded_impossible,hart 1's tile has no P-extension (PynqZ2Configs.scala:220 WithPExtOnTiles(0) names hart 0 only); this kernel's body is custom-0 throughout and holds no hart-1-executable alternative -- it would take an illegal instruction
2093,moonshine$dispatch_2093_softmax_s8,,,1000000000,us,1000000000000,0,,excluded_impossible,softmax_s8,M=8;K=165,,,excluded_impossible,hart 1's tile has no P-extension (PynqZ2Configs.scala:220 WithPExtOnTiles(0) names hart 0 only); this kernel's body is custom-0 throughout and holds no hart-1-executable alternative -- it would take an illegal instruction
2094,moonshine$dispatch_2094_matmul_b_s8,,,1000000000,us,1000000000000,0,,excluded_impossible,matmul_b_s8,B=8;M=1;K=165;N=36;transpose_b=1,,,excluded_impossible,hart 1's tile has no P-extension (PynqZ2Configs.scala:220 WithPExtOnTiles(0) names hart 0 only); this kernel's body is custom-0 throughout and holds no hart-1-executable alternative -- it would take an illegal instruction
2095,moonshine$dispatch_2095_linear_s8,,,0.559885110,ms,559885.110,0,,board_measured_b1_scaled_by_measured_region_factor_0.5883,linear_s8,M=1;K=288;N=288,22395,roccmoon_engine[curated],measured,
2096,moonshine$dispatch_2096_add_s8,,,1000000000,us,1000000000000,0,,excluded_impossible,add_s8,n=288,,,excluded_impossible,hart 1's tile has no P-extension (PynqZ2Configs.scala:220 WithPExtOnTiles(0) names hart 0 only); this kernel's body is custom-0 throughout and holds no hart-1-executable alternative -- it would take an illegal instruction
2097,moonshine$dispatch_2097_layernorm_s8,,,1000000000,us,1000000000000,0,,excluded_impossible,layernorm_s8,M=1;K=288,,,excluded_impossible,hart 1's tile has no P-extension (PynqZ2Configs.scala:220 WithPExtOnTiles(0) names hart 0 only); this kernel's body is custom-0 throughout and holds no hart-1-executable alternative -- it would take an illegal instruction
2098,moonshine$dispatch_2098_linear_s8,,,1.229179312,ms,1229179.312,0,,board_measured_b1_scaled_by_measured_region_factor_0.5883,linear_s8,M=1;K=288;N=1152,49167,roccmoon_engine[curated],measured,
2099,moonshine$dispatch_2099_silu_s8,,,1000000000,us,1000000000000,0,,excluded_impossible,silu_s8,n=1152,,,excluded_impossible,hart 1's tile has no P-extension (PynqZ2Configs.scala:220 WithPExtOnTiles(0) names hart 0 only); this kernel's body is custom-0 throughout and holds no hart-1-executable alternative -- it would take an illegal instruction
2100,moonshine$dispatch_2100_linear_s8,,,1.229120482,ms,1229120.482,0,,board_measured_b1_scaled_by_measured_region_factor_0.5883,linear_s8,M=1;K=288;N=1152,49165,roccmoon_engine[curated],measured,
2101,moonshine$dispatch_2101_mul_s8,,,1000000000,us,1000000000000,0,,excluded_impossible,mul_s8,n=1152,,,excluded_impossible,hart 1's tile has no P-extension (PynqZ2Configs.scala:220 WithPExtOnTiles(0) names hart 0 only); this kernel's body is custom-0 throughout and holds no hart-1-executable alternative -- it would take an illegal instruction
2102,moonshine$dispatch_2102_linear_s8,,,1.243548540,ms,1243548.540,0,,board_measured_b1_scaled_by_measured_region_factor_0.5883,linear_s8,M=1;K=1152;N=288,49742,roccmoon_engine[curated],measured,
2103,moonshine$dispatch_2103_add_s8,,,1000000000,us,1000000000000,0,,excluded_impossible,add_s8,n=288,,,excluded_impossible,hart 1's tile has no P-extension (PynqZ2Configs.scala:220 WithPExtOnTiles(0) names hart 0 only); this kernel's body is custom-0 throughout and holds no hart-1-executable alternative -- it would take an illegal instruction
2104,moonshine$dispatch_2104_layernorm_s8,,,1000000000,us,1000000000000,0,,excluded_impossible,layernorm_s8,M=1;K=288,,,excluded_impossible,hart 1's tile has no P-extension (PynqZ2Configs.scala:220 WithPExtOnTiles(0) names hart 0 only); this kernel's body is custom-0 throughout and holds no hart-1-executable alternative -- it would take an illegal instruction
2105,moonshine$dispatch_2105_linear_s8,,,0.528102202,ms,528102.202,0,,board_measured_b1_scaled_by_measured_region_factor_0.5883,linear_s8,M=1;K=288;N=288,21124,roccmoon_engine[curated],measured,
2106,moonshine$dispatch_2106_rope_s8,,,1000000000,us,1000000000000,0,,excluded_impossible,rope_s8,T=1;H=8;D=36;R=32,,,excluded_impossible,hart 1's tile has no P-extension (PynqZ2Configs.scala:220 WithPExtOnTiles(0) names hart 0 only); this kernel's body is custom-0 throughout and holds no hart-1-executable alternative -- it would take an illegal instruction
2107,moonshine$dispatch_2107_linear_s8,,,0.523792905,ms,523792.905,0,,board_measured_b1_scaled_by_measured_region_factor_0.5883,linear_s8,M=1;K=288;N=288,20952,roccmoon_engine[curated],measured,
2108,moonshine$dispatch_2108_rope_s8,,,1000000000,us,1000000000000,0,,excluded_impossible,rope_s8,T=1;H=8;D=36;R=32,,,excluded_impossible,hart 1's tile has no P-extension (PynqZ2Configs.scala:220 WithPExtOnTiles(0) names hart 0 only); this kernel's body is custom-0 throughout and holds no hart-1-executable alternative -- it would take an illegal instruction
2109,moonshine$dispatch_2109_linear_s8,,,0.528190448,ms,528190.448,0,,board_measured_b1_scaled_by_measured_region_factor_0.5883,linear_s8,M=1;K=288;N=288,21128,roccmoon_engine[curated],measured,
2110,moonshine$dispatch_2110_cat2_c1_s8,,,1000000000,us,1000000000000,0,,excluded_impossible,cat2_c1_s8,N=1;H=288;W=1;C_inputs=11|1;C_total=12,,,excluded_impossible,hart 1's tile has no P-extension (PynqZ2Configs.scala:220 WithPExtOnTiles(0) names hart 0 only); this kernel's body is custom-0 throughout and holds no hart-1-executable alternative -- it would take an illegal instruction
2111,moonshine$dispatch_2111_cat2_c1_s8,,,1000000000,us,1000000000000,0,,excluded_impossible,cat2_c1_s8,N=1;H=288;W=1;C_inputs=11|1;C_total=12,,,excluded_impossible,hart 1's tile has no P-extension (PynqZ2Configs.scala:220 WithPExtOnTiles(0) names hart 0 only); this kernel's body is custom-0 throughout and holds no hart-1-executable alternative -- it would take an illegal instruction
2112,moonshine$dispatch_2112_permute4_s8,,,1000000000,us,1000000000000,0,,excluded_impossible,permute4_s8,d0=1;d1=12;d2=8;d3=36;p0=0;p1=2;p2=1;p3=3,,,excluded_impossible,hart 1's tile has no P-extension (PynqZ2Configs.scala:220 WithPExtOnTiles(0) names hart 0 only); this kernel's body is custom-0 throughout and holds no hart-1-executable alternative -- it would take an illegal instruction
2113,moonshine$dispatch_2113_permute4_s8,,,1000000000,us,1000000000000,0,,excluded_impossible,permute4_s8,d0=1;d1=12;d2=8;d3=36;p0=0;p1=2;p2=1;p3=3,,,excluded_impossible,hart 1's tile has no P-extension (PynqZ2Configs.scala:220 WithPExtOnTiles(0) names hart 0 only); this kernel's body is custom-0 throughout and holds no hart-1-executable alternative -- it would take an illegal instruction
2114,moonshine$dispatch_2114_matmul_b_s8,,,1000000000,us,1000000000000,0,,excluded_impossible,matmul_b_s8,B=8;M=1;K=36;N=12;transpose_b=1,,,excluded_impossible,hart 1's tile has no P-extension (PynqZ2Configs.scala:220 WithPExtOnTiles(0) names hart 0 only); this kernel's body is custom-0 throughout and holds no hart-1-executable alternative -- it would take an illegal instruction
2115,moonshine$dispatch_2115_softmax_s8,,,1000000000,us,1000000000000,0,,excluded_impossible,softmax_s8,M=8;K=12,,,excluded_impossible,hart 1's tile has no P-extension (PynqZ2Configs.scala:220 WithPExtOnTiles(0) names hart 0 only); this kernel's body is custom-0 throughout and holds no hart-1-executable alternative -- it would take an illegal instruction
2116,moonshine$dispatch_2116_matmul_b_s8,,,1000000000,us,1000000000000,0,,excluded_impossible,matmul_b_s8,B=8;M=1;K=12;N=36;transpose_b=0,,,excluded_impossible,hart 1's tile has no P-extension (PynqZ2Configs.scala:220 WithPExtOnTiles(0) names hart 0 only); this kernel's body is custom-0 throughout and holds no hart-1-executable alternative -- it would take an illegal instruction
2117,moonshine$dispatch_2117_linear_s8,,,0.562179480,ms,562179.480,0,,board_measured_b1_scaled_by_measured_region_factor_0.5883,linear_s8,M=1;K=288;N=288,22487,roccmoon_engine[curated],measured,
2118,moonshine$dispatch_2118_add_s8,,,1000000000,us,1000000000000,0,,excluded_impossible,add_s8,n=288,,,excluded_impossible,hart 1's tile has no P-extension (PynqZ2Configs.scala:220 WithPExtOnTiles(0) names hart 0 only); this kernel's body is custom-0 throughout and holds no hart-1-executable alternative -- it would take an illegal instruction
2119,moonshine$dispatch_2119_layernorm_s8,,,1000000000,us,1000000000000,0,,excluded_impossible,layernorm_s8,M=1;K=288,,,excluded_impossible,hart 1's tile has no P-extension (PynqZ2Configs.scala:220 WithPExtOnTiles(0) names hart 0 only); this kernel's body is custom-0 throughout and holds no hart-1-executable alternative -- it would take an illegal instruction
2120,moonshine$dispatch_2120_linear_s8,,,0.524484157,ms,524484.157,0,,board_measured_b1_scaled_by_measured_region_factor_0.5883,linear_s8,M=1;K=288;N=288,20979,roccmoon_engine[curated],measured,
2121,moonshine$dispatch_2121_matmul_b_s8,,,1000000000,us,1000000000000,0,,excluded_impossible,matmul_b_s8,B=8;M=1;K=36;N=165;transpose_b=1,,,excluded_impossible,hart 1's tile has no P-extension (PynqZ2Configs.scala:220 WithPExtOnTiles(0) names hart 0 only); this kernel's body is custom-0 throughout and holds no hart-1-executable alternative -- it would take an illegal instruction
2122,moonshine$dispatch_2122_softmax_s8,,,1000000000,us,1000000000000,0,,excluded_impossible,softmax_s8,M=8;K=165,,,excluded_impossible,hart 1's tile has no P-extension (PynqZ2Configs.scala:220 WithPExtOnTiles(0) names hart 0 only); this kernel's body is custom-0 throughout and holds no hart-1-executable alternative -- it would take an illegal instruction
2123,moonshine$dispatch_2123_matmul_b_s8,,,1000000000,us,1000000000000,0,,excluded_impossible,matmul_b_s8,B=8;M=1;K=165;N=36;transpose_b=1,,,excluded_impossible,hart 1's tile has no P-extension (PynqZ2Configs.scala:220 WithPExtOnTiles(0) names hart 0 only); this kernel's body is custom-0 throughout and holds no hart-1-executable alternative -- it would take an illegal instruction
2124,moonshine$dispatch_2124_linear_s8,,,0.564032625,ms,564032.625,0,,board_measured_b1_scaled_by_measured_region_factor_0.5883,linear_s8,M=1;K=288;N=288,22561,roccmoon_engine[curated],measured,
2125,moonshine$dispatch_2125_add_s8,,,1000000000,us,1000000000000,0,,excluded_impossible,add_s8,n=288,,,excluded_impossible,hart 1's tile has no P-extension (PynqZ2Configs.scala:220 WithPExtOnTiles(0) names hart 0 only); this kernel's body is custom-0 throughout and holds no hart-1-executable alternative -- it would take an illegal instruction
2126,moonshine$dispatch_2126_layernorm_s8,,,1000000000,us,1000000000000,0,,excluded_impossible,layernorm_s8,M=1;K=288,,,excluded_impossible,hart 1's tile has no P-extension (PynqZ2Configs.scala:220 WithPExtOnTiles(0) names hart 0 only); this kernel's body is custom-0 throughout and holds no hart-1-executable alternative -- it would take an illegal instruction
2127,moonshine$dispatch_2127_linear_s8,,,1.235106435,ms,1235106.435,0,,board_measured_b1_scaled_by_measured_region_factor_0.5883,linear_s8,M=1;K=288;N=1152,49404,roccmoon_engine[curated],measured,
2128,moonshine$dispatch_2128_silu_s8,,,1000000000,us,1000000000000,0,,excluded_impossible,silu_s8,n=1152,,,excluded_impossible,hart 1's tile has no P-extension (PynqZ2Configs.scala:220 WithPExtOnTiles(0) names hart 0 only); this kernel's body is custom-0 throughout and holds no hart-1-executable alternative -- it would take an illegal instruction
2129,moonshine$dispatch_2129_linear_s8,,,1.245107535,ms,1245107.535,0,,board_measured_b1_scaled_by_measured_region_factor_0.5883,linear_s8,M=1;K=288;N=1152,49804,roccmoon_engine[curated],measured,
2130,moonshine$dispatch_2130_mul_s8,,,1000000000,us,1000000000000,0,,excluded_impossible,mul_s8,n=1152,,,excluded_impossible,hart 1's tile has no P-extension (PynqZ2Configs.scala:220 WithPExtOnTiles(0) names hart 0 only); this kernel's body is custom-0 throughout and holds no hart-1-executable alternative -- it would take an illegal instruction
2131,moonshine$dispatch_2131_linear_s8,,,1.262432970,ms,1262432.970,0,,board_measured_b1_scaled_by_measured_region_factor_0.5883,linear_s8,M=1;K=1152;N=288,50497,roccmoon_engine[curated],measured,
2132,moonshine$dispatch_2132_add_s8,,,1000000000,us,1000000000000,0,,excluded_impossible,add_s8,n=288,,,excluded_impossible,hart 1's tile has no P-extension (PynqZ2Configs.scala:220 WithPExtOnTiles(0) names hart 0 only); this kernel's body is custom-0 throughout and holds no hart-1-executable alternative -- it would take an illegal instruction
2133,moonshine$dispatch_2133_layernorm_s8,,,1000000000,us,1000000000000,0,,excluded_impossible,layernorm_s8,M=1;K=288,,,excluded_impossible,hart 1's tile has no P-extension (PynqZ2Configs.scala:220 WithPExtOnTiles(0) names hart 0 only); this kernel's body is custom-0 throughout and holds no hart-1-executable alternative -- it would take an illegal instruction
2134,moonshine$dispatch_2134_linear_s8,,,0.536485478,ms,536485.478,0,,board_measured_b1_scaled_by_measured_region_factor_0.5883,linear_s8,M=1;K=288;N=288,21459,roccmoon_engine[curated],measured,
2135,moonshine$dispatch_2135_rope_s8,,,1000000000,us,1000000000000,0,,excluded_impossible,rope_s8,T=1;H=8;D=36;R=32,,,excluded_impossible,hart 1's tile has no P-extension (PynqZ2Configs.scala:220 WithPExtOnTiles(0) names hart 0 only); this kernel's body is custom-0 throughout and holds no hart-1-executable alternative -- it would take an illegal instruction
2136,moonshine$dispatch_2136_linear_s8,,,0.530058300,ms,530058.300,0,,board_measured_b1_scaled_by_measured_region_factor_0.5883,linear_s8,M=1;K=288;N=288,21202,roccmoon_engine[curated],measured,
2137,moonshine$dispatch_2137_rope_s8,,,1000000000,us,1000000000000,0,,excluded_impossible,rope_s8,T=1;H=8;D=36;R=32,,,excluded_impossible,hart 1's tile has no P-extension (PynqZ2Configs.scala:220 WithPExtOnTiles(0) names hart 0 only); this kernel's body is custom-0 throughout and holds no hart-1-executable alternative -- it would take an illegal instruction
2138,moonshine$dispatch_2138_linear_s8,,,0.529867103,ms,529867.103,0,,board_measured_b1_scaled_by_measured_region_factor_0.5883,linear_s8,M=1;K=288;N=288,21195,roccmoon_engine[curated],measured,
2139,moonshine$dispatch_2139_cat2_c1_s8,,,1000000000,us,1000000000000,0,,excluded_impossible,cat2_c1_s8,N=1;H=288;W=1;C_inputs=11|1;C_total=12,,,excluded_impossible,hart 1's tile has no P-extension (PynqZ2Configs.scala:220 WithPExtOnTiles(0) names hart 0 only); this kernel's body is custom-0 throughout and holds no hart-1-executable alternative -- it would take an illegal instruction
2140,moonshine$dispatch_2140_cat2_c1_s8,,,1000000000,us,1000000000000,0,,excluded_impossible,cat2_c1_s8,N=1;H=288;W=1;C_inputs=11|1;C_total=12,,,excluded_impossible,hart 1's tile has no P-extension (PynqZ2Configs.scala:220 WithPExtOnTiles(0) names hart 0 only); this kernel's body is custom-0 throughout and holds no hart-1-executable alternative -- it would take an illegal instruction
2141,moonshine$dispatch_2141_permute4_s8,,,1000000000,us,1000000000000,0,,excluded_impossible,permute4_s8,d0=1;d1=12;d2=8;d3=36;p0=0;p1=2;p2=1;p3=3,,,excluded_impossible,hart 1's tile has no P-extension (PynqZ2Configs.scala:220 WithPExtOnTiles(0) names hart 0 only); this kernel's body is custom-0 throughout and holds no hart-1-executable alternative -- it would take an illegal instruction
2142,moonshine$dispatch_2142_permute4_s8,,,1000000000,us,1000000000000,0,,excluded_impossible,permute4_s8,d0=1;d1=12;d2=8;d3=36;p0=0;p1=2;p2=1;p3=3,,,excluded_impossible,hart 1's tile has no P-extension (PynqZ2Configs.scala:220 WithPExtOnTiles(0) names hart 0 only); this kernel's body is custom-0 throughout and holds no hart-1-executable alternative -- it would take an illegal instruction
2143,moonshine$dispatch_2143_matmul_b_s8,,,1000000000,us,1000000000000,0,,excluded_impossible,matmul_b_s8,B=8;M=1;K=36;N=12;transpose_b=1,,,excluded_impossible,hart 1's tile has no P-extension (PynqZ2Configs.scala:220 WithPExtOnTiles(0) names hart 0 only); this kernel's body is custom-0 throughout and holds no hart-1-executable alternative -- it would take an illegal instruction
2144,moonshine$dispatch_2144_softmax_s8,,,1000000000,us,1000000000000,0,,excluded_impossible,softmax_s8,M=8;K=12,,,excluded_impossible,hart 1's tile has no P-extension (PynqZ2Configs.scala:220 WithPExtOnTiles(0) names hart 0 only); this kernel's body is custom-0 throughout and holds no hart-1-executable alternative -- it would take an illegal instruction
2145,moonshine$dispatch_2145_matmul_b_s8,,,1000000000,us,1000000000000,0,,excluded_impossible,matmul_b_s8,B=8;M=1;K=12;N=36;transpose_b=0,,,excluded_impossible,hart 1's tile has no P-extension (PynqZ2Configs.scala:220 WithPExtOnTiles(0) names hart 0 only); this kernel's body is custom-0 throughout and holds no hart-1-executable alternative -- it would take an illegal instruction
2146,moonshine$dispatch_2146_linear_s8,,,0.572048213,ms,572048.213,0,,board_measured_b1_scaled_by_measured_region_factor_0.5883,linear_s8,M=1;K=288;N=288,22882,roccmoon_engine[curated],measured,
2147,moonshine$dispatch_2147_add_s8,,,1000000000,us,1000000000000,0,,excluded_impossible,add_s8,n=288,,,excluded_impossible,hart 1's tile has no P-extension (PynqZ2Configs.scala:220 WithPExtOnTiles(0) names hart 0 only); this kernel's body is custom-0 throughout and holds no hart-1-executable alternative -- it would take an illegal instruction
2148,moonshine$dispatch_2148_layernorm_s8,,,1000000000,us,1000000000000,0,,excluded_impossible,layernorm_s8,M=1;K=288,,,excluded_impossible,hart 1's tile has no P-extension (PynqZ2Configs.scala:220 WithPExtOnTiles(0) names hart 0 only); this kernel's body is custom-0 throughout and holds no hart-1-executable alternative -- it would take an illegal instruction
2149,moonshine$dispatch_2149_linear_s8,,,0.533632223,ms,533632.223,0,,board_measured_b1_scaled_by_measured_region_factor_0.5883,linear_s8,M=1;K=288;N=288,21345,roccmoon_engine[curated],measured,
2150,moonshine$dispatch_2150_matmul_b_s8,,,1000000000,us,1000000000000,0,,excluded_impossible,matmul_b_s8,B=8;M=1;K=36;N=165;transpose_b=1,,,excluded_impossible,hart 1's tile has no P-extension (PynqZ2Configs.scala:220 WithPExtOnTiles(0) names hart 0 only); this kernel's body is custom-0 throughout and holds no hart-1-executable alternative -- it would take an illegal instruction
2151,moonshine$dispatch_2151_softmax_s8,,,1000000000,us,1000000000000,0,,excluded_impossible,softmax_s8,M=8;K=165,,,excluded_impossible,hart 1's tile has no P-extension (PynqZ2Configs.scala:220 WithPExtOnTiles(0) names hart 0 only); this kernel's body is custom-0 throughout and holds no hart-1-executable alternative -- it would take an illegal instruction
2152,moonshine$dispatch_2152_matmul_b_s8,,,1000000000,us,1000000000000,0,,excluded_impossible,matmul_b_s8,B=8;M=1;K=165;N=36;transpose_b=1,,,excluded_impossible,hart 1's tile has no P-extension (PynqZ2Configs.scala:220 WithPExtOnTiles(0) names hart 0 only); this kernel's body is custom-0 throughout and holds no hart-1-executable alternative -- it would take an illegal instruction
2153,moonshine$dispatch_2153_linear_s8,,,0.574489658,ms,574489.657,0,,board_measured_b1_scaled_by_measured_region_factor_0.5883,linear_s8,M=1;K=288;N=288,22980,roccmoon_engine[curated],measured,
2154,moonshine$dispatch_2154_add_s8,,,1000000000,us,1000000000000,0,,excluded_impossible,add_s8,n=288,,,excluded_impossible,hart 1's tile has no P-extension (PynqZ2Configs.scala:220 WithPExtOnTiles(0) names hart 0 only); this kernel's body is custom-0 throughout and holds no hart-1-executable alternative -- it would take an illegal instruction
2155,moonshine$dispatch_2155_layernorm_s8,,,1000000000,us,1000000000000,0,,excluded_impossible,layernorm_s8,M=1;K=288,,,excluded_impossible,hart 1's tile has no P-extension (PynqZ2Configs.scala:220 WithPExtOnTiles(0) names hart 0 only); this kernel's body is custom-0 throughout and holds no hart-1-executable alternative -- it would take an illegal instruction
2156,moonshine$dispatch_2156_linear_s8,,,1.240709993,ms,1240709.993,0,,board_measured_b1_scaled_by_measured_region_factor_0.5883,linear_s8,M=1;K=288;N=1152,49628,roccmoon_engine[curated],measured,
2157,moonshine$dispatch_2157_silu_s8,,,1000000000,us,1000000000000,0,,excluded_impossible,silu_s8,n=1152,,,excluded_impossible,hart 1's tile has no P-extension (PynqZ2Configs.scala:220 WithPExtOnTiles(0) names hart 0 only); this kernel's body is custom-0 throughout and holds no hart-1-executable alternative -- it would take an illegal instruction
2158,moonshine$dispatch_2158_linear_s8,,,1.260006233,ms,1260006.233,0,,board_measured_b1_scaled_by_measured_region_factor_0.5883,linear_s8,M=1;K=288;N=1152,50400,roccmoon_engine[curated],measured,
2159,moonshine$dispatch_2159_mul_s8,,,1000000000,us,1000000000000,0,,excluded_impossible,mul_s8,n=1152,,,excluded_impossible,hart 1's tile has no P-extension (PynqZ2Configs.scala:220 WithPExtOnTiles(0) names hart 0 only); this kernel's body is custom-0 throughout and holds no hart-1-executable alternative -- it would take an illegal instruction
2160,moonshine$dispatch_2160_linear_s8,,,1.279037738,ms,1279037.738,0,,board_measured_b1_scaled_by_measured_region_factor_0.5883,linear_s8,M=1;K=1152;N=288,51162,roccmoon_engine[curated],measured,
2161,moonshine$dispatch_2161_add_s8,,,1000000000,us,1000000000000,0,,excluded_impossible,add_s8,n=288,,,excluded_impossible,hart 1's tile has no P-extension (PynqZ2Configs.scala:220 WithPExtOnTiles(0) names hart 0 only); this kernel's body is custom-0 throughout and holds no hart-1-executable alternative -- it would take an illegal instruction
2162,moonshine$dispatch_2162_layernorm_s8,,,1000000000,us,1000000000000,0,,excluded_impossible,layernorm_s8,M=1;K=288,,,excluded_impossible,hart 1's tile has no P-extension (PynqZ2Configs.scala:220 WithPExtOnTiles(0) names hart 0 only); this kernel's body is custom-0 throughout and holds no hart-1-executable alternative -- it would take an illegal instruction
2163,moonshine$dispatch_2163_linear_s8,,,0.546677775,ms,546677.775,0,,board_measured_b1_scaled_by_measured_region_factor_0.5883,linear_s8,M=1;K=288;N=288,21867,roccmoon_engine[curated],measured,
2164,moonshine$dispatch_2164_rope_s8,,,1000000000,us,1000000000000,0,,excluded_impossible,rope_s8,T=1;H=8;D=36;R=32,,,excluded_impossible,hart 1's tile has no P-extension (PynqZ2Configs.scala:220 WithPExtOnTiles(0) names hart 0 only); this kernel's body is custom-0 throughout and holds no hart-1-executable alternative -- it would take an illegal instruction
2165,moonshine$dispatch_2165_linear_s8,,,0.544442235,ms,544442.235,0,,board_measured_b1_scaled_by_measured_region_factor_0.5883,linear_s8,M=1;K=288;N=288,21778,roccmoon_engine[curated],measured,
2166,moonshine$dispatch_2166_rope_s8,,,1000000000,us,1000000000000,0,,excluded_impossible,rope_s8,T=1;H=8;D=36;R=32,,,excluded_impossible,hart 1's tile has no P-extension (PynqZ2Configs.scala:220 WithPExtOnTiles(0) names hart 0 only); this kernel's body is custom-0 throughout and holds no hart-1-executable alternative -- it would take an illegal instruction
2167,moonshine$dispatch_2167_linear_s8,,,0.537706200,ms,537706.200,0,,board_measured_b1_scaled_by_measured_region_factor_0.5883,linear_s8,M=1;K=288;N=288,21508,roccmoon_engine[curated],measured,
2168,moonshine$dispatch_2168_cat2_c1_s8,,,1000000000,us,1000000000000,0,,excluded_impossible,cat2_c1_s8,N=1;H=288;W=1;C_inputs=11|1;C_total=12,,,excluded_impossible,hart 1's tile has no P-extension (PynqZ2Configs.scala:220 WithPExtOnTiles(0) names hart 0 only); this kernel's body is custom-0 throughout and holds no hart-1-executable alternative -- it would take an illegal instruction
2169,moonshine$dispatch_2169_cat2_c1_s8,,,1000000000,us,1000000000000,0,,excluded_impossible,cat2_c1_s8,N=1;H=288;W=1;C_inputs=11|1;C_total=12,,,excluded_impossible,hart 1's tile has no P-extension (PynqZ2Configs.scala:220 WithPExtOnTiles(0) names hart 0 only); this kernel's body is custom-0 throughout and holds no hart-1-executable alternative -- it would take an illegal instruction
2170,moonshine$dispatch_2170_permute4_s8,,,1000000000,us,1000000000000,0,,excluded_impossible,permute4_s8,d0=1;d1=12;d2=8;d3=36;p0=0;p1=2;p2=1;p3=3,,,excluded_impossible,hart 1's tile has no P-extension (PynqZ2Configs.scala:220 WithPExtOnTiles(0) names hart 0 only); this kernel's body is custom-0 throughout and holds no hart-1-executable alternative -- it would take an illegal instruction
2171,moonshine$dispatch_2171_permute4_s8,,,1000000000,us,1000000000000,0,,excluded_impossible,permute4_s8,d0=1;d1=12;d2=8;d3=36;p0=0;p1=2;p2=1;p3=3,,,excluded_impossible,hart 1's tile has no P-extension (PynqZ2Configs.scala:220 WithPExtOnTiles(0) names hart 0 only); this kernel's body is custom-0 throughout and holds no hart-1-executable alternative -- it would take an illegal instruction
2172,moonshine$dispatch_2172_matmul_b_s8,,,1000000000,us,1000000000000,0,,excluded_impossible,matmul_b_s8,B=8;M=1;K=36;N=12;transpose_b=1,,,excluded_impossible,hart 1's tile has no P-extension (PynqZ2Configs.scala:220 WithPExtOnTiles(0) names hart 0 only); this kernel's body is custom-0 throughout and holds no hart-1-executable alternative -- it would take an illegal instruction
2173,moonshine$dispatch_2173_softmax_s8,,,1000000000,us,1000000000000,0,,excluded_impossible,softmax_s8,M=8;K=12,,,excluded_impossible,hart 1's tile has no P-extension (PynqZ2Configs.scala:220 WithPExtOnTiles(0) names hart 0 only); this kernel's body is custom-0 throughout and holds no hart-1-executable alternative -- it would take an illegal instruction
2174,moonshine$dispatch_2174_matmul_b_s8,,,1000000000,us,1000000000000,0,,excluded_impossible,matmul_b_s8,B=8;M=1;K=12;N=36;transpose_b=0,,,excluded_impossible,hart 1's tile has no P-extension (PynqZ2Configs.scala:220 WithPExtOnTiles(0) names hart 0 only); this kernel's body is custom-0 throughout and holds no hart-1-executable alternative -- it would take an illegal instruction
2175,moonshine$dispatch_2175_linear_s8,,,0.577548818,ms,577548.818,0,,board_measured_b1_scaled_by_measured_region_factor_0.5883,linear_s8,M=1;K=288;N=288,23102,roccmoon_engine[curated],measured,
2176,moonshine$dispatch_2176_add_s8,,,1000000000,us,1000000000000,0,,excluded_impossible,add_s8,n=288,,,excluded_impossible,hart 1's tile has no P-extension (PynqZ2Configs.scala:220 WithPExtOnTiles(0) names hart 0 only); this kernel's body is custom-0 throughout and holds no hart-1-executable alternative -- it would take an illegal instruction
2177,moonshine$dispatch_2177_layernorm_s8,,,1000000000,us,1000000000000,0,,excluded_impossible,layernorm_s8,M=1;K=288,,,excluded_impossible,hart 1's tile has no P-extension (PynqZ2Configs.scala:220 WithPExtOnTiles(0) names hart 0 only); this kernel's body is custom-0 throughout and holds no hart-1-executable alternative -- it would take an illegal instruction
2178,moonshine$dispatch_2178_linear_s8,,,0.544015718,ms,544015.718,0,,board_measured_b1_scaled_by_measured_region_factor_0.5883,linear_s8,M=1;K=288;N=288,21761,roccmoon_engine[curated],measured,
2179,moonshine$dispatch_2179_matmul_b_s8,,,1000000000,us,1000000000000,0,,excluded_impossible,matmul_b_s8,B=8;M=1;K=36;N=165;transpose_b=1,,,excluded_impossible,hart 1's tile has no P-extension (PynqZ2Configs.scala:220 WithPExtOnTiles(0) names hart 0 only); this kernel's body is custom-0 throughout and holds no hart-1-executable alternative -- it would take an illegal instruction
2180,moonshine$dispatch_2180_softmax_s8,,,1000000000,us,1000000000000,0,,excluded_impossible,softmax_s8,M=8;K=165,,,excluded_impossible,hart 1's tile has no P-extension (PynqZ2Configs.scala:220 WithPExtOnTiles(0) names hart 0 only); this kernel's body is custom-0 throughout and holds no hart-1-executable alternative -- it would take an illegal instruction
2181,moonshine$dispatch_2181_matmul_b_s8,,,1000000000,us,1000000000000,0,,excluded_impossible,matmul_b_s8,B=8;M=1;K=165;N=36;transpose_b=1,,,excluded_impossible,hart 1's tile has no P-extension (PynqZ2Configs.scala:220 WithPExtOnTiles(0) names hart 0 only); this kernel's body is custom-0 throughout and holds no hart-1-executable alternative -- it would take an illegal instruction
2182,moonshine$dispatch_2182_linear_s8,,,0.576975225,ms,576975.225,0,,board_measured_b1_scaled_by_measured_region_factor_0.5883,linear_s8,M=1;K=288;N=288,23079,roccmoon_engine[curated],measured,
2183,moonshine$dispatch_2183_add_s8,,,1000000000,us,1000000000000,0,,excluded_impossible,add_s8,n=288,,,excluded_impossible,hart 1's tile has no P-extension (PynqZ2Configs.scala:220 WithPExtOnTiles(0) names hart 0 only); this kernel's body is custom-0 throughout and holds no hart-1-executable alternative -- it would take an illegal instruction
2184,moonshine$dispatch_2184_layernorm_s8,,,1000000000,us,1000000000000,0,,excluded_impossible,layernorm_s8,M=1;K=288,,,excluded_impossible,hart 1's tile has no P-extension (PynqZ2Configs.scala:220 WithPExtOnTiles(0) names hart 0 only); this kernel's body is custom-0 throughout and holds no hart-1-executable alternative -- it would take an illegal instruction
2185,moonshine$dispatch_2185_linear_s8,,,1.255388078,ms,1255388.078,0,,board_measured_b1_scaled_by_measured_region_factor_0.5883,linear_s8,M=1;K=288;N=1152,50216,roccmoon_engine[curated],measured,
2186,moonshine$dispatch_2186_silu_s8,,,1000000000,us,1000000000000,0,,excluded_impossible,silu_s8,n=1152,,,excluded_impossible,hart 1's tile has no P-extension (PynqZ2Configs.scala:220 WithPExtOnTiles(0) names hart 0 only); this kernel's body is custom-0 throughout and holds no hart-1-executable alternative -- it would take an illegal instruction
2187,moonshine$dispatch_2187_linear_s8,,,1.247460735,ms,1247460.735,0,,board_measured_b1_scaled_by_measured_region_factor_0.5883,linear_s8,M=1;K=288;N=1152,49898,roccmoon_engine[curated],measured,
2188,moonshine$dispatch_2188_mul_s8,,,1000000000,us,1000000000000,0,,excluded_impossible,mul_s8,n=1152,,,excluded_impossible,hart 1's tile has no P-extension (PynqZ2Configs.scala:220 WithPExtOnTiles(0) names hart 0 only); this kernel's body is custom-0 throughout and holds no hart-1-executable alternative -- it would take an illegal instruction
2189,moonshine$dispatch_2189_linear_s8,,,1.253608470,ms,1253608.470,0,,board_measured_b1_scaled_by_measured_region_factor_0.5883,linear_s8,M=1;K=1152;N=288,50144,roccmoon_engine[curated],measured,
2190,moonshine$dispatch_2190_add_s8,,,1000000000,us,1000000000000,0,,excluded_impossible,add_s8,n=288,,,excluded_impossible,hart 1's tile has no P-extension (PynqZ2Configs.scala:220 WithPExtOnTiles(0) names hart 0 only); this kernel's body is custom-0 throughout and holds no hart-1-executable alternative -- it would take an illegal instruction
2191,moonshine$dispatch_2191_layernorm_s8,,,1000000000,us,1000000000000,0,,excluded_impossible,layernorm_s8,M=1;K=288,,,excluded_impossible,hart 1's tile has no P-extension (PynqZ2Configs.scala:220 WithPExtOnTiles(0) names hart 0 only); this kernel's body is custom-0 throughout and holds no hart-1-executable alternative -- it would take an illegal instruction
2192,moonshine$dispatch_2192_linear_s8,,,0.540118230,ms,540118.230,0,,board_measured_b1_scaled_by_measured_region_factor_0.5883,linear_s8,M=1;K=288;N=288,21605,roccmoon_engine[curated],measured,
2193,moonshine$dispatch_2193_rope_s8,,,1000000000,us,1000000000000,0,,excluded_impossible,rope_s8,T=1;H=8;D=36;R=32,,,excluded_impossible,hart 1's tile has no P-extension (PynqZ2Configs.scala:220 WithPExtOnTiles(0) names hart 0 only); this kernel's body is custom-0 throughout and holds no hart-1-executable alternative -- it would take an illegal instruction
2194,moonshine$dispatch_2194_linear_s8,,,0.539824080,ms,539824.080,0,,board_measured_b1_scaled_by_measured_region_factor_0.5883,linear_s8,M=1;K=288;N=288,21593,roccmoon_engine[curated],measured,
2195,moonshine$dispatch_2195_rope_s8,,,1000000000,us,1000000000000,0,,excluded_impossible,rope_s8,T=1;H=8;D=36;R=32,,,excluded_impossible,hart 1's tile has no P-extension (PynqZ2Configs.scala:220 WithPExtOnTiles(0) names hart 0 only); this kernel's body is custom-0 throughout and holds no hart-1-executable alternative -- it would take an illegal instruction
2196,moonshine$dispatch_2196_linear_s8,,,0.544148085,ms,544148.085,0,,board_measured_b1_scaled_by_measured_region_factor_0.5883,linear_s8,M=1;K=288;N=288,21766,roccmoon_engine[curated],measured,
2197,moonshine$dispatch_2197_cat2_c1_s8,,,1000000000,us,1000000000000,0,,excluded_impossible,cat2_c1_s8,N=1;H=288;W=1;C_inputs=11|1;C_total=12,,,excluded_impossible,hart 1's tile has no P-extension (PynqZ2Configs.scala:220 WithPExtOnTiles(0) names hart 0 only); this kernel's body is custom-0 throughout and holds no hart-1-executable alternative -- it would take an illegal instruction
2198,moonshine$dispatch_2198_cat2_c1_s8,,,1000000000,us,1000000000000,0,,excluded_impossible,cat2_c1_s8,N=1;H=288;W=1;C_inputs=11|1;C_total=12,,,excluded_impossible,hart 1's tile has no P-extension (PynqZ2Configs.scala:220 WithPExtOnTiles(0) names hart 0 only); this kernel's body is custom-0 throughout and holds no hart-1-executable alternative -- it would take an illegal instruction
2199,moonshine$dispatch_2199_permute4_s8,,,1000000000,us,1000000000000,0,,excluded_impossible,permute4_s8,d0=1;d1=12;d2=8;d3=36;p0=0;p1=2;p2=1;p3=3,,,excluded_impossible,hart 1's tile has no P-extension (PynqZ2Configs.scala:220 WithPExtOnTiles(0) names hart 0 only); this kernel's body is custom-0 throughout and holds no hart-1-executable alternative -- it would take an illegal instruction
2200,moonshine$dispatch_2200_permute4_s8,,,1000000000,us,1000000000000,0,,excluded_impossible,permute4_s8,d0=1;d1=12;d2=8;d3=36;p0=0;p1=2;p2=1;p3=3,,,excluded_impossible,hart 1's tile has no P-extension (PynqZ2Configs.scala:220 WithPExtOnTiles(0) names hart 0 only); this kernel's body is custom-0 throughout and holds no hart-1-executable alternative -- it would take an illegal instruction
2201,moonshine$dispatch_2201_matmul_b_s8,,,1000000000,us,1000000000000,0,,excluded_impossible,matmul_b_s8,B=8;M=1;K=36;N=12;transpose_b=1,,,excluded_impossible,hart 1's tile has no P-extension (PynqZ2Configs.scala:220 WithPExtOnTiles(0) names hart 0 only); this kernel's body is custom-0 throughout and holds no hart-1-executable alternative -- it would take an illegal instruction
2202,moonshine$dispatch_2202_softmax_s8,,,1000000000,us,1000000000000,0,,excluded_impossible,softmax_s8,M=8;K=12,,,excluded_impossible,hart 1's tile has no P-extension (PynqZ2Configs.scala:220 WithPExtOnTiles(0) names hart 0 only); this kernel's body is custom-0 throughout and holds no hart-1-executable alternative -- it would take an illegal instruction
2203,moonshine$dispatch_2203_matmul_b_s8,,,1000000000,us,1000000000000,0,,excluded_impossible,matmul_b_s8,B=8;M=1;K=12;N=36;transpose_b=0,,,excluded_impossible,hart 1's tile has no P-extension (PynqZ2Configs.scala:220 WithPExtOnTiles(0) names hart 0 only); this kernel's body is custom-0 throughout and holds no hart-1-executable alternative -- it would take an illegal instruction
2204,moonshine$dispatch_2204_linear_s8,,,0.589079497,ms,589079.497,0,,board_measured_b1_scaled_by_measured_region_factor_0.5883,linear_s8,M=1;K=288;N=288,23563,roccmoon_engine[curated],measured,
2205,moonshine$dispatch_2205_add_s8,,,1000000000,us,1000000000000,0,,excluded_impossible,add_s8,n=288,,,excluded_impossible,hart 1's tile has no P-extension (PynqZ2Configs.scala:220 WithPExtOnTiles(0) names hart 0 only); this kernel's body is custom-0 throughout and holds no hart-1-executable alternative -- it would take an illegal instruction
2206,moonshine$dispatch_2206_layernorm_s8,,,1000000000,us,1000000000000,0,,excluded_impossible,layernorm_s8,M=1;K=288,,,excluded_impossible,hart 1's tile has no P-extension (PynqZ2Configs.scala:220 WithPExtOnTiles(0) names hart 0 only); this kernel's body is custom-0 throughout and holds no hart-1-executable alternative -- it would take an illegal instruction
2207,moonshine$dispatch_2207_linear_s8,,,0.547795545,ms,547795.545,0,,board_measured_b1_scaled_by_measured_region_factor_0.5883,linear_s8,M=1;K=288;N=288,21912,roccmoon_engine[curated],measured,
2208,moonshine$dispatch_2208_matmul_b_s8,,,1000000000,us,1000000000000,0,,excluded_impossible,matmul_b_s8,B=8;M=1;K=36;N=165;transpose_b=1,,,excluded_impossible,hart 1's tile has no P-extension (PynqZ2Configs.scala:220 WithPExtOnTiles(0) names hart 0 only); this kernel's body is custom-0 throughout and holds no hart-1-executable alternative -- it would take an illegal instruction
2209,moonshine$dispatch_2209_softmax_s8,,,1000000000,us,1000000000000,0,,excluded_impossible,softmax_s8,M=8;K=165,,,excluded_impossible,hart 1's tile has no P-extension (PynqZ2Configs.scala:220 WithPExtOnTiles(0) names hart 0 only); this kernel's body is custom-0 throughout and holds no hart-1-executable alternative -- it would take an illegal instruction
2210,moonshine$dispatch_2210_matmul_b_s8,,,1000000000,us,1000000000000,0,,excluded_impossible,matmul_b_s8,B=8;M=1;K=165;N=36;transpose_b=1,,,excluded_impossible,hart 1's tile has no P-extension (PynqZ2Configs.scala:220 WithPExtOnTiles(0) names hart 0 only); this kernel's body is custom-0 throughout and holds no hart-1-executable alternative -- it would take an illegal instruction
2211,moonshine$dispatch_2211_linear_s8,,,0.586182120,ms,586182.120,0,,board_measured_b1_scaled_by_measured_region_factor_0.5883,linear_s8,M=1;K=288;N=288,23447,roccmoon_engine[curated],measured,
2212,moonshine$dispatch_2212_add_s8,,,1000000000,us,1000000000000,0,,excluded_impossible,add_s8,n=288,,,excluded_impossible,hart 1's tile has no P-extension (PynqZ2Configs.scala:220 WithPExtOnTiles(0) names hart 0 only); this kernel's body is custom-0 throughout and holds no hart-1-executable alternative -- it would take an illegal instruction
2213,moonshine$dispatch_2213_layernorm_s8,,,1000000000,us,1000000000000,0,,excluded_impossible,layernorm_s8,M=1;K=288,,,excluded_impossible,hart 1's tile has no P-extension (PynqZ2Configs.scala:220 WithPExtOnTiles(0) names hart 0 only); this kernel's body is custom-0 throughout and holds no hart-1-executable alternative -- it would take an illegal instruction
2214,moonshine$dispatch_2214_linear_s8,,,1.262462385,ms,1262462.385,0,,board_measured_b1_scaled_by_measured_region_factor_0.5883,linear_s8,M=1;K=288;N=1152,50498,roccmoon_engine[curated],measured,
2215,moonshine$dispatch_2215_silu_s8,,,1000000000,us,1000000000000,0,,excluded_impossible,silu_s8,n=1152,,,excluded_impossible,hart 1's tile has no P-extension (PynqZ2Configs.scala:220 WithPExtOnTiles(0) names hart 0 only); this kernel's body is custom-0 throughout and holds no hart-1-executable alternative -- it would take an illegal instruction
2216,moonshine$dispatch_2216_linear_s8,,,1.259344395,ms,1259344.395,0,,board_measured_b1_scaled_by_measured_region_factor_0.5883,linear_s8,M=1;K=288;N=1152,50374,roccmoon_engine[curated],measured,
2217,moonshine$dispatch_2217_mul_s8,,,1000000000,us,1000000000000,0,,excluded_impossible,mul_s8,n=1152,,,excluded_impossible,hart 1's tile has no P-extension (PynqZ2Configs.scala:220 WithPExtOnTiles(0) names hart 0 only); this kernel's body is custom-0 throughout and holds no hart-1-executable alternative -- it would take an illegal instruction
2218,moonshine$dispatch_2218_linear_s8,,,1.269889673,ms,1269889.673,0,,board_measured_b1_scaled_by_measured_region_factor_0.5883,linear_s8,M=1;K=1152;N=288,50796,roccmoon_engine[curated],measured,
2219,moonshine$dispatch_2219_add_s8,,,1000000000,us,1000000000000,0,,excluded_impossible,add_s8,n=288,,,excluded_impossible,hart 1's tile has no P-extension (PynqZ2Configs.scala:220 WithPExtOnTiles(0) names hart 0 only); this kernel's body is custom-0 throughout and holds no hart-1-executable alternative -- it would take an illegal instruction
2220,moonshine$dispatch_2220_layernorm_s8,,,1000000000,us,1000000000000,0,,excluded_impossible,layernorm_s8,M=1;K=288,,,excluded_impossible,hart 1's tile has no P-extension (PynqZ2Configs.scala:220 WithPExtOnTiles(0) names hart 0 only); this kernel's body is custom-0 throughout and holds no hart-1-executable alternative -- it would take an illegal instruction
2221,moonshine$dispatch_2221_linear_s8,,,0.549648690,ms,549648.690,0,,board_measured_b1_scaled_by_measured_region_factor_0.5883,linear_s8,M=1;K=288;N=288,21986,roccmoon_engine[curated],measured,
2222,moonshine$dispatch_2222_rope_s8,,,1000000000,us,1000000000000,0,,excluded_impossible,rope_s8,T=1;H=8;D=36;R=32,,,excluded_impossible,hart 1's tile has no P-extension (PynqZ2Configs.scala:220 WithPExtOnTiles(0) names hart 0 only); this kernel's body is custom-0 throughout and holds no hart-1-executable alternative -- it would take an illegal instruction
2223,moonshine$dispatch_2223_linear_s8,,,0.552354870,ms,552354.870,0,,board_measured_b1_scaled_by_measured_region_factor_0.5883,linear_s8,M=1;K=288;N=288,22094,roccmoon_engine[curated],measured,
2224,moonshine$dispatch_2224_rope_s8,,,1000000000,us,1000000000000,0,,excluded_impossible,rope_s8,T=1;H=8;D=36;R=32,,,excluded_impossible,hart 1's tile has no P-extension (PynqZ2Configs.scala:220 WithPExtOnTiles(0) names hart 0 only); this kernel's body is custom-0 throughout and holds no hart-1-executable alternative -- it would take an illegal instruction
2225,moonshine$dispatch_2225_linear_s8,,,0.549398663,ms,549398.662,0,,board_measured_b1_scaled_by_measured_region_factor_0.5883,linear_s8,M=1;K=288;N=288,21976,roccmoon_engine[curated],measured,
2226,moonshine$dispatch_2226_cat2_c1_s8,,,1000000000,us,1000000000000,0,,excluded_impossible,cat2_c1_s8,N=1;H=288;W=1;C_inputs=11|1;C_total=12,,,excluded_impossible,hart 1's tile has no P-extension (PynqZ2Configs.scala:220 WithPExtOnTiles(0) names hart 0 only); this kernel's body is custom-0 throughout and holds no hart-1-executable alternative -- it would take an illegal instruction
2227,moonshine$dispatch_2227_cat2_c1_s8,,,1000000000,us,1000000000000,0,,excluded_impossible,cat2_c1_s8,N=1;H=288;W=1;C_inputs=11|1;C_total=12,,,excluded_impossible,hart 1's tile has no P-extension (PynqZ2Configs.scala:220 WithPExtOnTiles(0) names hart 0 only); this kernel's body is custom-0 throughout and holds no hart-1-executable alternative -- it would take an illegal instruction
2228,moonshine$dispatch_2228_permute4_s8,,,1000000000,us,1000000000000,0,,excluded_impossible,permute4_s8,d0=1;d1=12;d2=8;d3=36;p0=0;p1=2;p2=1;p3=3,,,excluded_impossible,hart 1's tile has no P-extension (PynqZ2Configs.scala:220 WithPExtOnTiles(0) names hart 0 only); this kernel's body is custom-0 throughout and holds no hart-1-executable alternative -- it would take an illegal instruction
2229,moonshine$dispatch_2229_permute4_s8,,,1000000000,us,1000000000000,0,,excluded_impossible,permute4_s8,d0=1;d1=12;d2=8;d3=36;p0=0;p1=2;p2=1;p3=3,,,excluded_impossible,hart 1's tile has no P-extension (PynqZ2Configs.scala:220 WithPExtOnTiles(0) names hart 0 only); this kernel's body is custom-0 throughout and holds no hart-1-executable alternative -- it would take an illegal instruction
2230,moonshine$dispatch_2230_matmul_b_s8,,,1000000000,us,1000000000000,0,,excluded_impossible,matmul_b_s8,B=8;M=1;K=36;N=12;transpose_b=1,,,excluded_impossible,hart 1's tile has no P-extension (PynqZ2Configs.scala:220 WithPExtOnTiles(0) names hart 0 only); this kernel's body is custom-0 throughout and holds no hart-1-executable alternative -- it would take an illegal instruction
2231,moonshine$dispatch_2231_softmax_s8,,,1000000000,us,1000000000000,0,,excluded_impossible,softmax_s8,M=8;K=12,,,excluded_impossible,hart 1's tile has no P-extension (PynqZ2Configs.scala:220 WithPExtOnTiles(0) names hart 0 only); this kernel's body is custom-0 throughout and holds no hart-1-executable alternative -- it would take an illegal instruction
2232,moonshine$dispatch_2232_matmul_b_s8,,,1000000000,us,1000000000000,0,,excluded_impossible,matmul_b_s8,B=8;M=1;K=12;N=36;transpose_b=0,,,excluded_impossible,hart 1's tile has no P-extension (PynqZ2Configs.scala:220 WithPExtOnTiles(0) names hart 0 only); this kernel's body is custom-0 throughout and holds no hart-1-executable alternative -- it would take an illegal instruction
2233,moonshine$dispatch_2233_linear_s8,,,0.594521273,ms,594521.273,0,,board_measured_b1_scaled_by_measured_region_factor_0.5883,linear_s8,M=1;K=288;N=288,23781,roccmoon_engine[curated],measured,
2234,moonshine$dispatch_2234_add_s8,,,1000000000,us,1000000000000,0,,excluded_impossible,add_s8,n=288,,,excluded_impossible,hart 1's tile has no P-extension (PynqZ2Configs.scala:220 WithPExtOnTiles(0) names hart 0 only); this kernel's body is custom-0 throughout and holds no hart-1-executable alternative -- it would take an illegal instruction
2235,moonshine$dispatch_2235_layernorm_s8,,,1000000000,us,1000000000000,0,,excluded_impossible,layernorm_s8,M=1;K=288,,,excluded_impossible,hart 1's tile has no P-extension (PynqZ2Configs.scala:220 WithPExtOnTiles(0) names hart 0 only); this kernel's body is custom-0 throughout and holds no hart-1-executable alternative -- it would take an illegal instruction
2236,moonshine$dispatch_2236_linear_s8,,,0.556472970,ms,556472.970,0,,board_measured_b1_scaled_by_measured_region_factor_0.5883,linear_s8,M=1;K=288;N=288,22259,roccmoon_engine[curated],measured,
2237,moonshine$dispatch_2237_matmul_b_s8,,,1000000000,us,1000000000000,0,,excluded_impossible,matmul_b_s8,B=8;M=1;K=36;N=165;transpose_b=1,,,excluded_impossible,hart 1's tile has no P-extension (PynqZ2Configs.scala:220 WithPExtOnTiles(0) names hart 0 only); this kernel's body is custom-0 throughout and holds no hart-1-executable alternative -- it would take an illegal instruction
2238,moonshine$dispatch_2238_softmax_s8,,,1000000000,us,1000000000000,0,,excluded_impossible,softmax_s8,M=8;K=165,,,excluded_impossible,hart 1's tile has no P-extension (PynqZ2Configs.scala:220 WithPExtOnTiles(0) names hart 0 only); this kernel's body is custom-0 throughout and holds no hart-1-executable alternative -- it would take an illegal instruction
2239,moonshine$dispatch_2239_matmul_b_s8,,,1000000000,us,1000000000000,0,,excluded_impossible,matmul_b_s8,B=8;M=1;K=165;N=36;transpose_b=1,,,excluded_impossible,hart 1's tile has no P-extension (PynqZ2Configs.scala:220 WithPExtOnTiles(0) names hart 0 only); this kernel's body is custom-0 throughout and holds no hart-1-executable alternative -- it would take an illegal instruction
2240,moonshine$dispatch_2240_linear_s8,,,0.586858665,ms,586858.665,0,,board_measured_b1_scaled_by_measured_region_factor_0.5883,linear_s8,M=1;K=288;N=288,23474,roccmoon_engine[curated],measured,
2241,moonshine$dispatch_2241_add_s8,,,1000000000,us,1000000000000,0,,excluded_impossible,add_s8,n=288,,,excluded_impossible,hart 1's tile has no P-extension (PynqZ2Configs.scala:220 WithPExtOnTiles(0) names hart 0 only); this kernel's body is custom-0 throughout and holds no hart-1-executable alternative -- it would take an illegal instruction
2242,moonshine$dispatch_2242_layernorm_s8,,,1000000000,us,1000000000000,0,,excluded_impossible,layernorm_s8,M=1;K=288,,,excluded_impossible,hart 1's tile has no P-extension (PynqZ2Configs.scala:220 WithPExtOnTiles(0) names hart 0 only); this kernel's body is custom-0 throughout and holds no hart-1-executable alternative -- it would take an illegal instruction
2243,moonshine$dispatch_2243_linear_s8,,,1.260873975,ms,1260873.975,0,,board_measured_b1_scaled_by_measured_region_factor_0.5883,linear_s8,M=1;K=288;N=1152,50435,roccmoon_engine[curated],measured,
2244,moonshine$dispatch_2244_silu_s8,,,1000000000,us,1000000000000,0,,excluded_impossible,silu_s8,n=1152,,,excluded_impossible,hart 1's tile has no P-extension (PynqZ2Configs.scala:220 WithPExtOnTiles(0) names hart 0 only); this kernel's body is custom-0 throughout and holds no hart-1-executable alternative -- it would take an illegal instruction
2245,moonshine$dispatch_2245_linear_s8,,,1.282155727,ms,1282155.728,0,,board_measured_b1_scaled_by_measured_region_factor_0.5883,linear_s8,M=1;K=288;N=1152,51286,roccmoon_engine[curated],measured,
2246,moonshine$dispatch_2246_mul_s8,,,1000000000,us,1000000000000,0,,excluded_impossible,mul_s8,n=1152,,,excluded_impossible,hart 1's tile has no P-extension (PynqZ2Configs.scala:220 WithPExtOnTiles(0) names hart 0 only); this kernel's body is custom-0 throughout and holds no hart-1-executable alternative -- it would take an illegal instruction
2247,moonshine$dispatch_2247_linear_s8,,,1.284214778,ms,1284214.778,0,,board_measured_b1_scaled_by_measured_region_factor_0.5883,linear_s8,M=1;K=1152;N=288,51369,roccmoon_engine[curated],measured,
2248,moonshine$dispatch_2248_add_s8,,,1000000000,us,1000000000000,0,,excluded_impossible,add_s8,n=288,,,excluded_impossible,hart 1's tile has no P-extension (PynqZ2Configs.scala:220 WithPExtOnTiles(0) names hart 0 only); this kernel's body is custom-0 throughout and holds no hart-1-executable alternative -- it would take an illegal instruction
2249,moonshine$dispatch_2249_layernorm_s8,,,1000000000,us,1000000000000,0,,excluded_impossible,layernorm_s8,M=1;K=288,,,excluded_impossible,hart 1's tile has no P-extension (PynqZ2Configs.scala:220 WithPExtOnTiles(0) names hart 0 only); this kernel's body is custom-0 throughout and holds no hart-1-executable alternative -- it would take an illegal instruction
2250,moonshine$dispatch_2250_linear_s8,,,14.180030220,ms,14180030.220,0,,board_measured_b1_scaled_by_measured_region_factor_0.5883,linear_s8,M=1;K=288;N=16384,567201,roccmoon_engine[curated],measured,
2251,moonshine$dispatch_2251_linear_s8,,,14.112434550,ms,14112434.550,0,,board_measured_b1_scaled_by_measured_region_factor_0.5883,linear_s8,M=1;K=288;N=16384,564497,roccmoon_engine[curated],measured,
2252,moonshine$dispatch_2252_cat2_c1_s8,,,1000000000,us,1000000000000,0,,excluded_impossible,cat2_c1_s8,N=1;H=1;W=1;C_inputs=16384|16384;C_total=32768,,,excluded_impossible,hart 1's tile has no P-extension (PynqZ2Configs.scala:220 WithPExtOnTiles(0) names hart 0 only); this kernel's body is custom-0 throughout and holds no hart-1-executable alternative -- it would take an illegal instruction
